tree
version=v4
num_class=1
num_tree_per_iteration=1
label_index=0
max_feature_idx=18
objective=regression
feature_names=cdh_total hdh_total temp_mean temp_max temp_min cdh_daytime hdh_daytime cdh_evening hdh_evening cdh_night hdh_night humidity_mean wind_speed_mean solar_mj_mean month year months_since_start daylight_hours temp_loss
feature_infos=[0:3775.8497299999995] [0:11880.350780000001] [-0.96803647849462349:29.062491330645159] [9.9214599999999997:35.681500000000007] [-15.4664:23.079219999999999] [0:2022.62842] [0:3914.12057] [0:816.48136999999997] [0:2388.3677200000002] [0:936.73994000000005] [0:5577.8624899999995] [51.058475446428567:82.275393198924746] [1.9545680779569894:2.8411238611111109] [0.71656210190825487:1.6564949729032259] [1:12] [2022:2024] [0:35] [9.5:14.800000000000001] [0.98375003467741939:1]
tree_sizes=983 1012 1006 1009 1088 1077 1076 1075 1091 1090 1083 1090 1090 1004 1126 1014 1085 1122 1119 1084 1118 1132 1158 1122 1162 949 954 1070 1109 1122 1186 1062 1189 1046 1188 1044 1088 1043 953 1032 1090 1138 1028 1087 1142 893 1030 1141 954 949 1007 1105 1065 1009 1002 1105 1081 1084 1002 1032 1107 1100 1105 1138 1003 1102 1106 1088 1140 1117 1125 1113 1125 1143 1048 1107 1031 1081 1030 1106 1077 1030 1108 1117 1027 1136 1065 1066 1033 1051 1133 1054 1015 966 1027 1063 1067 1127 1027 1066 1031 962 1028 1114 1154 1033 1049 1031 1138 1028 1204 1049 1029 1123 1042 1001 1037 1081 1011 1098 1064 1122 1029 1124 1024 1011 1168 1024 1124 1050 1115 1136 1037 1101 1012 1125 1099 1045 1126 1019 1017 1131 1106 1037 1015 1123 1019 1024 1046 1113 1100 1118 1012 1094 1073 1118 1035 1028 1008 1148 1121 1105 1059 1093 1039 1140 1039 1084 1042 1094 1082 1059 1115 1197 1067 1038 1028 1052 1084 1118 1019 1162 1038 1081 1118 1137 1049 1117 1085 1124 1024 1109 1026 1043 1024 1054 1125 1126 1054 1022 1092 1109 1061 1119 1070 1084 1118 1110 1039 1121 1167 1106 1010 1065 1098 1110 1106 1018 1025 1102 1111 1113 1107 1099 1098 1012 1100 1098 1044 1063 1090 1092 1082 1011 1086 1089 1101 1092 1082 1004 1057 1027 1095 1007 1112 1079 1088 1055 1003 1019 975 996 1013 1110 1147 1116 1169 1109 1002 1078 1016 1095 992 1081 1005 1005 1105 1082 1009 1010 1150 1108 1081 1010 1100 1063 1107 1010 1012 1086 1006 1032 1095 1075 1104 1085 1105 1103 993 1079 1105 1082 1074 1085 1079

Tree=0
num_leaves=10
num_cat=0
split_feature=13 13 4 13 13 15 17 1 13
split_gain=3.07543e+11 6.67176e+10 5.37777e+10 2.53725e+10 2.29441e+10 9.8409e+09 3.79245e+09 1.94311e+09 1.20913e+09
threshold=1.1210109087005007 1.4706759625324868 -2.261744999999999 1.2514719605733744 0.85175124721785467 2022.5000000000002 14.350000000000001 10031.083400000001 1.3200699465574621
decision_type=2 2 2 2 2 2 2 2 2
left_child=2 3 4 5 -1 -2 -4 -6 -5
right_child=1 -3 6 8 7 -7 -8 -9 -10
leaf_value=520188.72378472227 530645.46108940977 542341.09045138897 528503.88362847222 537401.35711805557 526136.48623589415 533972.7736675347 530752.57359754771 524453.12378472229 535981.7737847222
leaf_weight=3.0000000000000018 4.0000000000000018 2.9999999999999991 5 2.9999999999999991 4 5 3 3 3
leaf_count=3 4 3 5 3 4 5 3 3 3
internal_value=530913 535534 526292 534173 523847 532494 529347 525415 536692
internal_weight=36 18 18 15 10 9 8 7 6
internal_count=36 18 18 15 10 9 8 7 6
is_linear=0
shrinkage=1


Tree=1
num_leaves=10
num_cat=0
split_feature=13 13 4 13 13 15 17 1 13
split_gain=2.77558e+11 6.02126e+10 4.85343e+10 2.28987e+10 2.07071e+10 8.88141e+09 3.42269e+09 1.75366e+09 1.09124e+09
threshold=1.1210109087005007 1.4706759625324868 -2.261744999999999 1.2514719605733744 0.85175124721785467 2022.5000000000002 14.350000000000001 10031.083400000001 1.3200699465574621
decision_type=2 2 2 2 2 2 2 2 2
left_child=2 3 4 5 -1 -2 -4 -6 -5
right_child=1 -3 6 8 7 -7 -8 -9 -10
leaf_value=-10188.035937499992 -254.13554687499982 10856.711979166668 -2288.6341406249994 6163.9653645833341 -4537.6617187499996 2906.8113281249998 -152.37870279947913 -6136.8562499999989 4815.3613281249991
leaf_weight=3.0000000000000018 4.0000000000000018 2.9999999999999991 5 2.9999999999999991 4 5 3 3 3
leaf_count=3 4 3 5 3 4 5 3 3 3
internal_value=6.10352e-06 4390.31 -4390.31 3097.03 -6712.53 1501.95 -1487.54 -5223.03 5489.66
internal_weight=36 18 18 15 10 9 8 7 6
internal_count=36 18 18 15 10 9 8 7 6
is_linear=0
shrinkage=0.05


Tree=2
num_leaves=10
num_cat=0
split_feature=13 13 4 13 13 15 13 1 1
split_gain=2.50496e+11 5.43419e+10 4.38022e+10 2.06661e+10 1.86881e+10 8.01547e+09 3.15016e+09 1.58268e+09 1.12469e+09
threshold=1.1210109087005007 1.4706759625324868 -2.261744999999999 1.2514719605733744 0.85175124721785467 2022.5000000000002 0.97347757341424435 10031.083400000001 785.36652500000002
decision_type=2 2 2 2 2 2 2 2 2
left_child=2 3 4 5 -1 -2 -4 -6 -5
right_child=1 -3 6 8 7 -7 -8 -9 -10
leaf_value=-9678.6343749999924 -241.42874755859359 10313.876822916667 -2694.0624999999995 5899.7401041666672 -4310.7788574218748 2761.470703125 -644.62085449218739 -5830.0132812499987 4530.6204427083321
leaf_weight=3.0000000000000018 4.0000000000000018 2.9999999999999991 3 2.9999999999999991 4 5 5 3 3
leaf_count=3 4 3 3 3 4 5 5 3 3
internal_value=1.28852e-05 4170.8 -4170.8 2942.18 -6376.91 1426.85 -1413.16 -4961.88 5215.18
internal_weight=36 18 18 15 10 9 8 7 6
internal_count=36 18 18 15 10 9 8 7 6
is_linear=0
shrinkage=0.05


Tree=3
num_leaves=10
num_cat=0
split_feature=13 13 4 13 13 15 17 1 13
split_gain=2.26073e+11 4.90436e+10 3.95315e+10 1.86512e+10 1.6866e+10 7.23396e+09 2.90465e+09 1.42837e+09 1.02024e+09
threshold=1.1210109087005007 1.4706759625324868 -2.261744999999999 1.2514719605733744 0.85175124721785467 2022.5000000000002 14.350000000000001 10031.083400000001 1.3200699465574621
decision_type=2 2 2 2 2 2 2 2 2
left_child=2 3 4 5 -1 -2 -4 -6 -5
right_child=1 -3 6 8 7 -7 -8 -9 -10
leaf_value=-9194.702343749992 -229.35737304687487 9798.1830729166668 -2080.4882031249995 5606.4174479166668 -4095.2398437499996 2623.3972656249998 -112.52871093749998 -5538.5128906249993 4302.4248697916655
leaf_weight=3.0000000000000018 4.0000000000000018 2.9999999999999991 5 2.9999999999999991 4 5 3 3 3
leaf_count=3 4 3 5 3 4 5 3 3 3
internal_value=2.17014e-05 3962.26 -3962.26 2795.07 -6058.06 1355.51 -1342.5 -4713.79 4954.42
internal_weight=36 18 18 15 10 9 8 7 6
internal_count=36 18 18 15 10 9 8 7 6
is_linear=0
shrinkage=0.05


Tree=4
num_leaves=11
num_cat=0
split_feature=17 13 16 13 13 15 14 11 17 0
split_gain=2.04418e+11 7.36731e+10 1.85779e+10 1.85679e+10 1.17532e+10 2.3562e+09 2.05605e+09 1.74382e+09 1.59305e+09 8.73606e+08
threshold=11.000000000000002 1.2514719605733744 27.500000000000004 0.85175124721785467 1.1210109087005007 2022.5000000000002 1.5000000000000002 61.295838864734314 14.350000000000001 1.0000000180025095e-35
decision_type=2 2 2 2 2 2 2 2 2 2
left_child=3 4 7 -1 8 -6 -5 -3 -2 -8
right_child=1 2 -4 6 5 -7 9 -9 -10 -11
leaf_value=-8734.9671875000004 -1631.1084960937487 5486.6433593750016 9453.1966145833303 -5261.587109375002 719.77304687499986 2492.2273437499998 -3055.1191406249995 3781.8341145833324 -106.90228678385414 -4261.7717447916657
leaf_weight=2.9999999999999991 4.0000000000000027 2.9999999999999982 3 2.9999999999999982 3 5 3 3 3 3
leaf_count=3 4 3 3 3 3 5 3 3 3 3
internal_value=4.815e-05 2664.18 6240.56 -5328.36 518.354 1827.56 -4192.83 4634.24 -977.877 -3658.45
internal_weight=36 24 9 12 15 8 9 6 7 6
internal_count=36 24 9 12 15 8 9 6 7 6
is_linear=0
shrinkage=0.05


Tree=5
num_leaves=11
num_cat=0
split_feature=17 13 16 13 13 16 1 11 17 1
split_gain=1.84488e+11 6.649e+10 1.67665e+10 1.67576e+10 1.06073e+10 2.13858e+09 1.85559e+09 1.5738e+09 1.43773e+09 7.8843e+08
threshold=11.000000000000002 1.2514719605733744 27.500000000000004 0.85175124721785467 1.1210109087005007 18.500000000000004 10031.083400000001 61.295838864734314 14.350000000000001 5472.913485
decision_type=2 2 2 2 2 2 2 2 2 2
left_child=3 4 7 -1 8 -6 9 -3 -2 -5
right_child=1 2 -4 6 5 -7 -8 -9 -10 -11
leaf_value=-8298.2195312500007 -1549.5530273437487 5212.3112630208352 8980.5367187499978 -4048.6831380208346 918.67978515624986 2553.6785156249994 -4998.5078124999991 3592.7423177083324 -101.55716959635414 -2902.3632812499995
leaf_weight=2.9999999999999991 4.0000000000000027 2.9999999999999982 3 2.9999999999999982 4 4 3 3 3 3
leaf_count=3 4 3 3 3 4 4 3 3 3 3
internal_value=-2.23796e-05 2530.97 5928.53 -5061.94 492.437 1736.18 -3983.18 4402.53 -928.983 -3475.52
internal_weight=36 24 9 12 15 8 9 6 7 6
internal_count=36 24 9 12 15 8 9 6 7 6
is_linear=0
shrinkage=0.05


Tree=6
num_leaves=11
num_cat=0
split_feature=17 13 16 13 13 15 1 11 17 1
split_gain=1.665e+11 6.00072e+10 1.51318e+10 1.51237e+10 9.57307e+09 1.96449e+09 1.67467e+09 1.42036e+09 1.29755e+09 7.11558e+08
threshold=11.000000000000002 1.2514719605733744 27.500000000000004 0.85175124721785467 1.1210109087005007 2022.5000000000002 10031.083400000001 61.295838864734314 14.350000000000001 5472.913485
decision_type=2 2 2 2 2 2 2 2 2 2
left_child=3 4 7 -1 8 -6 9 -3 -2 -5
right_child=1 2 -4 6 5 -7 -8 -9 -10 -11
leaf_value=-7883.3084635416672 -1472.0754150390612 4951.6956380208358 8531.509895833331 -3846.2490885416682 637.85039062499982 2256.2820312499998 -4748.5824218749985 3413.1052083333325 -96.479296874999974 -2757.2450520833327
leaf_weight=2.9999999999999991 4.0000000000000027 2.9999999999999982 3 2.9999999999999982 3 5 3 3 3 3
leaf_count=3 4 3 3 3 3 5 3 3 3 3
internal_value=-2.98394e-05 2404.42 5632.1 -4808.85 467.815 1649.37 -3784.03 4182.4 -882.534 -3301.75
internal_weight=36 24 9 12 15 8 9 6 7 6
internal_count=36 24 9 12 15 8 9 6 7 6
is_linear=0
shrinkage=0.05


Tree=7
num_leaves=11
num_cat=0
split_feature=17 13 13 13 13 16 1 17 1 1
split_gain=1.50266e+11 5.41565e+10 1.40927e+10 1.36491e+10 8.6397e+09 1.78218e+09 1.51139e+09 1.17104e+09 8.85545e+08 6.42181e+08
threshold=11.000000000000002 1.2514719605733744 1.4706759625324868 0.85175124721785467 1.1210109087005007 18.500000000000004 10031.083400000001 14.350000000000001 785.36652500000002 5472.913485
decision_type=2 2 2 2 2 2 2 2 2 2
left_child=3 4 8 -1 7 -6 9 -2 -3 -5
right_child=1 2 -4 6 5 -7 -8 -9 -10 -11
leaf_value=-7489.1429687500004 -1398.4716186523426 4558.8886067708354 8148.5877604166644 -3653.9366536458347 820.62288818359366 2313.1804687499998 -4511.1531249999989 -91.655322265624989 3344.0186848958324 -2619.3828124999995
leaf_weight=2.9999999999999991 4.0000000000000027 2.9999999999999982 3 2.9999999999999982 4 4 3 3 3 3
leaf_count=3 4 3 3 3 4 4 3 3 3 3
internal_value=-1.49197e-05 2284.2 5350.5 -4568.4 444.424 1566.9 -3594.82 -838.407 3951.45 -3136.66
internal_weight=36 24 9 12 15 8 9 7 6 6
internal_count=36 24 9 12 15 8 9 7 6 6
is_linear=0
shrinkage=0.05


Tree=8
num_leaves=11
num_cat=0
split_feature=17 13 16 13 13 15 14 11 17 0
split_gain=1.35615e+11 4.88763e+10 1.2874e+10 1.23184e+10 7.79733e+09 1.63794e+09 1.36403e+09 1.21339e+09 1.05686e+09 5.79568e+08
threshold=11.000000000000002 1.2514719605733744 27.500000000000004 0.85175124721785467 1.1210109087005007 2022.5000000000002 1.5000000000000002 61.295838864734314 14.350000000000001 1.0000000180025095e-35
decision_type=2 2 2 2 2 2 2 2 2 2
left_child=3 4 7 -1 8 -6 -5 -3 -2 -8
right_child=1 2 -4 6 5 -7 9 -9 -10 -11
leaf_value=-7114.6858072916675 -1328.5480224609364 4456.8337239583343 7757.333463541665 -4285.5957031250018 564.92674153645817 2042.7345117187497 -2488.4136718749996 3034.7532552083326 -87.072591145833314 -3471.2397786458323
leaf_weight=2.9999999999999991 4.0000000000000027 2.9999999999999982 3 2.9999999999999982 3 5 3 3 3 3
leaf_count=3 4 3 3 3 3 5 3 3 3 3
internal_value=-1.76324e-05 2169.99 5082.97 -4339.98 422.203 1488.56 -3415.08 3745.79 -796.487 -2979.83
internal_weight=36 24 9 12 15 8 9 6 7 6
internal_count=36 24 9 12 15 8 9 6 7 6
is_linear=0
shrinkage=0.05


Tree=9
num_leaves=11
num_cat=0
split_feature=17 13 13 13 13 16 1 17 1 0
split_gain=1.22393e+11 4.41108e+10 1.19766e+10 1.11173e+10 7.03709e+09 1.48515e+09 1.23103e+09 9.53821e+08 7.56434e+08 5.2306e+08
threshold=11.000000000000002 1.2514719605733744 1.4706759625324868 0.85175124721785467 1.1210109087005007 18.500000000000004 10031.083400000001 14.350000000000001 785.36652500000002 1.0000000180025095e-35
decision_type=2 2 2 2 2 2 2 2 2 2
left_child=3 4 8 -1 7 -6 9 -2 -3 -5
right_child=1 2 -4 6 5 -7 -8 -9 -10 -11
leaf_value=-6758.9514322916675 -1262.1206420898427 4100.4966145833341 7408.3001302083321 -2363.9929687500007 732.87277832031236 2095.3847412109371 -4071.3156249999988 -82.718945312499983 2977.6774088541661 -3297.6777343749995
leaf_weight=2.9999999999999991 4.0000000000000027 2.9999999999999982 3 2.9999999999999982 4 4 3 3 3 3
leaf_count=3 4 3 3 3 4 4 3 3 3 3
internal_value=-4.06901e-06 2061.49 4828.82 -4122.98 401.093 1414.13 -3244.33 -756.663 3539.09 -2830.84
internal_weight=36 24 9 12 15 8 9 7 6 6
internal_count=36 24 9 12 15 8 9 7 6 6
is_linear=0
shrinkage=0.05


Tree=10
num_leaves=11
num_cat=0
split_feature=17 13 16 13 13 15 14 11 17 0
split_gain=1.1046e+11 3.981e+10 1.09532e+10 1.00334e+10 6.35097e+09 1.36569e+09 1.11101e+09 1.03684e+09 8.60823e+08 4.72062e+08
threshold=11.000000000000002 1.2514719605733744 27.500000000000004 0.85175124721785467 1.1210109087005007 2022.5000000000002 1.5000000000000002 61.295838864734314 14.350000000000001 1.0000000180025095e-35
decision_type=2 2 2 2 2 2 2 2 2 2
left_child=3 4 7 -1 8 -6 -5 -3 -2 -8
right_child=1 2 -4 6 5 -7 9 -9 -10 -11
leaf_value=-6421.00390625 -1199.0146240234365 4011.2644531250016 7054.1816406249991 -3867.7500000000018 500.03675130208325 1849.4536132812498 -2245.7933593749995 2696.7044270833326 -78.58299967447914 -3132.794010416666
leaf_weight=2.9999999999999991 4.0000000000000027 2.9999999999999982 3 2.9999999999999982 3 5 3 3 3 3
leaf_count=3 4 3 3 3 3 5 3 3 3 3
internal_value=-4.00119e-05 1958.42 4587.38 -3916.84 381.038 1343.42 -3082.11 3353.98 -718.83 -2689.29
internal_weight=36 24 9 12 15 8 9 6 7 6
internal_count=36 24 9 12 15 8 9 6 7 6
is_linear=0
shrinkage=0.05


Tree=11
num_leaves=11
num_cat=0
split_feature=17 13 13 13 13 16 14 16 1 0
split_gain=9.96897e+10 3.59285e+10 1.01777e+10 9.05512e+09 5.73175e+09 1.2376e+09 1.00268e+09 8.4887e+08 6.46308e+08 4.26036e+08
threshold=11.000000000000002 1.2514719605733744 1.4706759625324868 0.85175124721785467 1.1210109087005007 18.500000000000004 1.5000000000000002 18.500000000000004 785.36652500000002 1.0000000180025095e-35
decision_type=2 2 2 2 2 2 2 2 2 2
left_child=3 4 8 -1 7 -6 -5 -2 -3 -8
right_child=1 2 -4 6 5 -7 9 -9 -10 -11
leaf_value=-6099.9536458333341 -1159.7276428222647 3688.0121093750017 6735.8912760416642 -3674.3625000000011 654.35959472656236 1898.1427734374997 -2133.5037109374994 -47.102197265624994 2650.1395833333327 -2976.1542317708327
leaf_weight=2.9999999999999991 4.0000000000000027 2.9999999999999982 3 2.9999999999999982 4 4 3 3 3 3
leaf_count=3 4 3 3 3 4 4 3 3 3 3
internal_value=-2.91612e-05 1860.5 4358.01 -3720.99 361.986 1276.25 -2928.01 -682.888 3169.08 -2554.83
internal_weight=36 24 9 12 15 8 9 7 6 6
internal_count=36 24 9 12 15 8 9 7 6 6
is_linear=0
shrinkage=0.05


Tree=12
num_leaves=11
num_cat=0
split_feature=17 13 16 13 13 15 14 11 17 0
split_gain=8.997e+10 3.24255e+10 9.31909e+09 8.17225e+09 5.17291e+09 1.13873e+09 9.04923e+08 8.86219e+08 7.90487e+08 3.84497e+08
threshold=11.000000000000002 1.2514719605733744 27.500000000000004 0.85175124721785467 1.1210109087005007 2022.5000000000002 1.5000000000000002 61.295838864734314 14.350000000000001 1.0000000180025095e-35
decision_type=2 2 2 2 2 2 2 2 2 2
left_child=3 4 7 -1 8 -6 -5 -3 -2 -8
right_child=1 2 -4 6 5 -7 9 -9 -10 -11
leaf_value=-5794.9559895833336 -1108.8931396484365 3610.0983072916679 6415.476041666665 -3490.6444661458345 442.31691080729155 1674.5116992187498 -2026.8285156249995 2394.7665364583327 -35.211181640624993 -2827.3464843749994
leaf_weight=2.9999999999999991 4.0000000000000027 2.9999999999999982 3 2.9999999999999982 3 5 3 3 3 3
leaf_count=3 4 3 3 3 3 5 3 3 3 3
internal_value=-1.6276e-05 1767.47 4140.11 -3534.94 343.887 1212.44 -2781.61 3002.43 -648.744 -2427.09
internal_weight=36 24 9 12 15 8 9 6 7 6
internal_count=36 24 9 12 15 8 9 6 7 6
is_linear=0
shrinkage=0.05


Tree=13
num_leaves=10
num_cat=0
split_feature=17 13 13 13 13 16 17 16 1
split_gain=8.11979e+10 2.9264e+10 8.64853e+09 7.37545e+09 4.66855e+09 1.03128e+09 8.391e+08 7.7913e+08 5.52359e+08
threshold=11.000000000000002 1.2514719605733744 1.4706759625324868 0.85175124721785467 1.1210109087005007 18.500000000000004 9.9500000000000011 18.500000000000004 785.36652500000002
decision_type=2 2 2 2 2 2 2 2 2
left_child=3 4 8 -1 7 -6 -5 -2 -3
right_child=1 2 -4 6 5 -7 -8 -9 -10
leaf_value=-5505.2080729166664 -1073.1386108398428 3316.8614583333347 6125.0794270833321 -3182.2986328125007 584.12333984374993 1719.5101074218746 -2210.7081640624997 -7.1971598307291647 2357.3832031249995
leaf_weight=2.9999999999999991 4.0000000000000027 2.9999999999999982 3 3.9999999999999982 4 4 5 3 3
leaf_count=3 4 3 3 4 4 4 5 3 3
internal_value=1.55979e-05 1679.1 3933.11 -3358.2 326.693 1151.82 -2642.53 -616.307 2837.12
internal_weight=36 24 9 12 15 8 9 7 6
internal_count=36 24 9 12 15 8 9 7 6
is_linear=0
shrinkage=0.05


Tree=14
num_leaves=11
num_cat=0
split_feature=13 13 16 13 15 12 4 17 11 1
split_gain=7.3374e+10 2.63859e+10 7.92893e+09 6.64316e+09 4.19662e+09 2.22745e+09 1.88368e+09 7.94779e+08 7.57692e+08 4.20793e+07
threshold=0.97347757341424435 1.2514719605733744 27.500000000000004 0.85175124721785467 2023.5000000000002 2.2236318194103561 -2.261744999999999 12.800000000000002 61.295838864734314 10031.083400000001
decision_type=2 2 2 2 2 2 2 2 2 2
left_child=3 4 8 -1 5 -2 9 -7 -3 -5
right_child=1 2 -4 6 -6 7 -8 -9 -10 -11
leaf_value=-5229.9476562500004 699.83623535156221 3248.9292968750015 5835.2519531249991 -2892.1725911458334 1984.6219401041669 -1143.3154052734374 -1490.1133138020834 -66.721988932291652 2125.1764322916661 -3156.9972656249993
leaf_weight=2.9999999999999991 5.0000000000000018 2.9999999999999982 3 2.9999999999999991 2.9999999999999991 4 2.9999999999999991 3 3 3
leaf_count=3 5 3 3 3 3 4 3 3 3 3
internal_value=-6.78168e-07 1596.15 3736.45 -3192.31 311.975 -106.187 -2513.09 -681.918 2687.05 -3024.58
internal_weight=36 24 9 12 15 12 9 7 6 6
internal_count=36 24 9 12 15 12 9 7 6 6
is_linear=0
shrinkage=0.05


Tree=15
num_leaves=10
num_cat=0
split_feature=13 13 4 15 13 13 12 13 11
split_gain=6.65262e+10 1.68505e+10 1.2065e+10 5.04478e+09 4.73092e+09 2.6998e+09 1.41547e+09 9.77437e+08 4.14687e+08
threshold=1.1210109087005007 1.4706759625324868 -2.261744999999999 2023.5000000000002 0.85175124721785467 1.2514719605733744 2.3700680835086492 0.97347757341424435 58.923948362859164
decision_type=2 2 2 2 2 2 2 2 2
left_child=2 3 4 5 -1 6 -2 -4 -6
right_child=1 -3 7 -5 8 -7 -8 -9 -10
leaf_value=-4968.4502604166628 935.90419921874945 5570.1680989583338 -1415.6076660156248 2985.8219238281254 -2150.8796223958329 1948.5273437499998 -500.83764648437483 -274.00808593749997 -2928.5378906249994
leaf_weight=3.0000000000000018 4.0000000000000018 2.9999999999999991 3 3.9999999999999991 3 4 3 5 4
leaf_count=3 4 3 3 4 3 4 3 5 4
internal_value=1.6276e-05 2149.39 -2149.39 1465.23 -3307.21 912.292 320.158 -702.108 -2595.26
internal_weight=36 18 18 15 10 11 7 8 7
internal_count=36 18 18 15 10 11 7 8 7
is_linear=0
shrinkage=0.05


Tree=16
num_leaves=11
num_cat=0
split_feature=17 13 16 13 13 1 16 11 14 0
split_gain=6.00426e+10 2.15986e+10 6.6891e+09 5.37144e+09 3.58438e+09 8.28005e+08 6.35791e+08 6.29751e+08 6.2373e+08 2.94496e+08
threshold=11.000000000000002 1.2514719605733744 27.500000000000004 0.85175124721785467 1.1210109087005007 785.36652500000002 18.500000000000004 61.295838864734314 1.5000000000000002 1.0000000180025095e-35
decision_type=2 2 2 2 2 2 2 2 2 2
left_child=3 4 7 -1 6 -6 -2 -3 -5 -10
right_child=1 2 -4 8 5 -7 -8 -9 9 -11
leaf_value=-4720.0277343750004 -956.92541503906159 2928.6958333333346 5308.0533854166652 -2865.6814453125007 611.00610351562489 1661.7232096354162 5.984041341145832 1904.2029947916662 -1632.4017903645829 -2332.9914388020825
leaf_weight=2.9999999999999991 4.0000000000000027 2.9999999999999982 3 2.9999999999999982 5 3 3 3 3 3
leaf_count=3 4 3 3 3 5 3 3 3 3 3
internal_value=6.78168e-07 1443.89 3380.32 -2887.78 282.03 1005.03 -544.25 2416.45 -2277.02 -1982.7
internal_weight=36 24 9 12 15 8 7 6 9 6
internal_count=36 24 9 12 15 8 7 6 9 6
is_linear=0
shrinkage=0.05


Tree=17
num_leaves=11
num_cat=0
split_feature=13 13 13 13 15 12 4 12 1 1
split_gain=5.45059e+10 1.94078e+10 6.19125e+09 4.80313e+09 3.27719e+09 1.63385e+09 1.40591e+09 6.68094e+08 4.48465e+08 2.72911e+07
threshold=0.97347757341424435 1.2514719605733744 1.4706759625324868 0.85175124721785467 2023.5000000000002 2.2236318194103561 -2.261744999999999 2.5936450138888891 785.36652500000002 10031.083400000001
decision_type=2 2 2 2 2 2 2 2 2 2
left_child=3 4 8 -1 5 -2 9 -7 -3 -5
right_child=1 2 -4 6 -6 7 -8 -9 -10 -11
leaf_value=-4484.0264973958338 595.14108398437463 2716.2692708333343 5065.9131510416655 -2509.1249348958336 1752.4516927083332 -1011.2924682617186 -1290.0951009114585 -24.224381510416663 1851.7222656249994 -2722.3973307291658
leaf_weight=2.9999999999999991 5.0000000000000018 2.9999999999999982 3 2.9999999999999991 2.9999999999999991 4 2.9999999999999991 3 3 3
leaf_count=3 5 3 3 3 3 4 3 3 3 3
internal_value=-1.35634e-06 1375.71 3211.3 -2751.41 274.348 -95.1781 -2173.87 -588.263 2284 -2615.76
internal_weight=36 24 9 12 15 12 9 7 6 6
internal_count=36 24 9 12 15 12 9 7 6 6
is_linear=0
shrinkage=0.05


Tree=18
num_leaves=11
num_cat=0
split_feature=13 13 16 13 15 12 4 12 11 1
split_gain=4.91916e+10 1.75156e+10 5.6889e+09 4.33482e+09 2.95766e+09 1.47455e+09 1.26884e+09 6.02955e+08 5.3981e+08 2.46302e+07
threshold=0.97347757341424435 1.2514719605733744 27.500000000000004 0.85175124721785467 2023.5000000000002 2.2236318194103561 -2.261744999999999 2.5936450138888891 61.295838864734314 10031.083400000001
decision_type=2 2 2 2 2 2 2 2 2 2
left_child=3 4 8 -1 5 -2 9 -7 -3 -5
right_child=1 2 -4 6 -6 7 -8 -9 -10 -11
leaf_value=-4259.8250651041662 565.38400390624963 2636.105078125001 4828.5157552083319 -2383.6686848958334 1664.8291341145832 -960.72783203124982 -1225.590283203125 -23.01315104166666 1687.5884765624996 -2586.2774088541664
leaf_weight=2.9999999999999991 5.0000000000000018 2.9999999999999982 3 2.9999999999999991 2.9999999999999991 4 2.9999999999999991 3 3 3
leaf_count=3 5 3 3 3 3 4 3 3 3 3
internal_value=6.78168e-06 1306.92 3050.74 -2613.84 260.63 -90.4192 -2065.18 -558.85 2161.85 -2484.97
internal_weight=36 24 9 12 15 12 9 7 6 6
internal_count=36 24 9 12 15 12 9 7 6 6
is_linear=0
shrinkage=0.05


Tree=19
num_leaves=11
num_cat=0
split_feature=17 13 13 13 13 1 17 14 1 12
split_gain=4.45574e+10 1.57646e+10 5.2605e+09 3.88956e+09 2.84784e+09 7.08501e+08 4.81975e+08 4.30433e+08 3.84565e+08 2.84026e+08
threshold=11.000000000000002 1.2514719605733744 1.4706759625324868 0.85175124721785467 1.1210109087005007 785.36652500000002 14.350000000000001 1.5000000000000002 785.36652500000002 2.2705331231665666
decision_type=2 2 2 2 2 2 2 2 2 2
left_child=3 4 8 -1 6 -6 -2 -5 -3 -9
right_child=1 2 -4 7 5 -7 -8 9 -10 -11
leaf_value=-4046.8339192708336 -844.59400634765552 2443.7276692708342 4607.7316406249984 -2456.9635416666674 531.18743164062494 1503.1276041666663 -6.2145996093749982 -1379.438802083333 1643.1395182291662 -2067.462727864583
leaf_weight=2.9999999999999991 4.0000000000000027 2.9999999999999982 3 2.9999999999999982 5 3 3 3 3 3
leaf_count=3 4 3 3 3 5 3 3 3 3 3
internal_value=-9.49436e-06 1243.84 2898.2 -2487.67 251.22 895.665 -485.289 -1967.96 2043.43 -1723.45
internal_weight=36 24 9 12 15 8 7 9 6 6
internal_count=36 24 9 12 15 8 7 9 6 6
is_linear=0
shrinkage=0.05


Tree=20
num_leaves=11
num_cat=0
split_feature=13 13 16 13 15 12 4 12 11 12
split_gain=4.03083e+10 1.42023e+10 4.83821e+09 3.49708e+09 2.56194e+09 1.23601e+09 1.04001e+09 5.29931e+08 4.62917e+08 1.85478e+07
threshold=0.97347757341424435 1.2514719605733744 27.500000000000004 0.85175124721785467 2023.5000000000002 2.2236318194103561 -2.261744999999999 2.5936450138888891 61.295838864734314 2.3700680835086492
decision_type=2 2 2 2 2 2 2 2 2 2
left_child=3 4 8 -1 5 -2 9 -7 -3 -5
right_child=1 2 -4 6 -6 7 -8 -9 -10 -11
leaf_value=-3844.4921875 514.59385742187476 2372.7329752604178 4392.7702473958325 -2165.4368489583335 1547.7860026041667 -891.45321044921866 -1113.1669921875 -12.353336588541664 1494.3658203124996 -2341.2577473958327
leaf_weight=2.9999999999999991 5.0000000000000018 2.9999999999999982 3 2.9999999999999991 2.9999999999999991 4 2.9999999999999991 3 3 3
leaf_count=3 5 3 3 3 3 4 3 3 3 3
internal_value=6.78168e-06 1183.04 2753.29 -2366.09 240.897 -85.8253 -1873.29 -514.696 1933.55 -2253.35
internal_weight=36 24 9 12 15 12 9 7 6 6
internal_count=36 24 9 12 15 12 9 7 6 6
is_linear=0
shrinkage=0.05


Tree=21
num_leaves=11
num_cat=0
split_feature=17 13 13 13 15 13 16 4 4 1
split_gain=3.64661e+10 1.2893e+10 5.4035e+09 3.14394e+09 2.47349e+09 8.28537e+08 3.89704e+08 3.65076e+08 2.26657e+08 1.07423e+08
threshold=11.000000000000002 1.4706759625324868 1.1210109087005007 0.85175124721785467 2023.5000000000002 1.3200699465574621 18.500000000000004 -4.994794999999999 5.5896450000000009 10031.083400000001
decision_type=2 2 2 2 2 2 2 2 2 2
left_child=3 2 6 -1 5 8 -2 9 -4 -5
right_child=1 -3 4 7 -6 -7 -8 -9 -10 -11
leaf_value=-3652.267578125 -770.1165283203112 4191.3739583333336 864.61479492187527 -1796.8528971354169 2305.1865966796877 1529.237630208333 -16.247330729166663 -1332.8851399739585 289.68692016601557 -2219.9828776041663
leaf_weight=2.9999999999999991 4.0000000000000062 2.9999999999999991 2.9999999999999982 2.9999999999999991 3.9999999999999991 3 3 2.9999999999999991 4 3
leaf_count=3 4 3 3 3 4 3 3 3 4 3
internal_value=-1.01725e-05 1125.25 687.231 -2250.5 1254.36 834.03 -447.03 -1783.24 536.085 -2008.42
internal_weight=36 24 21 12 14 10 7 9 7 6
internal_count=36 24 21 12 14 10 7 9 7 6
is_linear=0
shrinkage=0.05


Tree=22
num_leaves=11
num_cat=0
split_feature=13 13 15 13 13 8 4 13 1 12
split_gain=3.31281e+10 1.16078e+10 4.296e+09 2.80744e+09 2.11139e+09 1.0092e+09 8.35485e+08 7.67624e+08 2.04558e+08 1.68761e+07
threshold=0.97347757341424435 1.4706759625324868 2023.5000000000002 0.85175124721785467 1.3200699465574621 676.28614500000003 -2.261744999999999 1.1210109087005007 785.36652500000002 2.3700680835086492
decision_type=2 2 2 2 2 2 2 2 2 2
left_child=3 2 4 -1 5 7 9 -2 -9 -5
right_child=1 -3 -4 6 -6 -7 -8 8 -10 -11
leaf_value=-3469.6542317708336 -446.66844075520686 3981.8052083333337 1936.1841601562501 -1960.270182291667 1452.7757161458335 -823.11406250000005 -1022.1878255208335 275.20256347656249 821.38409830729142 -2127.9806640624993
leaf_weight=2.9999999999999991 3.0000000000000089 2.9999999999999991 4.9999999999999991 2.9999999999999991 2.9999999999999991 2.9999999999999991 2.9999999999999991 4 3 3
leaf_count=3 3 3 5 3 3 3 3 4 3 3
internal_value=-2.71267e-06 1072.51 656.898 -2145.02 257.121 -18.7988 -1703.48 222.496 509.28 -2044.13
internal_weight=36 24 21 12 16 13 9 10 7 6
internal_count=36 24 21 12 16 13 9 10 7 6
is_linear=0
shrinkage=0.05


Tree=23
num_leaves=11
num_cat=0
split_feature=13 13 16 14 15 12 4 12 11 12
split_gain=2.98981e+10 1.0565e+10 3.82003e+09 2.60067e+09 1.78453e+09 9.48887e+08 7.4125e+08 4.56561e+08 3.74952e+08 2.70692e+07
threshold=0.97347757341424435 1.2514719605733744 27.500000000000004 11.500000000000002 2023.5000000000002 2.2236318194103561 -2.261744999999999 2.5936450138888891 61.295838864734314 2.3908275892027597
decision_type=2 2 2 2 2 2 2 2 2 2
left_child=3 4 8 6 5 -2 9 -7 -3 -1
right_child=1 2 -4 -5 -6 7 -8 -9 -10 -11
leaf_value=-2039.8612630208333 459.68665039062483 2040.0764322916673 3830.0027343749989 -3312.6908854166668 1297.0186848958335 -791.86649169921861 -971.07845052083348 24.110237630208328 1249.5575846354163 -1827.4576822916661
leaf_weight=2.9999999999999991 5.0000000000000018 2.9999999999999982 3 2.9999999999999991 2.9999999999999991 4 2.9999999999999991 3 3 3
leaf_count=3 5 3 3 3 3 4 3 3 3 3
internal_value=-1.49197e-05 1018.89 2373.21 -2037.77 206.29 -66.3918 -1612.8 -442.162 1644.82 -1933.66
internal_weight=36 24 9 12 15 12 9 7 6 6
internal_count=36 24 9 12 15 12 9 7 6 6
is_linear=0
shrinkage=0.05


Tree=24
num_leaves=11
num_cat=0
split_feature=13 13 15 13 13 8 4 13 1 12
split_gain=2.6983e+10 9.65344e+09 3.53672e+09 2.37913e+09 1.71723e+09 8.38911e+08 6.62967e+08 6.51672e+08 1.60731e+08 2.11205e+07
threshold=0.97347757341424435 1.4706759625324868 2023.5000000000002 0.85175124721785467 1.3200699465574621 676.28614500000003 -2.261744999999999 1.1210109087005007 785.36652500000002 2.3700680835086492
decision_type=2 2 2 2 2 2 2 2 2 2
left_child=3 2 4 -1 5 7 9 -2 -9 -5
right_child=1 -3 -4 6 -6 -7 -8 8 -10 -11
leaf_value=-3155.2907226562502 -419.20052083333195 3621.0469401041664 1749.6687792968751 -1739.0498372395832 1304.4837239583335 -755.96464843750005 -922.52454427083342 254.10253295898434 738.25029296874982 -1926.6687499999994
leaf_weight=2.9999999999999991 3.0000000000000089 2.9999999999999991 4.9999999999999991 2.9999999999999991 2.9999999999999991 2.9999999999999991 2.9999999999999991 4 3 3
leaf_count=3 3 3 5 3 3 3 3 4 3 3
internal_value=-4.74718e-06 967.942 588.927 -1935.88 226.195 -22.6411 -1529.41 197.356 461.594 -1832.86
internal_weight=36 24 21 12 16 13 9 10 7 6
internal_count=36 24 21 12 16 13 9 10 7 6
is_linear=0
shrinkage=0.05


Tree=25
num_leaves=9
num_cat=0
split_feature=13 13 4 15 17 13 12 13
split_gain=2.45027e+10 7.64971e+09 3.46224e+09 2.94674e+09 1.75194e+09 8.21957e+08 4.21666e+08 2.00537e+08
threshold=1.1003458070450887 1.4706759625324868 -8.2113249999999987 2023.5000000000002 12.800000000000002 0.94229896360356313 2.3700680835086492 1.3200699465574621
decision_type=2 2 2 2 2 2 2 2
left_child=2 3 -1 4 6 -4 -2 -6
right_child=1 -3 5 -5 7 -7 -8 -9
leaf_value=-2617.7211718750004 259.68329264322864 3439.99462890625 -1459.6086718750003 1909.7147705078125 698.47291259765609 -552.98999023437489 -524.4908569335937 1239.2595703124998
leaf_weight=4.9999999999999991 3.0000000000000053 2.9999999999999991 4.9999999999999982 3.9999999999999991 4 5 4 3
leaf_count=5 3 3 5 4 4 5 4 3
internal_value=1.69542e-05 1102.46 -1543.44 712.868 370.911 -1006.3 -188.416 930.239
internal_weight=36 21 15 18 14 10 7 7
internal_count=36 21 15 18 14 10 7 7
is_linear=0
shrinkage=0.05


Tree=26
num_leaves=9
num_cat=0
split_feature=13 13 4 15 17 13 12 13
split_gain=2.21137e+10 6.90387e+09 3.12467e+09 2.65943e+09 1.58113e+09 7.41817e+08 3.80553e+08 1.80985e+08
threshold=1.1003458070450887 1.4706759625324868 -8.2113249999999987 2023.5000000000002 12.800000000000002 0.94229896360356313 2.3700680835086492 1.3200699465574621
decision_type=2 2 2 2 2 2 2 2
left_child=2 3 -1 4 6 -4 -2 -6
right_child=1 -3 5 -5 7 -7 -8 -9
leaf_value=-2486.8351562500002 246.69913736979117 3267.9948567708334 -1386.6282617187503 1814.2289672851564 663.54926147460924 -525.34049804687493 -498.26630859374995 1177.2966145833332
leaf_weight=4.9999999999999991 3.0000000000000053 2.9999999999999991 4.9999999999999982 3.9999999999999991 4 5 4 3
leaf_count=5 3 3 5 4 4 5 4 3
internal_value=-2.03451e-06 1047.33 -1466.27 677.224 352.366 -955.984 -178.995 883.727
internal_weight=36 21 15 18 14 10 7 7
internal_count=36 21 15 18 14 10 7 7
is_linear=0
shrinkage=0.05


Tree=27
num_leaves=11
num_cat=0
split_feature=17 13 12 17 13 12 1 12 17 12
split_gain=1.9974e+10 7.33355e+09 2.89974e+09 2.04204e+09 1.37591e+09 8.03484e+08 4.54501e+08 2.6459e+08 2.31625e+08 5.0028e+07
threshold=11.000000000000002 1.2514719605733744 2.4591933961852441 9.6500000000000021 1.1210109087005007 2.2705331231665666 785.36652500000002 2.4591933961852441 10.450000000000001 2.3700680835086492
decision_type=2 2 2 2 2 2 2 2 2 2
left_child=3 4 5 -1 7 -3 -6 -2 9 -5
right_child=1 2 -4 8 6 -7 -8 -9 -10 -11
leaf_value=-2795.306640625 -711.11468098958255 1905.1335286458341 3230.3842773437491 -1323.9902180989588 311.79857421874999 747.92143554687482 1090.2590820312496 -89.938330078124977 -930.28717447916642 -1612.746126302083
leaf_weight=2.9999999999999991 3.0000000000000027 2.9999999999999982 3 2.9999999999999982 5 3 3 4 3 3
leaf_count=3 3 3 3 3 5 3 3 4 3 3
internal_value=0 832.791 1961.15 -1665.58 155.778 1326.53 603.721 -356.157 -1289.01 -1468.37
internal_weight=36 24 9 12 15 6 8 7 9 6
internal_count=36 24 9 12 15 6 8 7 9 6
is_linear=0
shrinkage=0.05


Tree=28
num_leaves=11
num_cat=0
split_feature=13 13 16 13 15 12 16 12 11 12
split_gain=1.81017e+10 6.5982e+09 2.69029e+09 1.88585e+09 1.12502e+09 6.52341e+08 4.73187e+08 3.00241e+08 2.72053e+08 1.50226e+07
threshold=0.97347757341424435 1.2514719605733744 27.500000000000004 0.85175124721785467 2023.5000000000002 2.2236318194103561 30.500000000000004 2.5936450138888891 61.295838864734314 2.3908275892027597
decision_type=2 2 2 2 2 2 2 2 2 2
left_child=3 4 8 -1 5 -2 9 -7 -3 -5
right_child=1 2 -4 6 -6 7 -8 -9 -10 -11
leaf_value=-2671.2554687500001 370.31142578124985 1588.5016438802088 3085.6304036458328 -1559.1874348958338 1016.6563802083334 -661.03886108398422 -710.99149576822902 0.6646158854166665 915.13518880208312 -1400.9545572916663
leaf_weight=2.9999999999999991 5.0000000000000018 2.9999999999999982 3 2.9999999999999982 2.9999999999999991 4 3 3 3 3
leaf_count=3 5 3 3 3 3 4 3 3 3 3
internal_value=-1.35634e-05 792.799 1863.09 -1585.6 150.624 -65.8837 -1223.71 -377.452 1251.82 -1480.07
internal_weight=36 24 9 12 15 12 9 7 6 6
internal_count=36 24 9 12 15 12 9 7 6 6
is_linear=0
shrinkage=0.05


Tree=29
num_leaves=11
num_cat=0
split_feature=17 13 13 14 15 17 12 17 13 12
split_gain=1.63965e+10 5.94076e+09 2.56144e+09 1.74917e+09 1.21096e+09 3.49123e+08 2.35858e+08 1.98762e+08 8.4725e+07 4.22801e+07
threshold=11.000000000000002 1.4706759625324868 1.1210109087005007 11.500000000000002 2023.5000000000002 12.800000000000002 2.4591933961852441 10.450000000000001 1.3200699465574621 2.3700680835086492
decision_type=2 2 2 2 2 2 2 2 2 2
left_child=3 2 6 7 5 -4 -2 9 -7 -1
right_child=1 -3 4 -5 -6 8 -8 -9 -10 -11
leaf_value=-1193.9679524739588 -658.86366373697774 2835.8340169270832 191.7431274414063 -2554.649576822917 1582.9374633789064 606.90477701822908 -72.383001708984366 -828.2456380208331 982.68177083333308 -1459.4238281249998
leaf_weight=2.9999999999999982 3.0000000000000062 2.9999999999999991 3.9999999999999982 2.9999999999999991 3.9999999999999991 3 4 3 3 3
leaf_count=3 3 3 4 3 4 3 4 3 3 3
internal_value=2.03451e-06 754.536 457.208 -1509.07 847.677 553.573 -323.732 -1160.55 794.793 -1326.7
internal_weight=36 24 21 12 14 10 7 9 6 6
internal_count=36 24 21 12 14 10 7 9 6 6
is_linear=0
shrinkage=0.05


Tree=30
num_leaves=12
num_cat=0
split_feature=13 13 12 13 12 12 12 16 12 11 12
split_gain=1.48206e+10 5.42271e+09 2.44696e+09 1.61287e+09 9.32285e+08 9.30461e+08 5.69378e+08 4.46521e+08 2.66902e+08 1.5883e+08 1.11062e+07
threshold=0.97347757341424435 1.2514719605733744 2.4591933961852441 0.85175124721785467 2.7380488016183118 2.2236318194103561 2.2705331231665666 30.500000000000004 2.1751164832962302 61.295838864734314 2.3908275892027597
decision_type=2 2 2 2 2 2 2 2 2 2 2
left_child=3 4 6 -1 5 8 -3 10 -2 -7 -5
right_child=1 2 -4 7 -6 9 -8 -9 -10 -11 -12
leaf_value=-2438.7335937500002 44.89874674479163 1591.7417317708339 2853.5819986979159 -1417.1054361979172 923.55917968750009 -244.92628173828118 617.59405110677062 -601.98390299479149 711.85953776041652 -759.43314615885402 -1281.0529622395832
leaf_weight=2.9999999999999991 3.0000000000000018 2.9999999999999982 3 2.9999999999999982 2.9999999999999991 3 3 3 3 3 3
leaf_count=3 3 3 3 3 3 3 3 3 3 3 3
internal_value=-6.4426e-06 717.359 1687.64 -1434.72 135.192 -61.9003 1104.67 -1100.05 378.379 -502.18 -1349.08
internal_weight=36 24 9 12 15 12 6 9 6 6 6
internal_count=36 24 9 12 15 12 6 9 6 6 6
is_linear=0
shrinkage=0.05


Tree=31
num_leaves=10
num_cat=0
split_feature=17 13 13 17 15 17 16 4 13
split_gain=1.34681e+10 4.89137e+09 2.12206e+09 1.49895e+09 1.01787e+09 2.82269e+08 2.04613e+08 1.91538e+08 5.30583e+07
threshold=11.000000000000002 1.4706759625324868 1.1210109087005007 9.6500000000000021 2023.5000000000002 12.800000000000002 18.500000000000004 -4.994794999999999 1.3200699465574621
decision_type=2 2 2 2 2 2 2 2 2
left_child=3 2 6 -1 5 -4 -2 -5 -7
right_child=1 -3 4 7 -6 8 -8 -9 -10
leaf_value=-2335.592936197917 -530.86950683593659 2572.3939453125004 174.46947631835943 -1251.3622460937502 1443.5543090820313 568.02899576822904 15.385160319010414 -787.16400146484375 865.40152994791652
leaf_weight=2.9999999999999991 4.0000000000000062 2.9999999999999991 3.9999999999999982 4.9999999999999991 3.9999999999999991 3 3 3.9999999999999991 3
leaf_count=3 4 3 4 5 4 3 3 4 3
internal_value=-1.01725e-06 683.844 414.051 -1367.69 769.456 499.817 -296.76 -1045.05 716.715
internal_weight=36 24 21 12 14 10 7 9 6
internal_count=36 24 21 12 14 10 7 9 6
is_linear=0
shrinkage=0.05


Tree=32
num_leaves=12
num_cat=0
split_feature=13 13 12 13 12 12 12 16 12 11 12
split_gain=1.21857e+10 4.44514e+09 2.10645e+09 1.36864e+09 8.18137e+08 7.53382e+08 4.50185e+08 4.01957e+08 2.23121e+08 1.49103e+08 7.1948e+06
threshold=0.97347757341424435 1.2514719605733744 2.4591933961852441 0.85175124721785467 2.7380488016183118 2.2236318194103561 2.2705331231665666 30.500000000000004 2.1751164832962302 61.295838864734314 2.3908275892027597
decision_type=2 2 2 2 2 2 2 2 2 2 2
left_child=3 4 6 -1 5 8 -3 10 -2 -7 -5
right_child=1 2 -4 7 -6 9 -8 -9 -10 -11 -12
leaf_value=-2225.8243489583333 30.022420247395811 1421.1629231770839 2610.7330403645828 -1283.6820312500004 861.91339518229165 -208.17171630859372 554.95979003906234 -520.09516194661444 639.83234049479154 -706.67368977864567 -1174.1770507812496
leaf_weight=2.9999999999999991 3.0000000000000018 2.9999999999999982 3 2.9999999999999982 2.9999999999999991 3 3 3 3 3 3
leaf_count=3 3 3 3 3 3 3 3 3 3 3 3
internal_value=-7.45985e-06 650.472 1528.95 -1300.94 123.385 -61.2477 988.061 -992.651 334.927 -457.423 -1228.93
internal_weight=36 24 9 12 15 12 6 9 6 6 6
internal_count=36 24 9 12 15 12 6 9 6 6 6
is_linear=0
shrinkage=0.05


Tree=33
num_leaves=10
num_cat=0
split_feature=17 13 13 17 15 17 12 4 17
split_gain=1.10632e+10 4.02556e+09 1.75973e+09 1.28557e+09 8.56602e+08 2.27456e+08 1.93366e+08 1.72291e+08 4.06815e+07
threshold=11.000000000000002 1.4706759625324868 1.1210109087005007 9.6500000000000021 2023.5000000000002 12.800000000000002 2.4591933961852441 -4.994794999999999 13.9
decision_type=2 2 2 2 2 2 2 2 2
left_child=3 2 6 -1 5 -4 -2 -5 -7
right_child=1 -3 4 7 -6 8 -8 -9 -10
leaf_value=-2135.950927734375 -575.69774169921743 2333.0637695312503 159.26924438476567 -1136.46017578125 1317.0756713867188 776.22130533854147 -44.668676757812491 -696.20243225097659 515.83209635416654
leaf_weight=2.9999999999999991 3.0000000000000062 2.9999999999999991 3.9999999999999982 4.9999999999999991 3.9999999999999991 3 4 3.9999999999999991 3
leaf_count=3 3 3 4 5 4 3 4 4 3
internal_value=-4.06901e-06 619.79 375.037 -1239.58 698.681 451.324 -272.253 -940.79 646.027
internal_weight=36 24 21 12 14 10 7 9 6
internal_count=36 24 21 12 14 10 7 9 6
is_linear=0
shrinkage=0.05


Tree=34
num_leaves=12
num_cat=0
split_feature=13 13 16 13 12 12 16 12 1 11 12
split_gain=1.00078e+10 3.67325e+09 1.87769e+09 1.16352e+09 7.10045e+08 6.22921e+08 3.76624e+08 1.77192e+08 1.59994e+08 1.40263e+08 3.69694e+06
threshold=0.97347757341424435 1.2514719605733744 27.500000000000004 0.85175124721785467 2.7380488016183118 2.2236318194103561 30.500000000000004 2.1751164832962302 785.36652500000002 61.295838864734314 2.3908275892027597
decision_type=2 2 2 2 2 2 2 2 2 2 2
left_child=3 4 8 -1 5 7 10 -2 -3 -7 -5
right_child=1 2 -4 6 -6 9 -8 -9 -10 -11 -12
leaf_value=-2031.7314615885418 26.864567057291641 1135.5742187500005 2409.4108886718745 -1162.6749348958338 798.35543619791679 -180.15574544270828 -437.29288330078117 570.29795735677067 619.18626302083317 -663.65502929687489 -1084.1792968749996
leaf_weight=2.9999999999999991 3.0000000000000018 2.9999999999999982 3 2.9999999999999982 2.9999999999999991 3 3 3 3 3 3
leaf_count=3 3 3 3 3 3 3 3 3 3 3 3
internal_value=-1.69542e-06 589.485 1388.06 -1178.97 110.341 -61.6621 -894.716 298.581 877.38 -421.905 -1123.43
internal_weight=36 24 9 12 15 12 9 6 6 6 6
internal_count=36 24 9 12 15 12 9 6 6 6 6
is_linear=0
shrinkage=0.05


Tree=35
num_leaves=10
num_cat=0
split_feature=17 13 13 17 15 17 2 4 17
split_gain=9.08807e+09 3.31796e+09 1.4592e+09 1.10397e+09 7.07489e+08 1.87352e+08 1.85008e+08 1.54856e+08 4.33675e+07
threshold=11.000000000000002 1.4706759625324868 1.1210109087005007 9.6500000000000021 2023.5000000000002 12.800000000000002 23.056992145833338 -4.994794999999999 13.9
decision_type=2 2 2 2 2 2 2 2 2
left_child=3 2 6 -1 5 -4 -2 -5 -7
right_child=1 -3 4 7 -6 8 -8 -9 -10
leaf_value=-1954.1407389322919 46.926326497395728 2117.1706380208334 144.39711914062502 -1032.113564453125 1196.256298828125 720.58808593749984 -472.49953613281241 -614.7253128051758 451.74027506510402
leaf_weight=2.9999999999999991 3.0000000000000062 2.9999999999999991 3.9999999999999982 4.9999999999999991 3.9999999999999991 3 4 3.9999999999999991 3
leaf_count=3 3 3 4 5 4 3 4 4 3
internal_value=5.93397e-06 561.745 339.542 -1123.49 634.257 409.457 -249.888 -846.608 586.164
internal_weight=36 24 21 12 14 10 7 9 6
internal_count=36 24 21 12 14 10 7 9 6
is_linear=0
shrinkage=0.05


Tree=36
num_leaves=11
num_cat=0
split_feature=13 13 12 16 13 12 12 1 12 11
split_gain=8.22688e+09 3.03415e+09 1.71905e+09 1.0249e+09 8.22043e+08 6.27129e+08 5.16707e+08 3.118e+08 1.40535e+08 1.32583e+08
threshold=0.97347757341424435 1.2514719605733744 2.4591933961852441 24.500000000000004 0.90531515811053953 2.7380488016183118 2.2236318194103561 13.446980000000003 2.1751164832962302 61.295838864734314
decision_type=2 2 2 2 2 2 2 2 2 2
left_child=3 5 7 4 -1 6 8 -3 -2 -8
right_child=1 2 -4 -5 -6 -7 9 -9 -10 -11
leaf_value=-2050.0072265625008 23.460709635416649 1132.0638753255214 2237.5055989583329 -415.45036010742183 -1003.0798828124998 745.5929036458333 -155.71044718424477 411.18517252604153 507.42902832031234 -625.78601888020819
leaf_weight=2.9999999999999982 3.0000000000000018 2.9999999999999982 3 4 5 2.9999999999999991 3 3 3 3
leaf_count=3 3 3 3 4 5 3 3 3 3 3
internal_value=-1.86496e-06 534.468 1260.25 -1068.94 -1395.68 98.9972 -62.6517 771.625 265.445 -390.748
internal_weight=36 24 9 12 8 15 12 6 6 6
internal_count=36 24 9 12 8 15 12 6 6 6
is_linear=0
shrinkage=0.05


Tree=37
num_leaves=10
num_cat=0
split_feature=17 13 12 17 12 12 13 12 4
split_gain=7.46861e+09 2.72644e+09 1.55144e+09 9.30722e+08 7.33814e+08 7.75514e+08 2.9245e+08 1.63635e+08 1.2119e+08
threshold=11.000000000000002 1.2514719605733744 2.4591933961852441 9.6500000000000021 2.5936450138888891 2.2236318194103561 1.3200699465574621 2.1751164832962302 -4.994794999999999
decision_type=2 2 2 2 2 2 2 2 2
left_child=3 4 6 -1 5 7 -3 -2 -5
right_child=1 2 -4 8 -6 -7 -8 -9 -10
leaf_value=-1781.1759114583333 -6.4452941894531213 1082.1196289062505 2125.6303059895831 -928.35831054687503 676.38364257812509 -669.82147216796864 383.96699218749995 482.05757649739576 -559.11791191101076
leaf_weight=2.9999999999999991 4.0000000000000018 2.9999999999999982 3 4.9999999999999991 3.9999999999999991 4 3 3 3.9999999999999991
leaf_count=3 4 3 3 5 4 4 3 3 4
internal_value=2.24643e-06 509.241 1197.24 -1018.48 96.4427 -114.445 733.043 202.913 -764.251
internal_weight=36 24 9 12 15 11 6 7 9
internal_count=36 24 9 12 15 11 6 7 9
is_linear=0
shrinkage=0.05


Tree=38
num_leaves=9
num_cat=0
split_feature=13 13 15 16 13 13 12 12
split_gain=6.7458e+09 2.52406e+09 1.14141e+09 8.91839e+08 6.91021e+08 3.11715e+08 2.32202e+08 1.87556e+08
threshold=0.97347757341424435 1.4706759625324868 2023.5000000000002 24.500000000000004 0.90531515811053953 1.3200699465574621 2.2236318194103561 2.3908275892027597
decision_type=2 2 2 2 2 2 2 2
left_child=3 2 5 4 -1 6 -2 -8
right_child=1 -3 -4 -5 -6 -7 7 -9
leaf_value=-1872.661751302084 245.37898193359325 1840.6071248372396 949.57857910156258 -358.35463104248038 -912.78574218749986 543.51042480468755 -501.52276382446274 -1.4479199218749998
leaf_weight=2.9999999999999982 5.0000000000000098 2.9999999999999991 4.9999999999999991 4 5 2.9999999999999991 3 5
leaf_count=3 5 3 5 4 5 3 3 5
internal_value=2.0557e-06 483.972 290.167 -967.944 -1272.74 84.1011 -21.9164 -188.976
internal_weight=36 24 21 12 8 16 13 8
internal_count=36 24 21 12 8 16 13 8
is_linear=0
shrinkage=0.05


Tree=39
num_leaves=10
num_cat=0
split_feature=17 13 13 13 15 2 12 17 17
split_gain=6.12541e+09 2.27299e+09 1.03943e+09 8.29569e+08 5.30106e+08 1.59665e+08 1.408e+08 1.16639e+08 2.53143e+07
threshold=11.000000000000002 1.4706759625324868 1.1210109087005007 0.85175124721785467 2023.5000000000002 23.056992145833338 2.3700680835086492 12.800000000000002 13.9
decision_type=2 2 2 2 2 2 2 2 2
left_child=3 2 5 -1 7 -2 -5 -4 -9
right_child=1 -3 4 6 -6 -7 -8 8 -10
leaf_value=-1642.4178710937501 55.526300048827991 1748.5766947428388 122.27743225097659 -505.45690734863297 1012.4776367187501 -427.01370849609367 -903.45135498046864 573.54638671874989 368.14327392578116
leaf_weight=2.9999999999999991 3.0000000000000062 2.9999999999999991 3.9999999999999982 4.9999999999999982 3.9999999999999991 4 4 3 3
leaf_count=3 3 3 4 5 4 4 4 3 3
internal_value=-4.49287e-06 461.181 277.267 -922.362 526.006 -220.211 -682.343 331.418 470.845
internal_weight=36 24 21 12 14 7 9 10 6
internal_count=36 24 21 12 14 7 9 10 6
is_linear=0
shrinkage=0.05


Tree=40
num_leaves=11
num_cat=0
split_feature=13 13 16 16 13 12 12 1 11 12
split_gain=5.54723e+09 2.07273e+09 1.37011e+09 7.79178e+08 5.73596e+08 4.59097e+08 3.41514e+08 1.20939e+08 1.09928e+08 9.41814e+07
threshold=0.97347757341424435 1.2514719605733744 27.500000000000004 24.500000000000004 0.90531515811053953 2.7380488016183118 2.2236318194103561 785.36652500000002 61.295838864734314 2.1751164832962302
decision_type=2 2 2 2 2 2 2 2 2 2
left_child=3 5 7 4 -1 6 9 -3 -8 -2
right_child=1 2 -4 -5 -6 -7 8 -9 -10 -11
leaf_value=-1709.2238606770841 9.2842122395833258 827.00446777343768 1911.2008728027338 -307.96433868408195 -834.69814453124991 632.18245442708337 -112.07705688476561 378.0448120117187 -540.11056315104156 405.47738850911446
leaf_weight=2.9999999999999982 3.0000000000000018 2.9999999999999982 3 4 5 2.9999999999999991 3 3 3 3
leaf_count=3 3 3 3 4 5 3 3 3 3 3
internal_value=2.88222e-06 438.876 1038.75 -877.752 -1162.65 78.9513 -59.3565 602.525 -326.094 207.381
internal_weight=36 24 9 12 8 15 12 6 6 6
internal_count=36 24 9 12 8 15 12 6 6 6
is_linear=0
shrinkage=0.05


Tree=41
num_leaves=11
num_cat=0
split_feature=17 13 4 13 17 12 12 0 15 12
split_gain=5.03426e+09 1.86315e+09 9.29036e+08 7.04337e+08 7.01743e+08 2.8097e+08 1.3008e+08 1.28234e+08 9.0565e+07 5.78684e+07
threshold=11.000000000000002 1.4706759625324868 21.000425000000003 1.1003458070450887 9.6500000000000021 2.5589999483969001 2.3700680835086492 743.39287000000013 2022.5000000000002 2.3908275892027597
decision_type=2 2 2 2 2 2 2 2 2 2
left_child=4 2 3 -2 -1 6 7 -5 -6 -10
right_child=1 -3 -4 5 8 -7 -8 -9 9 -11
leaf_value=-1498.4441324869792 -583.5602315266907 1583.65771484375 1066.1971028645835 385.54727050781258 -839.73743489583364 614.54447631835944 -155.58330891927079 -27.949169921874997 -347.99616699218745 -658.55586751302064
leaf_weight=2.9999999999999991 3.0000000000000098 2.9999999999999991 2.9999999999999991 4.9999999999999982 2.9999999999999982 3.9999999999999991 3 3 3 3
leaf_count=3 3 3 3 5 3 4 3 3 3 3
internal_value=-6.27306e-06 418.092 251.582 115.813 -836.183 255.688 125.194 230.486 -615.43 -503.276
internal_weight=36 24 21 18 12 15 11 8 9 6
internal_count=36 24 21 18 12 15 11 8 9 6
is_linear=0
shrinkage=0.05


Tree=42
num_leaves=10
num_cat=0
split_feature=17 13 12 13 12 12 13 12 12
split_gain=4.54342e+09 1.73185e+09 1.2121e+09 6.61296e+08 4.96038e+08 5.08117e+08 3.09871e+08 1.18983e+08 9.24238e+07
threshold=11.000000000000002 1.2514719605733744 2.4591933961852441 0.85175124721785467 2.5936450138888891 2.2236318194103561 1.3200699465574621 2.3700680835086492 2.1751164832962302
decision_type=2 2 2 2 2 2 2 2 2
left_child=3 4 6 -1 5 8 -3 -5 -2
right_child=1 2 -4 7 -6 -7 -8 -9 -10
leaf_value=-1437.2660319010417 -5.6566886901855433 894.54042561848985 1766.1232259114579 -417.4709277343751 545.0007202148438 -554.74514770507801 175.89443359374997 -783.33449707031241 361.47360026041656
leaf_weight=2.9999999999999991 4.0000000000000018 2.9999999999999982 3 4.9999999999999982 3.9999999999999991 4 3 4 3
leaf_count=3 4 3 3 5 4 4 3 4 3
internal_value=-3.64516e-06 397.187 945.519 -794.374 68.1878 -105.199 535.217 -580.077 151.685
internal_weight=36 24 9 12 15 11 6 9 7
internal_count=36 24 9 12 15 11 6 9 7
is_linear=0
shrinkage=0.05


Tree=43
num_leaves=11
num_cat=0
split_feature=13 13 16 16 16 12 12 1 11 12
split_gain=4.10516e+09 1.56169e+09 1.15074e+09 6.73154e+08 4.79683e+08 3.31269e+08 2.44869e+08 1.08526e+08 8.86883e+07 6.92749e+07
threshold=0.97347757341424435 1.2514719605733744 27.500000000000004 24.500000000000004 21.500000000000004 2.7380488016183118 2.2236318194103561 785.36652500000002 61.295838864734314 2.1751164832962302
decision_type=2 2 2 2 2 2 2 2 2 2
left_child=3 5 7 4 -1 6 9 -3 -8 -2
right_child=1 2 -4 -5 -6 -7 8 -9 -10 -11
leaf_value=-719.9917871093752 3.6086751302083302 711.10985514322942 1697.8063557942705 -225.4858520507812 -1519.7275065104163 535.06851399739583 -85.989961751302062 285.81402587890619 -470.45570475260405 343.39991861979161
leaf_weight=4.9999999999999982 3.0000000000000018 2.9999999999999982 3 4 3 2.9999999999999991 3 3 3 3
leaf_count=5 3 3 3 4 3 3 3 3 3 3
internal_value=4.74718e-06 377.545 898.243 -755.09 -1019.89 65.1263 -52.3593 498.462 -278.223 173.504
internal_weight=36 24 9 12 8 15 12 6 6 6
internal_count=36 24 9 12 8 15 12 6 6 6
is_linear=0
shrinkage=0.05


Tree=44
num_leaves=11
num_cat=0
split_feature=17 13 4 14 13 12 15 12 0 12
split_gain=3.73376e+09 1.41056e+09 7.3537e+08 5.90382e+08 5.29845e+08 2.09297e+08 9.33284e+07 9.21976e+07 1.01529e+08 4.09888e+07
threshold=11.000000000000002 1.4706759625324868 21.000425000000003 11.500000000000002 1.1003458070450887 2.5589999483969001 2022.5000000000002 2.3700680835086492 743.39287000000013 2.3908275892027597
decision_type=2 2 2 2 2 2 2 2 2 2
left_child=3 2 4 6 -2 7 -1 8 -6 -8
right_child=1 -3 -4 -5 5 -7 9 -9 -10 -11
leaf_value=-745.34637044270858 -512.19754180908023 1374.2271321614585 939.93243815104165 -1327.5684733072917 329.69802246093758 525.42866210937507 -273.10502115885413 -133.3033569335937 -38.231339518229156 -534.47574055989571
leaf_weight=2.9999999999999982 3.0000000000000098 2.9999999999999991 2.9999999999999991 2.9999999999999991 4.9999999999999982 3.9999999999999991 3 3 3 3
leaf_count=3 3 3 3 3 5 4 3 3 3 3
internal_value=-1.65304e-06 360.062 215.181 -720.124 94.3893 215.707 -517.642 103.081 191.725 -403.79
internal_weight=36 24 21 12 18 15 9 11 8 6
internal_count=36 24 21 12 18 15 9 11 8 6
is_linear=0
shrinkage=0.05


Tree=45
num_leaves=8
num_cat=0
split_feature=13 16 4 13 13 14 15
split_gain=3.40134e+09 9.89924e+08 9.06161e+08 2.00647e+08 2.36683e+08 1.85775e+08 3.39924e+08
threshold=1.1210109087005007 27.500000000000004 -8.2113249999999987 1.3200699465574621 1.1961237880861357 6.5000000000000009 2023.5000000000002
decision_type=2 2 2 2 2 2 2
left_child=2 3 -1 4 -2 -4 -7
right_child=1 -3 5 -5 -6 6 -8
leaf_value=-1058.0442431640618 411.34446044921856 1179.7040451049804 17.524703979492188 587.09976196289062 -75.156153564453106 -666.84683593750015 -48.450066566467278
leaf_weight=5.0000000000000027 5.0000000000000018 3.9999999999999991 3.9999999999999991 3.9999999999999991 5 4.9999999999999982 4
leaf_count=5 5 4 4 4 5 5 4
internal_value=-2.31001e-06 486.009 -486.009 287.81 168.094 -265.995 -392.004
internal_weight=36 18 18 14 10 13 9
internal_count=36 18 18 14 10 13 9
is_linear=0
shrinkage=0.05


Tree=46
num_leaves=10
num_cat=0
split_feature=17 13 12 13 12 12 13 12 12
split_gain=3.09792e+09 1.20658e+09 1.02184e+09 5.38672e+08 3.66995e+08 3.46183e+08 3.23183e+08 8.49492e+07 5.1154e+07
threshold=11.000000000000002 1.2514719605733744 2.4591933961852441 0.85175124721785467 2.5936450138888891 2.2236318194103561 1.3200699465574621 2.3700680835086492 2.1751164832962302
decision_type=2 2 2 2 2 2 2 2 2
left_child=3 4 6 -1 5 8 -3 -5 -2
right_child=1 2 -4 7 -6 -7 -8 -9 -10
leaf_value=-1236.1797119140626 -0.79597873687744092 775.89416097005233 1539.1084635416664 -325.14054199218754 463.49197998046878 -466.83681640624991 41.97381184895832 -634.28111572265607 272.33338915506994
leaf_weight=2.9999999999999991 4.0000000000000018 2.9999999999999982 3 4.9999999999999982 3.9999999999999991 4 3 4 3
leaf_count=3 4 3 3 5 4 4 3 4 3
internal_value=-2.57492e-06 327.974 785.659 -655.947 53.3625 -95.7755 408.934 -462.536 116.259
internal_weight=36 24 9 12 15 11 6 9 7
internal_count=36 24 9 12 15 11 6 9 7
is_linear=0
shrinkage=0.05


Tree=47
num_leaves=11
num_cat=0
split_feature=17 13 4 17 13 12 15 12 0 12
split_gain=2.79587e+09 1.09323e+09 6.06154e+08 4.93443e+08 3.92886e+08 1.61359e+08 8.60401e+07 6.7149e+07 8.61488e+07 2.84253e+07
threshold=11.000000000000002 1.4706759625324868 21.000425000000003 9.6500000000000021 1.1003458070450887 2.5589999483969001 2022.5000000000002 2.3700680835086492 743.39287000000013 2.3908275892027597
decision_type=2 2 2 2 2 2 2 2 2 2
left_child=3 2 4 -1 -2 7 -5 8 -6 -8
right_child=1 -3 -4 6 5 -7 9 -9 -10 -11
leaf_value=-1178.4893880208335 -447.97745361327975 1204.4041341145835 842.0305094401042 -656.66889648437518 282.68200927734381 450.77727050781255 -219.89091389973953 -121.79541015624996 -56.235493469238271 -437.55015869140618
leaf_weight=2.9999999999999991 3.0000000000000098 2.9999999999999991 2.9999999999999991 2.9999999999999982 4.9999999999999982 3.9999999999999991 3 3 3 3
leaf_count=3 3 3 3 3 5 4 3 3 3 3
internal_value=-2.3312e-06 311.575 184.028 -623.15 74.3608 178.828 -438.037 79.9379 155.588 -328.721
internal_weight=36 24 21 12 18 15 9 11 8 6
internal_count=36 24 21 12 18 15 9 11 8 6
is_linear=0
shrinkage=0.05


Tree=48
num_leaves=9
num_cat=0
split_feature=13 16 13 17 1 13 13 15
split_gain=2.54865e+09 8.09287e+08 7.19974e+08 1.53254e+08 1.48493e+08 1.38843e+08 1.94979e+08 4.74516e+07
threshold=1.1210109087005007 27.500000000000004 0.85175124721785467 10.450000000000001 0.65214000000000005 1.3200699465574621 1.1961237880861357 2023.5000000000002
decision_type=2 2 2 2 2 2 2 2
left_child=2 5 -1 7 -5 6 -2 -4
right_child=1 -3 3 4 -6 -7 -8 -9
leaf_value=-1127.7952636718737 362.69219482421857 1047.9199973106386 -562.87651367187505 -345.20110473632803 85.630750274658183 490.46091308593753 -78.871971435546868 -299.81714274088534
leaf_weight=3.0000000000000027 5.0000000000000018 3.9999999999999991 3.9999999999999991 4 4 3.9999999999999991 5 3
leaf_count=3 5 4 4 4 4 4 5 3
internal_value=1.85437e-06 420.701 -420.701 -279.283 -129.785 241.496 141.91 -450.137
internal_weight=36 18 18 15 8 14 10 7
internal_count=36 18 18 15 8 14 10 7
is_linear=0
shrinkage=0.05


Tree=49
num_leaves=9
num_cat=0
split_feature=13 16 4 14 15 17 13 11
split_gain=2.30016e+09 7.30381e+08 6.68405e+08 1.58531e+08 2.70946e+08 1.28708e+08 3.59266e+08 1.01266e+08
threshold=1.1210109087005007 27.500000000000004 -8.2113249999999987 6.5000000000000009 2023.5000000000002 12.800000000000002 1.1961237880861357 61.295838864734314
decision_type=2 2 2 2 2 2 2 2
left_child=2 5 -1 -4 -5 6 -2 -7
right_child=1 -3 3 4 -6 7 -8 -9
leaf_value=-890.95892089843699 441.26772460937445 995.52395172119145 51.19880828857422 -572.48792968750013 -20.388595199584955 590.37123209635399 -332.53869628906244 222.91935791015624
leaf_weight=5.0000000000000027 3.0000000000000027 3.9999999999999991 3.9999999999999991 4.9999999999999982 4 3 3 5
leaf_count=5 3 4 4 5 4 3 3 5
internal_value=-6.35783e-07 399.666 -399.666 -210.708 -327.11 229.421 54.3645 360.714
internal_weight=36 18 18 13 9 14 6 8
internal_count=36 18 18 13 9 14 6 8
is_linear=0
shrinkage=0.05


Tree=50
num_leaves=10
num_cat=0
split_feature=13 4 12 14 13 13 1 14 15
split_gain=2.10724e+09 1.11178e+09 8.36807e+08 4.23987e+08 3.27e+08 3.10463e+08 1.92761e+08 1.43074e+08 2.44528e+08
threshold=1.2514719605733744 -8.2113249999999987 2.4591933961852441 1.5000000000000002 1.3200699465574621 1.1210109087005007 785.36652500000002 6.5000000000000009 2023.5000000000002
decision_type=2 2 2 2 2 2 2 2 2
left_child=1 3 4 -1 -2 7 -7 -3 -9
right_child=2 5 -4 -5 -6 6 -8 8 -10
leaf_value=-400.79787597656207 690.78284708658884 48.63887023925777 1344.4081542968747 -1241.420003255208 -47.457747395833323 5.5990917968749994 512.56574707031234 -543.86354003906263 -19.369178009033199
leaf_weight=3.0000000000000027 2.9999999999999982 4.0000000000000027 3 3 3 5 3 4.9999999999999982 4
leaf_count=3 3 4 3 3 3 5 3 5 4
internal_value=-2.96699e-06 -220.859 662.578 -821.109 321.663 -49.3593 195.712 -200.172 -310.755
internal_weight=36 27 9 6 6 21 8 13 9
internal_count=36 27 9 6 6 21 8 13 9
is_linear=0
shrinkage=0.05


Tree=51
num_leaves=11
num_cat=0
split_feature=17 13 12 17 13 12 12 15 2 12
split_gain=1.91345e+09 7.95766e+08 7.55218e+08 3.83715e+08 2.95117e+08 2.69384e+08 2.21674e+08 6.16799e+07 2.61927e+07 2.03004e+07
threshold=11.000000000000002 1.2514719605733744 2.4591933961852441 9.6500000000000021 1.3200699465574621 2.5936450138888891 2.2236318194103561 2022.5000000000002 4.1901011186622137 2.1751164832962302
decision_type=2 2 2 2 2 2 2 2 2 2
left_child=3 5 4 -1 -3 6 9 -5 -9 -2
right_child=1 2 -4 7 -6 -7 -8 8 -10 -11
leaf_value=-1005.2328450520835 2.902275085449217 656.24366455078143 1277.1877807617184 -537.39060872395851 -45.084867350260403 386.12410278320317 -389.95754089355461 -155.2537963867187 -364.19021606445307 174.96245117187496
leaf_weight=2.9999999999999991 4.0000000000000018 2.9999999999999982 3 2.9999999999999982 3 3.9999999999999991 4 3 3 3
leaf_count=3 4 3 3 3 3 4 4 3 3 3
internal_value=1.01725e-06 257.758 629.449 -515.517 305.579 34.7442 -93.0303 -352.278 -259.722 76.6424
internal_weight=36 24 9 12 6 15 11 9 6 7
internal_count=36 24 9 12 6 15 11 9 6 7
is_linear=0
shrinkage=0.05


Tree=52
num_leaves=10
num_cat=0
split_feature=17 13 4 4 13 12 15 17 1
split_gain=1.72689e+09 7.25519e+08 4.86791e+08 3.61963e+08 2.38958e+08 1.23751e+08 8.87597e+07 4.85358e+07 7.62613e+07
threshold=11.000000000000002 1.4706759625324868 21.000425000000003 -11.334504999999996 1.1003458070450887 2.5936450138888891 2022.5000000000002 12.800000000000002 356.60882500000002
decision_type=2 2 2 2 2 2 2 2 2
left_child=3 2 4 -1 -2 7 -5 8 -6
right_child=1 -3 -4 6 5 -7 -8 -9 -10
leaf_value=-965.37385253906257 -364.67449035644404 972.21114908854167 730.63218587239589 -506.75115966796886 -223.19866536458341 411.38803304036458 -190.75325195312496 171.33194824218748 110.28950309753417
leaf_weight=2.9999999999999991 3.0000000000000098 2.9999999999999991 2.9999999999999991 3.9999999999999982 2.9999999999999982 2.9999999999999991 5 5 4
leaf_count=3 3 3 3 4 3 3 5 5 4
internal_value=-1.82258e-06 244.871 140.965 -489.741 42.6868 124.159 -331.197 52.3518 -32.634
internal_weight=36 24 21 12 18 15 9 12 7
internal_count=36 24 21 12 18 15 9 12 7
is_linear=0
shrinkage=0.05


Tree=53
num_leaves=10
num_cat=0
split_feature=13 4 16 14 13 1 14 15 1
split_gain=1.5776e+09 8.46793e+08 6.7935e+08 3.63079e+08 2.32933e+08 1.55676e+08 1.14984e+08 2.02615e+08 8.24243e+07
threshold=1.2514719605733744 -8.2113249999999987 27.500000000000004 1.5000000000000002 1.1210109087005007 785.36652500000002 6.5000000000000009 2023.5000000000002 785.36652500000002
decision_type=2 2 2 2 2 2 2 2 2
left_child=1 3 8 -1 6 -6 -3 -8 -2
right_child=2 4 -4 -5 5 -7 7 -9 -10
leaf_value=-326.00136311848922 451.44228108723973 50.995755767822224 1187.6363444010412 -1103.9034667968747 0.0028564453124999998 455.59951985677071 -483.3838964843751 -5.9513923645019524 80.802612559000636
leaf_weight=3.0000000000000027 2.9999999999999982 4.0000000000000027 3 3 5 3 4.9999999999999982 4 3
leaf_count=3 3 4 3 3 5 3 5 4 3
internal_value=1.03845e-06 -191.098 573.294 -714.952 -41.4252 170.852 -172.057 -271.192 266.122
internal_weight=36 27 9 6 21 8 13 9 6
internal_count=36 27 9 6 21 8 13 9 6
is_linear=0
shrinkage=0.05


Tree=54
num_leaves=10
num_cat=0
split_feature=13 17 17 13 13 17 16 14 2
split_gain=1.43137e+09 5.49654e+08 1.02322e+09 4.90234e+08 8.70681e+07 1.18939e+08 8.12115e+07 1.33029e+08 9.57029e+07
threshold=1.1210109087005007 13.4 14.350000000000001 0.85175124721785467 1.1961237880861357 12.800000000000002 27.500000000000004 6.5000000000000009 1.8032129776033969
decision_type=2 2 2 2 2 2 2 2 2
left_child=3 4 -3 -1 -2 -6 7 8 -5
right_child=1 2 -4 6 5 -7 -8 -9 -10
leaf_value=-898.75107421874895 248.84391479492172 1062.1994897460936 -105.82739257812499 -309.70128377278661 -274.93007583618157 170.3025248209635 -5.6538261413574222 -459.21470703124999 89.679210408528618
leaf_weight=3.0000000000000027 4.0000000000000018 5 3 2.9999999999999982 3 3 3.9999999999999991 5 3
leaf_count=3 4 5 3 3 3 3 4 5 3
internal_value=-1.48349e-07 315.278 624.189 -315.278 68.1493 -52.3138 -198.584 -268.74 -110.011
internal_weight=36 18 8 18 10 6 15 11 6
internal_count=36 18 8 18 10 6 15 11 6
is_linear=0
shrinkage=0.05


Tree=55
num_leaves=11
num_cat=0
split_feature=13 4 12 14 13 12 13 0 12 0
split_gain=1.3071e+09 7.1168e+08 6.25138e+08 3.10998e+08 2.78974e+08 1.97492e+08 1.45209e+08 1.16707e+08 1.0083e+08 4.75756e+07
threshold=1.2514719605733744 -8.2113249999999987 2.4591933961852441 1.5000000000000002 1.3200699465574621 2.7380488016183118 1.1210109087005007 1.0000000180025095e-35 2.2236318194103561 220.66570000000004
decision_type=2 2 2 2 2 2 2 2 2 2
left_child=1 3 4 -1 -2 6 7 -3 -9 -8
right_child=2 5 -4 -5 -6 -7 9 8 -10 -11
leaf_value=-294.21622314453089 568.11374155680357 2.829625701904293 1111.1561075846353 -1014.167716471354 -113.76295369466143 338.85511474609376 229.20991821289064 -171.38862609863278 -554.85208333333321 -34.192871093749993
leaf_weight=3.0000000000000027 2.9999999999999982 4.0000000000000053 3 3 3 2.9999999999999991 2.9999999999999991 4 3 4
leaf_count=3 3 4 3 3 3 3 3 4 3 4
internal_value=6.40021e-06 -173.945 521.836 -654.192 227.175 -36.7318 -99.3297 -212.617 -335.73 78.694
internal_weight=36 27 9 6 6 21 18 11 7 7
internal_count=36 27 9 6 6 21 18 11 7 7
is_linear=0
shrinkage=0.05


Tree=56
num_leaves=11
num_cat=0
split_feature=17 13 16 12 12 12 0 1 15 1
split_gain=1.20124e+09 5.8447e+08 5.9053e+08 3.50065e+08 1.47138e+08 8.0157e+07 1.09678e+08 7.02969e+07 1.70721e+07 1.50433e+07
threshold=10.450000000000001 1.2514719605733744 27.500000000000004 2.3908275892027597 2.7380488016183118 2.2236318194103561 220.66570000000004 785.36652500000002 2023.5000000000002 356.60882500000002
decision_type=2 2 2 2 2 2 2 2 2 2
left_child=3 4 7 8 5 9 -7 -3 -1 -2
right_child=1 2 -4 -5 -6 6 -8 -9 -10 -11
leaf_value=-364.09912109375011 -1.5880737304687473 380.50012003580741 1068.5198893229165 -941.25784301757778 321.912353515625 -26.388305664062496 -408.79848632812491 38.211503346761056 -195.41766153971349 146.52720540364578
leaf_weight=2.9999999999999982 4.0000000000000062 2.9999999999999982 3 3 2.9999999999999991 5 3 3 3 3
leaf_count=3 4 3 3 3 3 5 3 3 3 3
internal_value=1.54707e-06 166.753 495.744 -500.258 2.25719 -61.6738 -169.792 209.356 -279.758 61.8899
internal_weight=36 27 9 9 18 15 8 6 6 7
internal_count=36 27 9 9 18 15 8 6 6 7
is_linear=0
shrinkage=0.05


Tree=57
num_leaves=11
num_cat=0
split_feature=17 13 12 12 13 12 12 0 2 1
split_gain=1.08412e+09 5.27484e+08 5.64187e+08 3.15934e+08 2.60721e+08 1.32792e+08 7.23417e+07 9.89845e+07 1.63337e+07 1.35766e+07
threshold=10.450000000000001 1.2514719605733744 2.4591933961852441 2.3908275892027597 1.3200699465574621 2.7380488016183118 2.2236318194103561 220.66570000000004 1.8032129776033969 356.60882500000002
decision_type=2 2 2 2 2 2 2 2 2 2
left_child=3 5 4 8 -3 6 9 -8 -1 -2
right_child=1 2 -4 -5 -6 -7 7 -9 -10 -11
leaf_value=-348.26724446614594 -1.5086730957031225 520.62565282185892 1030.8111145019527 -894.19495137532522 -138.5668090820312 305.81673990885417 -25.068896484374996 -388.35854492187491 -183.2736928304036 139.20085144042966
leaf_weight=2.9999999999999982 4.0000000000000062 2.9999999999999982 3 3 3 2.9999999999999991 5 3 3 3
leaf_count=3 4 3 3 3 3 3 5 3 3 3
internal_value=4.81076e-06 158.415 470.957 -475.245 191.029 2.14433 -58.5902 -161.303 -265.77 58.7954
internal_weight=36 27 9 9 6 18 15 8 6 7
internal_count=36 27 9 9 6 18 15 8 6 7
is_linear=0
shrinkage=0.05


Tree=58
num_leaves=10
num_cat=0
split_feature=13 17 17 14 13 17 17 1 0
split_gain=9.87278e+08 4.37463e+08 8.18913e+08 3.83309e+08 7.75574e+07 7.4366e+07 6.72701e+07 6.16673e+07 8.74313e+06
threshold=1.1210109087005007 13.4 14.350000000000001 11.500000000000002 1.1961237880861357 12.800000000000002 10.450000000000001 0.65214000000000005 1.0000000180025095e-35
decision_type=2 2 2 2 2 2 2 2 2
left_child=3 4 -3 6 -2 -6 8 -8 -1
right_child=1 2 -4 -5 5 -7 7 -9 -10
leaf_value=-227.98034159342421 211.91208953857409 929.27856811523418 -115.65386149088539 -777.77437642415362 -248.34983215332022 103.70602671305335 -218.52934265136724 44.86332153320312 -348.69436848958321
leaf_weight=3.0000000000000027 4.0000000000000018 5 3 2.9999999999999991 3 3 3.9999999999999982 5 3
leaf_count=3 4 5 3 3 3 3 4 5 3
internal_value=4.87434e-06 261.842 537.429 -261.842 41.3717 -72.3219 -158.655 -72.2001 -288.337
internal_weight=36 18 8 18 10 6 15 9 6
internal_count=36 18 8 18 10 6 15 9 6
is_linear=0
shrinkage=0.05


Tree=59
num_leaves=10
num_cat=0
split_feature=13 16 13 16 14 17 13 15 2
split_gain=8.91019e+08 4.00973e+08 3.64052e+08 5.38698e+07 9.09811e+07 4.98424e+07 1.03985e+08 6.7941e+07 4.87503e+07
threshold=1.1210109087005007 27.500000000000004 0.85175124721785467 27.500000000000004 6.5000000000000009 13.9 1.1961237880861357 2022.5000000000002 1.8032129776033969
decision_type=2 2 2 2 2 2 2 2 2
left_child=2 5 -1 4 8 6 -2 -8 -4
right_child=1 -3 3 -5 -6 -7 7 -9 -10
leaf_value=-751.55569254557213 260.4111312866209 690.24420776367197 -216.58132832845058 8.9432790756225593 -362.84850585937494 271.77606964111328 -236.95791320800774 99.54629007975258 68.463269042968733
leaf_weight=3.0000000000000027 4.0000000000000018 3.9999999999999991 2.9999999999999982 3.9999999999999991 5 3.9999999999999991 3 3 3
leaf_count=3 4 4 3 4 5 4 3 3 3
internal_value=2.69148e-06 248.749 -248.749 -148.188 -205.327 122.608 62.941 -68.7058 -74.059
internal_weight=36 18 18 15 11 14 10 6 6
internal_count=36 18 18 15 11 14 10 6 6
is_linear=0
shrinkage=0.05


Tree=60
num_leaves=11
num_cat=0
split_feature=4 13 12 14 13 12 13 0 12 0
split_gain=8.19442e+08 4.80817e+08 4.90536e+08 2.57666e+08 2.3854e+08 1.33343e+08 7.9606e+07 8.57154e+07 6.32326e+07 3.76713e+07
threshold=-8.2113249999999987 1.2514719605733744 2.4591933961852441 1.5000000000000002 1.3200699465574621 2.7380488016183118 1.1210109087005007 1.0000000180025095e-35 2.2236318194103561 220.66570000000004
decision_type=2 2 2 2 2 2 2 2 2 2
left_child=3 5 4 -1 -3 6 7 -2 -9 -8
right_child=1 2 -4 -5 -6 -7 9 8 -10 -11
leaf_value=-205.75226236979165 24.962310981750431 466.69484456380223 934.48177439371727 -861.07194824218732 -163.83460795084633 284.2581787109375 189.95112915039064 -135.04046707153319 -438.70839029947905 -44.435891723632807
leaf_weight=2.9999999999999991 4.0000000000000089 2.9999999999999982 3 3 3 2.9999999999999991 2.9999999999999991 4 3 4
leaf_count=3 4 3 3 3 3 3 3 4 3 4
internal_value=-1.03845e-06 106.682 412.447 -533.412 151.43 -24.3597 -75.796 -159.676 -265.184 56.0157
internal_weight=36 30 9 6 6 21 18 11 7 7
internal_count=36 30 9 6 6 21 18 11 7 7
is_linear=0
shrinkage=0.05


Tree=61
num_leaves=11
num_cat=0
split_feature=17 13 16 12 12 1 0 12 3 2
split_gain=7.53556e+08 3.64342e+08 4.78403e+08 2.64613e+08 1.03309e+08 6.3069e+07 5.16588e+07 6.4711e+07 4.5193e+07 1.00851e+07
threshold=10.450000000000001 1.2514719605733744 27.500000000000004 2.3908275892027597 2.7380488016183118 785.36652500000002 220.66570000000004 2.2236318194103561 25.047510000000006 1.8032129776033969
decision_type=2 2 2 2 2 2 2 2 2 2
left_child=3 4 5 9 6 -3 8 -8 -2 -1
right_child=1 2 -4 -5 -6 -7 7 -9 -10 -11
leaf_value=-269.33671468098964 -56.628148956298759 296.16309102376312 907.36308593749982 -779.63580322265602 270.04525756835938 -28.051251220703122 -18.911268615722658 -326.10869140624993 188.84553426106766 -139.68928273518878
leaf_weight=2.9999999999999982 5.0000000000000053 2.9999999999999982 3 3 2.9999999999999991 3 3.9999999999999991 3 3 3
leaf_count=3 5 3 3 3 3 3 4 3 3 3
internal_value=-3.96305e-06 132.074 391.825 -396.221 2.1978 134.056 -51.3717 -150.567 35.4245 -204.513
internal_weight=36 27 9 9 18 6 15 7 8 6
internal_count=36 27 9 9 18 6 15 7 8 6
is_linear=0
shrinkage=0.05


Tree=62
num_leaves=11
num_cat=0
split_feature=4 13 12 14 13 14 0 12 11 13
split_gain=6.81763e+08 3.88717e+08 4.42709e+08 2.352e+08 2.23121e+08 1.12894e+08 6.61916e+07 5.66549e+07 5.48904e+07 1.95617e+07
threshold=-8.2113249999999987 1.2514719605733744 2.4591933961852441 1.5000000000000002 1.3200699465574621 6.5000000000000009 1958.4345200000002 2.2236318194103561 61.295838864734314 1.1210109087005007
decision_type=2 2 2 2 2 2 2 2 2 2
left_child=3 5 4 -1 -3 8 7 9 -2 -7
right_child=1 2 -4 -5 -6 6 -8 -9 -10 -11
leaf_value=-173.49282430013022 314.01625569661383 429.1724151611329 868.16644490559872 -799.59169108072899 -180.63769022623694 -126.92038803100588 116.22891438802083 -274.90077362060543 11.552996317545571 41.980300394693998
leaf_weight=2.9999999999999991 3.0000000000000062 2.9999999999999982 3 3 3 3.9999999999999982 2.9999999999999991 5 3 3
leaf_count=3 3 3 3 3 3 4 3 5 3 3
internal_value=-1.56826e-06 97.3084 372.234 -486.542 124.267 -20.5167 -93.8372 -146.354 162.785 -54.5344
internal_weight=36 30 9 6 6 21 15 12 6 7
internal_count=36 30 9 6 6 21 15 12 6 7
is_linear=0
shrinkage=0.05


Tree=63
num_leaves=11
num_cat=0
split_feature=17 13 4 11 0 16 12 12 16 15
split_gain=6.22664e+08 2.95079e+08 2.66229e+08 2.59077e+08 6.69791e+07 6.50943e+07 5.82187e+07 2.37606e+07 2.775e+07 1.05578e+07
threshold=10.450000000000001 1.4706759625324868 21.000425000000003 63.151977547939076 1443.0757250000004 3.5000000000000004 2.5936450138888891 2.3700680835086492 18.500000000000004 2022.5000000000002
decision_type=2 2 2 2 2 2 2 2 2 2
left_child=3 2 4 9 5 -2 7 8 -7 -1
right_child=1 -3 -4 -5 -6 6 -8 -9 -10 -11
leaf_value=-236.8029052734376 -169.37051798502523 587.57867838541677 502.21294555664065 -739.55210774739567 -185.41396179199219 172.155249786377 282.52141927083335 -85.969790649414051 -14.090654182434079 -104.15189310709633
leaf_weight=2.9999999999999982 3.0000000000000133 2.9999999999999991 2.9999999999999991 3 3.9999999999999991 3.9999999999999982 2.9999999999999991 3 4 3
leaf_count=3 3 3 3 3 4 4 3 3 4 3
internal_value=5.72205e-07 120.056 61.616 -360.169 -1.32639 41.9883 87.2795 34.0317 79.0323 -170.477
internal_weight=36 27 24 9 21 17 14 11 8 6
internal_count=36 27 24 9 21 17 14 11 8 6
is_linear=0
shrinkage=0.05


Tree=64
num_leaves=10
num_cat=0
split_feature=13 17 17 4 13 15 14 15 15
split_gain=5.70667e+08 2.96632e+08 6.35836e+08 2.65045e+08 5.54265e+07 4.92364e+07 4.32443e+07 4.03366e+07 1.18751e+07
threshold=1.1210109087005007 13.4 14.350000000000001 -11.334504999999996 1.1961237880861357 2023.5000000000002 6.5000000000000009 2022.5000000000002 2022.5000000000002
decision_type=2 2 2 2 2 2 2 2 2
left_child=3 4 -3 -1 -2 6 -5 -6 -8
right_child=1 2 -4 5 7 -7 8 -9 -10
leaf_value=-628.09309895833258 161.69544258117665 771.28646438598616 -149.46417236328122 -49.978177642822281 -208.2291646321614 14.842102203369141 -191.87738444010412 51.053873697916657 -332.56072184244783
leaf_weight=3.0000000000000027 4.0000000000000018 5 3 3.9999999999999982 3 4.9999999999999991 3 3 3
leaf_count=3 4 5 3 4 3 5 3 3 3
internal_value=-3.13653e-06 199.072 426.005 -199.072 17.5256 -113.268 -177.323 -78.5876 -262.219
internal_weight=36 18 8 18 10 15 10 6 6
internal_count=36 18 8 18 10 15 10 6 6
is_linear=0
shrinkage=0.05


Tree=65
num_leaves=11
num_cat=0
split_feature=14 13 16 12 12 1 16 0 12 16
split_gain=5.29741e+08 2.96124e+08 3.91678e+08 2.54592e+08 8.49607e+07 4.81626e+07 4.63136e+07 6.5283e+07 4.26247e+07 3.46037e+07
threshold=10.500000000000002 1.2514719605733744 27.500000000000004 2.3700680835086492 2.7380488016183118 785.36652500000002 3.5000000000000004 220.66570000000004 2.2236318194103561 18.500000000000004
decision_type=2 2 2 2 2 2 2 2 2 2
left_child=1 4 5 -2 6 -3 -1 9 -9 -8
right_child=3 2 -4 -5 -6 -7 7 8 -10 -11
leaf_value=-237.45890299479083 -103.18078715006511 234.1567871093751 792.20859374999975 -754.57899576822899 229.28277587890625 -49.164669545491527 179.30846557617193 -26.912817382812495 -276.23379720052077 -28.668891334533686
leaf_weight=3.0000000000000098 2.9999999999999991 2.9999999999999982 3 3 2.9999999999999991 3 3.9999999999999982 4 3 4
leaf_count=3 3 3 3 3 3 3 4 4 3 4
internal_value=1.10202e-06 85.776 325.734 -428.88 -17.063 92.4961 -58.1206 -22.253 -133.765 75.3198
internal_weight=36 30 9 6 21 6 18 15 7 8
internal_count=36 30 9 6 21 6 18 15 7 8
is_linear=0
shrinkage=0.05


Tree=66
num_leaves=11
num_cat=0
split_feature=4 13 12 13 14 14 11 0 12 13
split_gain=4.81608e+08 2.66551e+08 3.80917e+08 2.09504e+08 1.95403e+08 8.47507e+07 4.08609e+07 3.96298e+07 3.93938e+07 1.13666e+07
threshold=-8.2113249999999987 1.2514719605733744 2.4591933961852441 1.3200699465574621 1.5000000000000002 6.5000000000000009 61.295838864734314 1958.4345200000002 2.2236318194103561 1.1210109087005007
decision_type=2 2 2 2 2 2 2 2 2 2
left_child=4 5 3 -3 -1 6 -2 8 9 -7
right_child=1 2 -4 -5 -6 7 -8 -9 -10 -11
leaf_value=-123.59334309895833 273.51763509114517 374.89005457560233 769.46923217773417 -216.01863708496091 -694.26972859700504 -98.558953857421898 12.554983011881507 83.231910196940106 -227.13624694824216 30.190217590332022
leaf_weight=2.9999999999999991 3.0000000000000062 2.9999999999999982 3 3 3 3.9999999999999982 3 2.9999999999999991 5 3
leaf_count=3 3 3 3 3 3 4 3 3 5 3
internal_value=-2.18285e-06 81.7863 309.447 79.4357 -408.932 -15.7825 143.036 -79.31 -119.946 -43.3807
internal_weight=36 30 9 6 6 21 6 15 12 7
internal_count=36 30 9 6 6 21 6 15 12 7
is_linear=0
shrinkage=0.05


Tree=67
num_leaves=11
num_cat=0
split_feature=14 16 11 0 12 11 13 2 17 4
split_gain=4.39029e+08 2.47959e+08 4.50486e+08 2.39354e+08 2.1526e+08 6.35091e+07 5.2647e+07 4.72549e+07 2.55876e+07 1.14656e+07
threshold=10.500000000000002 24.500000000000004 64.236891110942281 1443.0757250000004 2.3700680835086492 53.422643599253213 1.1210109087005007 23.056992145833338 13.9 5.5896450000000009
decision_type=2 2 2 2 2 2 2 2 2 2
left_child=1 5 -3 -4 -2 -1 7 -7 9 -8
right_child=4 2 3 -5 -6 6 8 -9 -10 -11
leaf_value=-229.00473429361924 -90.950845336914071 797.93430836995469 -268.27202402750646 363.33156941731761 -689.92212575276676 18.005897827148427 99.778035481770871 -233.00524698893224 193.91957092285153 -38.458187866210928
leaf_weight=3.0000000000000062 2.9999999999999991 2.9999999999999982 3 3 3 5.0000000000000018 2.9999999999999982 3 4 3
leaf_count=3 3 3 3 3 3 5 3 3 4 3
internal_value=5.51012e-07 78.0873 297.665 47.5298 -390.436 -16.0173 19.4806 -76.1233 95.9638 30.6599
internal_weight=36 30 9 6 6 21 18 8 10 6
internal_count=36 30 9 6 6 21 18 8 10 6
is_linear=0
shrinkage=0.05


Tree=68
num_leaves=11
num_cat=0
split_feature=4 13 16 12 1 16 14 12 13 1
split_gain=4.1058e+08 2.6449e+08 3.48759e+08 7.11547e+07 5.0565e+07 2.60928e+07 3.15409e+07 3.31232e+07 1.43551e+07 1.4046e+07
threshold=-11.334504999999996 1.2514719605733744 27.500000000000004 2.7380488016183118 785.36652500000002 3.5000000000000004 6.5000000000000009 2.2236318194103561 1.1210109087005007 3724.9297600000009
decision_type=2 2 2 2 2 2 2 2 2 2
left_child=-1 3 4 5 -3 -2 -7 8 -8 -9
right_child=1 2 -4 -5 -6 6 7 9 -10 -11
leaf_value=-560.03334960937502 -204.83076883951776 207.12910766601567 722.24257812499991 192.00903727213543 -83.172384643554665 102.44049479166654 -85.091268920898472 -242.65748291015626 41.989260864257808 -89.654327901204397
leaf_weight=2.9999999999999991 3.0000000000000062 2.9999999999999982 3 2.9999999999999991 3 3.0000000000000027 3.9999999999999982 2.9999999999999991 5 3
leaf_count=3 3 3 3 3 3 3 4 3 5 3
internal_value=-1.65304e-06 50.9121 282.066 -35.7707 61.9784 -68.3107 -45.5574 -75.1569 -14.491 -166.156
internal_weight=36 33 9 24 6 21 18 15 9 6
internal_count=36 33 9 24 6 21 18 15 9 6
is_linear=0
shrinkage=0.05


Tree=69
num_leaves=11
num_cat=0
split_feature=14 16 13 12 16 11 13 12 17 1
split_gain=3.78634e+08 2.04273e+08 2.98503e+08 1.88853e+08 6.45825e+07 8.18715e+07 4.79839e+07 4.3744e+07 1.8715e+07 1.09855e+07
threshold=10.500000000000002 27.500000000000004 1.2514719605733744 2.3700680835086492 3.5000000000000004 61.295838864734314 1.1003458070450887 2.5589999483969001 14.350000000000001 356.60882500000002
decision_type=2 2 2 2 2 2 2 2 2 2
left_child=1 4 -3 -2 -1 7 -7 -6 9 -8
right_child=3 2 -4 -5 5 6 8 -9 -10 -11
leaf_value=-176.12117614746063 -82.07269287109375 -19.210148111979166 686.13046874999986 -643.10366414388 63.485378011067638 -168.62453384399416 -62.744257354736341 333.49774169921869 140.76501668294267 63.827865346272773
leaf_weight=4.0000000000000062 2.9999999999999991 2.9999999999999991 3 3 3.0000000000000027 3.9999999999999991 3.9999999999999982 3 3 3
leaf_count=4 3 3 3 3 3 4 4 3 3 3
internal_value=7.41747e-07 72.5176 333.46 -362.588 7.28201 43.9626 -22.264 198.492 36.2802 -8.49906
internal_weight=36 30 6 6 24 20 14 6 10 7
internal_count=36 30 6 6 24 20 14 6 10 7
is_linear=0
shrinkage=0.05


Tree=70
num_leaves=11
num_cat=0
split_feature=4 13 12 13 12 16 0 14 12 16
split_gain=3.53381e+08 2.12676e+08 3.33018e+08 1.85931e+08 5.78152e+07 2.22103e+07 2.55797e+07 4.05173e+07 2.55503e+07 9.07922e+06
threshold=-11.334504999999996 1.2514719605733744 2.4591933961852441 1.3200699465574621 2.7380488016183118 3.5000000000000004 220.66570000000004 10.500000000000002 2.2236318194103561 18.500000000000004
decision_type=2 2 2 2 2 2 2 2 2 2
left_child=-1 4 3 -3 5 -2 7 9 -8 -7
right_child=1 2 -4 -5 -6 6 8 -9 -10 -11
leaf_value=-519.56094156901042 -185.78316497802692 317.78548889160169 684.64019368489562 -238.88801574707023 174.82437540690105 157.81785278320299 -30.827495574951172 -96.40790283203124 -223.85804850260411 34.805489349365224
leaf_weight=2.9999999999999991 3.0000000000000062 2.9999999999999982 3 3 2.9999999999999991 3.0000000000000018 3.9999999999999991 5 3 3
leaf_count=3 3 3 3 3 3 3 4 5 3 3
internal_value=5.31938e-06 47.2328 254.513 39.4487 -30.4971 -59.8287 -38.8363 8.71186 -113.555 96.3117
internal_weight=36 33 9 6 24 21 18 11 7 6
internal_count=36 33 9 6 24 21 18 11 7 6
is_linear=0
shrinkage=0.05


Tree=71
num_leaves=11
num_cat=0
split_feature=14 11 16 13 11 11 13 3 0 1
split_gain=3.25357e+08 1.86237e+08 1.75274e+08 2.6162e+08 6.07257e+07 6.04248e+07 3.78731e+07 1.79493e+07 1.20763e+07 8.35868e+06
threshold=10.500000000000002 61.295838864734314 27.500000000000004 1.2514719605733744 53.422643599253213 61.295838864734314 1.1003458070450887 32.271570000000004 53.678430000000006 5472.913485
decision_type=2 2 2 2 2 2 2 2 2 2
left_child=2 -2 4 -4 -1 9 -7 8 -8 -6
right_child=1 -3 3 -5 5 6 7 -9 -10 -11
leaf_value=-203.6316385904943 -57.546547444661464 -614.67762247721339 -21.229680379231773 639.09833984374984 111.94300944010405 -148.53741607666015 71.319353993733756 135.42333374023434 -55.573118286132811 229.97325642903638
leaf_weight=3.0000000000000062 2.9999999999999991 3 2.9999999999999991 3 3.0000000000000027 3.9999999999999991 2.9999999999999982 3 5 3
leaf_count=3 3 3 3 3 3 4 3 3 5 3
internal_value=4.3869e-06 -336.112 67.2224 308.934 6.79445 36.8553 -16.7858 31.1239 -7.98844 170.958
internal_weight=36 6 30 6 24 21 15 11 8 6
internal_count=36 6 30 6 24 21 15 11 8 6
is_linear=0
shrinkage=0.05


Tree=72
num_leaves=11
num_cat=0
split_feature=4 13 12 13 12 16 0 17 12 16
split_gain=3.07544e+08 1.72772e+08 2.95445e+08 1.71408e+08 4.9262e+07 1.94354e+07 2.46245e+07 3.02208e+07 2.10182e+07 7.04171e+06
threshold=-11.334504999999996 1.2514719605733744 2.4591933961852441 1.3200699465574621 2.7380488016183118 3.5000000000000004 220.66570000000004 10.450000000000001 2.2236318194103561 18.500000000000004
decision_type=2 2 2 2 2 2 2 2 2 2
left_child=-1 4 3 -3 5 -2 7 -7 -8 -9
right_child=1 2 -4 -5 -6 6 8 9 -10 -11
leaf_value=-484.69553629557299 -170.89494984944622 295.56467285156259 636.02504475911439 -238.92609863281243 163.53031107584638 -77.567564697265595 -31.711671066284183 143.03969726562497 -206.78767903645826 34.706007639567048
leaf_weight=2.9999999999999991 3.0000000000000062 2.9999999999999982 3 3 2.9999999999999991 5.0000000000000018 3.9999999999999991 3 3 3
leaf_count=3 3 3 3 3 3 5 4 3 3 3
internal_value=-2.73387e-06 44.0632 230.888 28.3193 -25.996 -53.0712 -33.4339 13.2181 -106.744 88.8729
internal_weight=36 33 9 6 24 21 18 11 7 6
internal_count=36 33 9 6 24 21 18 11 7 6
is_linear=0
shrinkage=0.05


Tree=73
num_leaves=11
num_cat=0
split_feature=13 13 12 13 12 16 14 12 12 15
split_gain=2.86872e+08 1.54705e+08 2.66639e+08 1.54696e+08 4.39873e+07 1.78852e+07 2.5821e+07 3.05104e+07 9.38266e+06 1.6366e+07
threshold=0.85175124721785467 1.2514719605733744 2.4591933961852441 1.3200699465574621 2.7380488016183118 3.5000000000000004 6.5000000000000009 2.2236318194103561 2.0779023923196305 2023.5000000000002
decision_type=2 2 2 2 2 2 2 2 2 2
left_child=-1 4 3 -3 5 -2 -7 8 -8 -10
right_child=1 2 -4 -5 -6 6 7 -9 9 -11
leaf_value=-468.12200724283861 -162.35020008087122 280.78644205729177 604.22382405598944 -226.97977193196607 155.35379638671876 81.549903869628849 -79.67711442311608 -161.52521728515626 111.19863891601561 -53.958085123697906
leaf_weight=2.9999999999999991 3.0000000000000062 2.9999999999999982 3 3 2.9999999999999991 4.0000000000000027 2.9999999999999982 4.9999999999999991 3 3
leaf_count=3 3 3 3 3 3 4 3 5 3 3
internal_value=2.69148e-06 42.5565 219.343 26.9033 -23.7386 -49.3232 -30.4853 -62.4954 -7.47885 28.6203
internal_weight=36 33 9 6 24 21 18 14 9 6
internal_count=36 33 9 6 24 21 18 14 9 6
is_linear=0
shrinkage=0.05


Tree=74
num_leaves=10
num_cat=0
split_feature=4 18 3 17 12 16 1 4 0
split_gain=2.71464e+08 1.44859e+08 3.0642e+08 3.06496e+08 1.77115e+08 3.90729e+07 4.86083e+07 2.39984e+07 3.28679e+07
threshold=-11.334504999999996 0.99319721413978501 33.784510000000004 13.9 2.5589999483969001 6.5000000000000009 5472.913485 1.0000000180025095e-35 53.678430000000006
decision_type=2 2 2 2 2 2 2 2 2
left_child=-1 -2 3 5 -5 -3 7 -7 -9
right_child=1 2 -4 4 -6 6 -8 8 -10
leaf_value=-455.3770751953125 372.67105916341148 -169.11266708373978 -471.11959228515627 648.35634129842128 105.04106750488279 -149.99908065795884 135.55302978515624 101.34281406402586 -101.35121002197263
leaf_weight=2.9999999999999991 2.9999999999999991 4.0000000000000098 2.9999999999999991 2.9999999999999991 3 4.0000000000000027 4.9999999999999991 4 4
leaf_count=3 3 4 3 3 3 4 5 4 4
internal_value=-6.78168e-07 41.3979 8.2706 61.5362 376.699 -28.5103 4.57266 -50.0025 -0.00419798
internal_weight=36 33 30 27 6 21 17 12 8
internal_count=36 33 30 27 6 21 17 12 8
is_linear=0
shrinkage=0.05


Tree=75
num_leaves=11
num_cat=0
split_feature=13 16 12 11 16 14 13 0 12 15
split_gain=2.55338e+08 1.46328e+08 4.0234e+08 1.96448e+08 3.34322e+07 4.56907e+07 5.19964e+07 1.5754e+07 5.99313e+06 3.67038e+06
threshold=0.85175124721785467 24.500000000000004 2.4591933961852441 71.657273419717583 3.5000000000000004 6.5000000000000009 1.1003458070450887 220.66570000000004 2.3908275892027597 2022.5000000000002
decision_type=2 2 2 2 2 2 2 2 2 2
left_child=-1 4 3 -3 -2 7 -7 8 -6 -8
right_child=1 2 -4 -5 5 6 9 -9 -10 -11
leaf_value=-441.64474080403647 -160.65702896118151 -237.18849792480475 684.28295084635397 298.05551757812492 -16.632884724934879 -214.81112976074223 57.02483723958332 173.66840108235672 83.30983886718748 -21.188387155532833
leaf_weight=2.9999999999999991 4.0000000000000027 3.9999999999999982 3 3 3.0000000000000018 3.9999999999999982 3 3 3 3
leaf_count=3 4 4 3 3 3 4 3 3 3 3
internal_value=-7.72211e-07 40.1495 199.826 -7.79821 -29.2751 -1.61574 -75.1735 80.1151 33.3385 17.9182
internal_weight=36 33 10 7 23 19 10 9 6 6
internal_count=36 33 10 7 23 19 10 9 6 6
is_linear=0
shrinkage=0.05


Tree=76
num_leaves=10
num_cat=0
split_feature=4 15 12 11 13 3 4 0 17
split_gain=2.37969e+08 1.30065e+08 2.67965e+08 1.77294e+08 3.79155e+07 3.55777e+07 2.48447e+07 2.18788e+07 1.74179e+07
threshold=-11.334504999999996 2023.5000000000002 2.4591933961852441 71.657273419717583 1.1003458070450887 27.147145000000005 7.6881050000000011 1.0000000180025095e-35 14.350000000000001
decision_type=2 2 2 2 2 2 2 2 2
left_child=-1 4 3 -3 7 -6 -7 -2 -8
right_child=1 2 -4 -5 5 6 8 -9 -10
leaf_value=-426.35876261393236 -25.446529134114556 -225.3290618896485 505.60214691162105 283.15275777180983 -95.49030231475831 188.24563802083341 -52.038575172424309 -204.07057189941403 107.33880017598467
leaf_weight=2.9999999999999991 3.0000000000000027 3.9999999999999982 4 3 4.9999999999999991 2.9999999999999982 4 4 3
leaf_count=3 3 4 4 3 5 3 4 4 3
internal_value=-1.30865e-06 38.7599 179.141 -7.40828 -31.4307 13.4098 67.8599 -127.517 16.266
internal_weight=36 33 11 7 22 15 10 7 7
internal_count=36 33 11 7 22 15 10 7 7
is_linear=0
shrinkage=0.05


Tree=77
num_leaves=10
num_cat=0
split_feature=13 18 3 13 11 1 14 0 14
split_gain=2.31429e+08 1.22478e+08 2.70388e+08 2.31468e+08 3.74822e+07 3.99143e+07 1.70077e+07 1.96037e+07 2.15657e+06
threshold=0.85175124721785467 0.99319721413978501 33.784510000000004 1.3200699465574621 53.422643599253213 5472.913485 10.500000000000002 53.678430000000006 7.5000000000000009
decision_type=2 2 2 2 2 2 2 2 2
left_child=-1 -2 3 4 -3 6 7 -6 -9
right_child=1 2 -4 -5 5 -7 -8 8 -10
leaf_value=-420.45911051432296 342.83176447550454 -176.23681233723897 -442.5604329427083 364.88431213378908 72.530192413330042 135.20481201171876 -134.89676310221355 -31.545907338460282 -91.498272705078108
leaf_weight=2.9999999999999991 2.9999999999999991 3.0000000000000098 2.9999999999999991 4.9999999999999991 5.0000000000000018 4.9999999999999991 2.9999999999999991 3 3
leaf_count=3 3 3 3 5 5 5 3 3 3
internal_value=-5.72205e-07 38.2236 7.76273 57.7986 -11.9936 13.9396 -29.3694 -0.589234 -61.5221
internal_weight=36 33 30 27 22 19 14 11 6
internal_count=36 33 30 27 22 19 14 11 6
is_linear=0
shrinkage=0.05


Tree=78
num_leaves=10
num_cat=0
split_feature=4 16 12 11 16 13 16 13 12
split_gain=2.12123e+08 1.21443e+08 2.37708e+08 1.56405e+08 2.7487e+07 3.0066e+07 2.34843e+07 9.39665e+06 4.44806e+06
threshold=-11.334504999999996 24.500000000000004 2.4591933961852441 71.657273419717583 3.5000000000000004 1.1210109087005007 15.500000000000002 1.3200699465574621 2.3700680835086492
decision_type=2 2 2 2 2 2 2 2 2
left_child=-1 4 3 -3 -2 6 -6 8 -7
right_child=1 2 -4 -5 5 7 -8 -9 -10
leaf_value=-402.53999328613281 -149.78697357177722 -208.14013938903815 479.7209938049316 269.4484303792317 -10.774155025482173 55.702625942230242 -187.72724405924475 126.95149332682288 -24.837788899739579
leaf_weight=2.9999999999999991 4.0000000000000027 3.9999999999999982 4 3 5.0000000000000018 3.9999999999999982 3 3 3
leaf_count=3 4 4 4 3 5 4 3 3 3
internal_value=-1.54442e-06 36.5945 172.243 -3.45932 -31.2295 -4.88338 -77.1316 52.9152 21.1853
internal_weight=36 33 11 7 22 18 8 10 7
internal_count=36 33 11 7 22 18 8 10 7
is_linear=0
shrinkage=0.05


Tree=79
num_leaves=11
num_cat=0
split_feature=13 16 14 12 16 14 13 16 0 15
split_gain=2.10024e+08 1.1118e+08 2.9967e+08 1.42452e+08 2.70581e+07 3.63618e+07 3.46666e+07 1.2091e+07 7.08587e+06 2.47318e+06
threshold=0.85175124721785467 24.500000000000004 5.5000000000000009 2.2556213783602157 3.5000000000000004 6.5000000000000009 1.1003458070450887 12.500000000000002 2.6978750000000011 2022.5000000000002
decision_type=2 2 2 2 2 2 2 2 2 2
left_child=-1 4 -3 -4 -2 7 -7 -6 -9 -8
right_child=1 2 3 -5 5 6 9 8 -10 -11
leaf_value=-400.54292195638027 -142.29762268066392 593.69720153808612 191.74961886405941 -264.0379740397135 155.65108149846381 -178.85635681152348 43.273974609374989 -21.623260498046871 87.049578857421864 -20.928537706534062
leaf_weight=2.9999999999999991 4.0000000000000027 2.9999999999999982 4 3 3.0000000000000018 3.9999999999999982 3 3 3 3
leaf_count=3 4 3 4 3 3 4 3 3 3 3
internal_value=-4.33458e-07 36.413 175.598 -3.58792 -24.1021 0.781215 -64.8389 73.6925 32.7132 11.1727
internal_weight=36 33 10 7 23 19 10 9 6 6
internal_count=36 33 10 7 23 19 10 9 6 6
is_linear=0
shrinkage=0.05


Tree=80
num_leaves=10
num_cat=0
split_feature=13 18 3 13 11 1 14 4 12
split_gain=1.89546e+08 1.04364e+08 2.35888e+08 1.90396e+08 2.99538e+07 3.67586e+07 1.24096e+07 2.01137e+07 1.88802e+06
threshold=0.85175124721785467 0.99319721413978501 33.784510000000004 1.3200699465574621 53.422643599253213 5472.913485 10.500000000000002 5.5896450000000009 2.2556213783602157
decision_type=2 2 2 2 2 2 2 2 2
left_child=-1 -2 3 4 -3 6 7 -6 -9
right_child=1 2 -4 -5 5 -7 -8 8 -10
leaf_value=-380.51577555338542 315.77433929443362 -156.91447143554632 -414.1396565755208 331.72071166992191 106.52491048177072 129.46666717529297 -118.60851160685223 -13.92907667160034 -64.102426834106438
leaf_weight=2.9999999999999991 2.9999999999999991 3.0000000000000098 2.9999999999999991 4.9999999999999991 3.0000000000000027 4.9999999999999991 2.9999999999999991 3 5
leaf_count=3 3 3 3 5 3 5 3 3 5
internal_value=9.40429e-07 34.5923 6.47414 53.209 -10.0891 13.0939 -28.4679 -3.88406 -45.2874
internal_weight=36 33 30 27 22 19 14 11 8
internal_count=36 33 30 27 22 19 14 11 8
is_linear=0
shrinkage=0.05


Tree=81
num_leaves=10
num_cat=0
split_feature=4 16 12 12 16 13 16 13 4
split_gain=1.8502e+08 1.04536e+08 2.09943e+08 1.34974e+08 2.28048e+07 1.78876e+07 2.01485e+07 5.90537e+06 5.01461e+06
threshold=-11.334504999999996 24.500000000000004 2.4591933961852441 2.2556213783602157 3.5000000000000004 1.1210109087005007 15.500000000000002 1.3200699465574621 5.5896450000000009
decision_type=2 2 2 2 2 2 2 2 2
left_child=-1 4 3 -3 -2 6 -6 8 -7
right_child=1 2 -4 -5 5 7 -8 -9 -10
leaf_value=-375.94468383789064 -136.73794555664051 185.04842910766607 448.99266510009761 -258.61509602864578 0.98545776367187443 63.54198404947919 -162.91891174316402 98.522043863932268 -21.973961687088007
leaf_weight=2.9999999999999991 4.0000000000000027 3.9999999999999982 4 3 5.0000000000000018 2.9999999999999982 3 3 4
leaf_count=3 4 4 4 3 5 3 3 3 4
internal_value=1.26627e-06 34.1768 160.029 -5.09308 -28.7493 -4.75184 -60.4787 39.8296 14.6757
internal_weight=36 33 11 7 22 18 8 10 7
internal_count=36 33 11 7 22 18 8 10 7
is_linear=0
shrinkage=0.05


Tree=82
num_leaves=11
num_cat=0
split_feature=13 16 12 11 16 14 13 16 0 15
split_gain=1.72235e+08 9.43228e+07 2.57228e+08 1.24868e+08 2.22318e+07 2.8885e+07 2.57297e+07 1.18338e+07 4.09102e+06 1.88474e+06
threshold=0.85175124721785467 24.500000000000004 2.4591933961852441 71.657273419717583 3.5000000000000004 6.5000000000000009 1.1003458070450887 12.500000000000002 2.6978750000000011 2022.5000000000002
decision_type=2 2 2 2 2 2 2 2 2 2
left_child=-1 4 3 -3 -2 7 -7 -6 -9 -8
right_child=1 2 -4 -5 5 6 9 8 -10 -11
leaf_value=-362.72390136718752 -129.90105056762684 -187.7229988098145 548.53658243815096 239.00766703287755 145.8577354431151 -156.9219604492188 34.813761393229157 -17.052124786376947 65.521225992838524 -21.232934252421057
leaf_weight=2.9999999999999991 4.0000000000000027 3.9999999999999982 3 3 3.0000000000000018 3.9999999999999982 3 3 3 3
leaf_count=3 4 4 3 3 3 4 3 3 3 3
internal_value=-1.00666e-07 32.9749 161.174 -4.83843 -22.7639 -0.208676 -58.6945 64.7756 24.2346 6.79041
internal_weight=36 33 10 7 23 19 10 9 6 6
internal_count=36 33 10 7 23 19 10 9 6 6
is_linear=0
shrinkage=0.05


Tree=83
num_leaves=11
num_cat=0
split_feature=4 17 17 16 12 13 17 13 4 15
split_gain=1.63355e+08 9.16354e+07 2.97344e+08 3.50212e+08 7.18881e+07 2.58858e+07 2.17829e+07 1.65358e+07 2.36597e+07 1.08576e+07
threshold=-11.334504999999996 14.350000000000001 13.4 18.500000000000004 2.2705331231665666 0.90531515811053953 10.450000000000001 1.1961237880861357 5.5896450000000009 2022.5000000000002
decision_type=2 2 2 2 2 2 2 2 2 2
left_child=-1 2 5 -4 -3 -2 -7 8 -8 -9
right_child=1 4 3 -5 -6 6 7 9 -10 -11
leaf_value=-353.24882278442385 97.140828514098956 -317.70340677897138 -0.18526204427083334 763.80882670084611 28.437403361002595 -166.49497884114567 115.01722640991214 -148.03601888020827 -56.955525779724113 -13.514457194010413
leaf_weight=2.9999999999999991 4.0000000000000062 2.9999999999999991 2.9999999999999991 3 3 3.0000000000000027 3.9999999999999982 3 4 3
leaf_count=3 4 3 3 3 3 3 4 3 4 3
internal_value=-9.11289e-07 32.1135 71.3905 381.812 -144.633 -17.3012 -44.2288 -18.0289 29.0309 -80.7752
internal_weight=36 33 27 6 6 21 17 14 8 6
internal_count=36 33 27 6 6 21 17 14 8 6
is_linear=0
shrinkage=0.05


Tree=84
num_leaves=10
num_cat=0
split_feature=13 17 17 16 12 16 1 16 3
split_gain=1.53061e+08 8.32707e+07 2.6707e+08 3.16066e+08 6.4879e+07 2.11859e+07 4.00111e+07 8.38295e+06 5.48354e+06
threshold=0.85175124721785467 14.350000000000001 13.4 18.500000000000004 2.2705331231665666 6.5000000000000009 5472.913485 21.500000000000004 27.147145000000005
decision_type=2 2 2 2 2 2 2 2 2
left_child=-1 2 5 -4 -3 -2 7 8 -7
right_child=1 4 3 -5 -6 6 -8 -9 -10
leaf_value=-341.93825683593752 -119.06162796020487 -301.81822509765624 -0.17600504557291669 725.61839192708317 27.01553217569986 -56.462929280598907 127.66615112304687 -90.129605712890623 32.962049865722655
leaf_weight=2.9999999999999991 4.0000000000000062 2.9999999999999991 2.9999999999999991 3 3 3.0000000000000018 4.9999999999999991 5 4
leaf_count=3 4 3 3 3 3 3 5 5 4
internal_value=-1.71661e-06 31.0853 68.5268 362.721 -137.401 -15.5288 8.83189 -40.6824 -5.36294
internal_weight=36 33 27 6 6 21 17 12 7
internal_count=36 33 27 6 6 21 17 12 7
is_linear=0
shrinkage=0.05


Tree=85
num_leaves=11
num_cat=0
split_feature=4 17 16 12 12 16 1 13 4 14
split_gain=1.46162e+08 7.5948e+07 2.49689e+08 4.0686e+08 5.85533e+07 1.89697e+07 3.06577e+07 1.3851e+07 1.66526e+07 9.39333e+06
threshold=-11.334504999999996 14.350000000000001 27.500000000000004 2.2236318194103561 2.2705331231665666 3.5000000000000004 5472.913485 1.1003458070450887 7.6881050000000011 4.5000000000000009
decision_type=2 2 2 2 2 2 2 2 2 2
left_child=-1 2 5 -4 -3 -2 7 -7 9 -9
right_child=1 4 3 -5 -6 6 -8 8 -10 -11
leaf_value=-334.14294454256697 -113.10854721069316 -286.72732543945312 -61.140233230590823 762.32844238281234 25.664758300781244 -123.56210530598945 128.95876312255859 -10.944895426432296 -80.089915466308582 114.17721837361651
leaf_weight=2.9999999999999991 4.0000000000000062 2.9999999999999991 2.9999999999999991 3 3 3.0000000000000027 3.9999999999999991 2.9999999999999982 4 3
leaf_count=3 4 3 3 3 3 3 4 3 4 3
internal_value=-1.46892e-06 30.3766 66.1339 350.594 -130.531 -15.1404 7.91094 -29.3345 -1.06627 51.6162
internal_weight=36 33 27 6 6 21 17 13 10 6
internal_count=36 33 27 6 6 21 17 13 10 6
is_linear=0
shrinkage=0.05


Tree=86
num_leaves=10
num_cat=0
split_feature=17 17 16 12 11 0 3 4 11
split_gain=1.38226e+08 6.91566e+07 2.51255e+08 5.28443e+07 1.92073e+07 3.36107e+07 1.36128e+07 2.53643e+07 7.61905e+06
threshold=9.6500000000000021 14.350000000000001 27.500000000000004 2.2705331231665666 53.422643599253213 1.0000000180025095e-35 27.147145000000005 7.6881050000000011 61.295838864734314
decision_type=2 2 2 2 2 2 2 2 2
left_child=-1 2 4 -3 -2 8 -7 -8 -6
right_child=1 3 -4 -5 5 6 7 -9 -10
leaf_value=-324.94522094726562 -126.62571411132784 -272.39095662434897 383.60376960754394 24.3815195719401 163.74301452636701 -112.41450414657594 92.288547515869169 -76.634036254882801 51.055739339192698
leaf_weight=2.9999999999999991 3.0000000000000062 2.9999999999999991 4.9999999999999991 3 3.0000000000000027 3.9999999999999991 3.9999999999999982 5 3
leaf_count=3 3 3 5 3 3 4 4 5 3
internal_value=-4.02662e-07 29.5405 63.6616 -124.005 -9.05249 9.5117 -35.6672 -1.55733 107.399
internal_weight=36 33 27 6 22 19 13 9 6
internal_count=36 33 27 6 22 19 13 9 6
is_linear=0
shrinkage=0.05


Tree=87
num_leaves=10
num_cat=0
split_feature=4 13 3 13 17 0 13 15 1
split_gain=1.3039e+08 6.55397e+07 7.71366e+07 2.33013e+07 1.44121e+07 1.99339e+07 1.07547e+07 1.43513e+07 1.01917e+07
threshold=-11.334504999999996 1.4706759625324868 34.687360000000005 0.90531515811053953 10.450000000000001 1443.0757250000004 1.1961237880861357 2022.5000000000002 785.36652500000002
decision_type=2 2 2 2 2 2 2 2 2
left_child=-1 2 3 -2 -5 6 8 -8 -6
right_child=1 -3 -4 4 5 -7 7 -9 -10
leaf_value=-315.60002797444668 91.064602661132653 251.51663004557292 246.93376668294275 -141.88120117187484 -14.841458892822244 -124.19296417236329 -126.84850870768226 11.480863037109373 98.028248596191389
leaf_weight=2.9999999999999991 4.0000000000000062 2.9999999999999991 2.9999999999999991 3.0000000000000027 4.0000000000000053 3.9999999999999991 3 5 4
leaf_count=3 4 3 3 3 4 4 3 5 4
internal_value=1.27157e-07 28.6909 6.40834 -20.3167 -39.6874 -24.3583 0.600372 -40.3927 41.5934
internal_weight=36 33 30 27 23 20 16 8 8
internal_count=36 33 30 27 23 20 16 8 8
is_linear=0
shrinkage=0.05


Tree=88
num_leaves=10
num_cat=0
split_feature=13 17 17 12 4 0 15 16 3
split_gain=1.26915e+08 6.43962e+07 2.10199e+08 5.05635e+07 4.13422e+07 1.76544e+07 2.88008e+07 6.03948e+06 9.31501e+06
threshold=0.85175124721785467 14.350000000000001 13.9 2.2705331231665666 16.650415000000006 1.0000000180025095e-35 2022.5000000000002 21.500000000000004 27.147145000000005
decision_type=2 2 2 2 2 2 2 2 2
left_child=-1 2 4 -3 5 6 -2 8 -7
right_child=1 3 -4 -5 -6 7 -8 -9 -10
leaf_value=-311.36582031250003 -76.931421915689853 -265.00902099609374 455.82352701822924 25.288334655761712 185.53214518229169 -75.869559669494649 119.03063354492186 -91.966997070312487 32.036690521240232
leaf_weight=2.9999999999999991 3.0000000000000089 2.9999999999999991 2.9999999999999991 3 2.9999999999999991 3.9999999999999982 5 5 4
leaf_count=3 3 3 3 3 3 4 5 5 4
internal_value=-1.759e-06 28.306 61.2318 -119.86 11.9079 -12.8956 45.5449 -48.859 -21.9164
internal_weight=36 33 27 6 24 21 8 13 8
internal_count=36 33 27 6 24 21 8 13 8
is_linear=0
shrinkage=0.05


Tree=89
num_leaves=10
num_cat=0
split_feature=4 17 16 14 11 0 16 2 12
split_gain=1.1672e+08 6.11981e+07 1.5447e+08 3.06883e+08 1.33249e+07 3.01225e+07 1.25176e+07 5.93788e+06 3.34977e+06
threshold=-11.334504999999996 14.650000000000002 27.500000000000004 8.5000000000000018 53.422643599253213 1.0000000180025095e-35 15.500000000000002 15.017980555331542 2.2236318194103561
decision_type=2 2 2 2 2 2 2 2 2
left_child=-1 2 4 -4 -2 -6 7 -7 -8
right_child=1 -3 3 -5 5 6 8 -9 -10
leaf_value=-298.59830169677736 -112.1780700683591 -188.17354888916017 636.61141560872397 -32.371650314331049 107.10744216918938 -47.488244628906266 -43.492625427246082 41.490250244140618 -113.38594131469725
leaf_weight=2.9999999999999991 3.0000000000000062 2.9999999999999991 2.9999999999999991 4 5.0000000000000027 2.9999999999999982 3 5 4
leaf_count=3 3 3 3 4 5 3 3 5 4
internal_value=-8.26518e-07 27.1453 48.6772 254.335 -13.9144 0.825104 -34.6023 8.12331 -83.4317
internal_weight=36 33 30 7 23 20 15 8 7
internal_count=36 33 30 7 23 20 15 8 7
is_linear=0
shrinkage=0.05


Tree=90
num_leaves=11
num_cat=0
split_feature=13 17 16 12 12 16 1 13 4 14
split_gain=1.13454e+08 5.80134e+07 1.83249e+08 3.3204e+08 4.28087e+07 1.3386e+07 2.85716e+07 8.93039e+06 1.50154e+07 5.91462e+06
threshold=0.85175124721785467 14.350000000000001 27.500000000000004 2.2236318194103561 2.2705331231665666 3.5000000000000004 5472.913485 1.1003458070450887 7.6881050000000011 4.5000000000000009
decision_type=2 2 2 2 2 2 2 2 2 2
left_child=-1 2 5 -4 -3 -2 7 -7 9 -9
right_child=1 4 3 -5 -6 6 -8 8 -10 -11
leaf_value=-294.39112345377606 -93.908606719970535 -247.42410074869792 -70.24698028564454 673.66178385416652 19.686179351806636 -103.8655558268228 124.60863251686096 -5.1233459472656264 -80.544628143310533 94.162614949544249
leaf_weight=2.9999999999999991 4.0000000000000062 2.9999999999999991 2.9999999999999991 3 3 3.0000000000000027 3.9999999999999991 2.9999999999999982 4 3
leaf_count=3 4 3 3 3 3 3 4 3 4 3
internal_value=1.7484e-07 26.7628 58.0143 301.707 -113.869 -11.6123 7.7516 -28.2044 -5.50607 44.5196
internal_weight=36 33 27 6 6 21 17 13 10 6
internal_count=36 33 27 6 6 21 17 13 10 6
is_linear=0
shrinkage=0.05


Tree=91
num_leaves=10
num_cat=0
split_feature=17 17 16 14 16 1 16 14 12
split_gain=1.14513e+08 5.39599e+07 1.32963e+08 2.52512e+08 1.3447e+07 2.88171e+07 1.43173e+07 5.65472e+06 2.64032e+06
threshold=9.6500000000000021 14.650000000000002 27.500000000000004 8.5000000000000018 3.5000000000000004 5472.913485 15.500000000000002 7.5000000000000009 2.2236318194103561
decision_type=2 2 2 2 2 2 2 2 2
left_child=-1 2 4 -4 -2 6 7 -6 -8
right_child=1 -3 3 -5 5 -7 8 -9 -10
leaf_value=-295.76204630533852 -89.2131729125975 -175.29733937581381 581.99735514322924 -66.734629821777318 64.29179687499996 115.16595520019533 -40.20254821777344 -19.781971740722653 -102.25467605590819
leaf_weight=2.9999999999999991 4.0000000000000062 2.9999999999999991 2.9999999999999991 3 4.0000000000000018 4.9999999999999991 2.9999999999999991 4 4
leaf_count=3 4 3 3 3 4 5 3 4 4
internal_value=1.52588e-06 26.8875 47.1059 257.631 -5.52542 11.2121 -23.4391 22.2549 -75.6609
internal_weight=36 33 30 6 24 20 15 8 7
internal_count=36 33 30 6 24 20 15 8 7
is_linear=0
shrinkage=0.05


Tree=92
num_leaves=10
num_cat=0
split_feature=4 17 17 12 16 14 14 11 0
split_gain=1.03975e+08 5.26294e+07 1.6322e+08 3.64111e+07 2.87671e+07 4.5833e+07 1.09348e+07 5.51686e+06 4.87575e+06
threshold=-11.334504999999996 14.350000000000001 13.9 2.2705331231665666 24.500000000000004 8.5000000000000018 9.5000000000000018 58.923948362859164 743.39287000000013
decision_type=2 2 2 2 2 2 2 2 2
left_child=-1 2 4 -3 6 -6 7 -2 -9
right_child=1 3 -4 -5 5 -7 -8 8 -10
leaf_value=-281.82497863769532 -93.442220458984195 -231.49855143229166 403.09852498372402 14.845160992940263 209.01578903198239 -30.340005302429194 34.524005737304684 22.744106038411452 -67.401636759440095
leaf_weight=2.9999999999999991 5.0000000000000089 2.9999999999999991 2.9999999999999991 3 4 4 4.9999999999999991 3 3
leaf_count=3 5 3 3 3 4 4 5 3 3
internal_value=-1.7537e-06 25.6205 55.3865 -108.327 11.9225 89.3379 -26.7852 -54.6531 -22.3288
internal_weight=36 33 27 6 24 8 16 11 6
internal_count=36 33 27 6 24 8 16 11 6
is_linear=0
shrinkage=0.05


Tree=93
num_leaves=9
num_cat=0
split_feature=17 17 16 12 0 15 3 4
split_gain=9.99719e+07 4.80843e+07 1.71999e+08 3.2861e+07 1.4798e+07 2.19403e+07 6.52968e+06 1.84792e+07
threshold=9.6500000000000021 14.350000000000001 27.500000000000004 2.2705331231665666 1.0000000180025095e-35 2022.5000000000002 27.147145000000005 7.6881050000000011
decision_type=2 2 2 2 2 2 2 2
left_child=-1 2 4 -3 5 -2 -6 -8
right_child=1 3 -4 -5 6 -7 7 -9
leaf_value=-276.34658406575522 -59.238945515950405 -219.92361653645835 318.28847366333008 14.102901148796079 -83.399713287353521 111.79826377868652 67.967238616943376 -76.217054748535148
leaf_weight=2.9999999999999991 3.0000000000000053 2.9999999999999991 4.9999999999999991 3 4.9999999999999991 5 3.9999999999999982 5
leaf_count=3 3 3 5 3 5 5 4 5
internal_value=1.84973e-06 25.1224 53.5741 -102.91 -6.5882 47.6593 -37.5868 -12.1351
internal_weight=36 33 27 6 22 8 14 9
internal_count=36 33 27 6 22 8 14 9
is_linear=0
shrinkage=0.05


Tree=94
num_leaves=10
num_cat=0
split_feature=11 11 16 16 13 16 2 13 0
split_gain=9.436e+07 1.81918e+08 1.9854e+08 1.47345e+08 5.48199e+07 1.97914e+07 3.29827e+07 1.00026e+07 9.42923e+06
threshold=64.236891110942281 71.657273419717583 18.500000000000004 27.500000000000004 1.1724470252052888 3.5000000000000004 1.8032129776033969 1.1724470252052888 1443.0757250000004
decision_type=2 2 2 2 2 2 2 2 2
left_child=3 2 -2 5 8 -1 -7 -8 -3
right_child=1 4 -4 -5 -6 6 7 -9 -10
leaf_value=-78.268780517578065 -18.124981689453104 10.163976681232455 -593.36375427246082 400.82843526204431 182.58282165527339 192.99129536946614 -73.590451558430971 41.894721679687493 -98.401824951171861
leaf_weight=4.0000000000000027 3.0000000000000027 3.9999999999999982 3 2.9999999999999991 4 2.9999999999999991 3 5 4
leaf_count=4 3 4 3 3 4 3 3 5 4
internal_value=2.55638e-07 -80.9492 -305.744 80.9492 31.4483 16.9734 51.6069 -1.41222 -44.1189
internal_weight=36 18 6 18 12 15 11 8 8
internal_count=36 18 6 18 12 15 11 8 8
is_linear=0
shrinkage=0.05


Tree=95
num_leaves=10
num_cat=0
split_feature=4 18 3 13 13 13 13 4 12
split_gain=9.08229e+07 4.23496e+07 1.2618e+08 8.91077e+07 1.5306e+07 1.56483e+07 1.00661e+07 5.60758e+06 2.96699e+06
threshold=-11.334504999999996 0.99319721413978501 33.784510000000004 1.3200699465574621 0.90531515811053953 1.1003458070450887 1.1961237880861357 5.5896450000000009 2.4591933961852441
decision_type=2 2 2 2 2 2 2 2 2
left_child=-1 -2 3 4 -3 8 7 -7 -6
right_child=1 2 -4 -5 5 6 -8 -9 -10
leaf_value=-263.39820760091146 203.06256713867188 85.381260681152128 -301.5948486328125 230.74829956054688 -52.99829292297359 106.44118448893232 -37.954786376953123 9.7666436831156389 -118.77715454101559
leaf_weight=2.9999999999999991 2.9999999999999991 4.0000000000000098 2.9999999999999991 4.9999999999999991 4.0000000000000027 2.9999999999999982 5 3 3
leaf_count=3 3 4 3 5 4 3 5 3 3
internal_value=-2.6226e-07 23.9453 6.03356 40.2145 -3.08864 -22.7486 14.4409 58.1039 -81.1892
internal_weight=36 33 30 27 22 18 11 6 7
internal_count=36 33 30 27 22 18 11 6 7
is_linear=0
shrinkage=0.05


Tree=96
num_leaves=10
num_cat=0
split_feature=17 14 16 18 3 13 11 16 16
split_gain=8.91718e+07 4.12017e+07 1.16698e+08 6.98126e+07 6.9469e+07 1.73798e+07 1.73657e+07 9.85488e+06 2.67902e+06
threshold=9.6500000000000021 5.5000000000000009 24.500000000000004 0.99319721413978501 33.784510000000004 1.1210109087005007 58.923948362859164 3.5000000000000004 21.500000000000004
decision_type=2 2 2 2 2 2 2 2 2
left_child=-1 2 6 -3 5 8 7 -2 -5
right_child=1 3 -4 4 -6 -7 -8 -9 -10
leaf_value=-260.99294433593752 -120.59983520507818 192.90943806966146 316.19959564208989 -31.12474501132963 -286.51511027018228 67.587144470214852 69.648531494140613 7.5594284057617163 -88.993389129638658
leaf_weight=2.9999999999999991 2.9999999999999982 2.9999999999999991 3.9999999999999991 4.0000000000000018 2.9999999999999991 3.9999999999999991 5 3 4
leaf_count=3 3 3 4 4 3 4 5 3 4
internal_value=3.15242e-07 23.7266 84.928 -27.2745 -71.3113 -17.5103 0.829222 -56.5202 -60.0591
internal_weight=36 33 15 18 15 12 11 6 8
internal_count=36 33 15 18 15 12 11 6 8
is_linear=0
shrinkage=0.05


Tree=97
num_leaves=11
num_cat=0
split_feature=13 17 16 14 0 15 16 3 3 12
split_gain=8.33099e+07 3.86183e+07 9.01969e+07 2.07154e+08 9.41618e+06 1.71385e+07 6.81989e+06 1.28452e+07 6.79024e+06 4.21458e+06
threshold=0.85175124721785467 14.650000000000002 27.500000000000004 8.5000000000000018 1.0000000180025095e-35 2022.5000000000002 15.500000000000002 27.147145000000005 30.754770000000001 2.2556213783602157
decision_type=2 2 2 2 2 2 2 2 2 2
left_child=-1 2 4 -4 5 -2 7 -6 -9 -8
right_child=1 -3 3 -5 6 -7 9 8 -10 -11
leaf_value=-252.26874796549478 -49.762506103515506 -148.11121159990628 511.26752929687501 -38.367969131469721 -84.638987223307325 108.33107213973997 -32.366957473754887 95.266245524088518 -11.115441894531248 -110.76503906249998
leaf_weight=2.9999999999999991 3.0000000000000062 2.9999999999999991 2.9999999999999991 4 2.9999999999999982 4 3.9999999999999991 3 3 3
leaf_count=3 3 3 3 4 3 4 4 3 3 3
internal_value=2.91814e-06 22.9335 40.038 197.19 -7.7909 40.5767 -28.9517 -0.162728 42.0754 -65.9661
internal_weight=36 33 30 7 23 7 16 9 6 7
internal_count=36 33 30 7 23 7 16 9 6 7
is_linear=0
shrinkage=0.05


Tree=98
num_leaves=10
num_cat=0
split_feature=11 11 16 16 13 1 7 17 13
split_gain=8.18506e+07 1.53974e+08 1.58551e+08 1.228e+08 4.38977e+07 2.14779e+07 9.21375e+06 5.66713e+06 1.04361e+07
threshold=64.236891110942281 71.657273419717583 18.500000000000004 27.500000000000004 1.1724470252052888 10031.083400000001 410.31663500000008 11.600000000000001 1.2514719605733744
decision_type=2 2 2 2 2 2 2 2 2
left_child=3 2 -2 5 6 7 -3 -1 -9
right_child=1 4 -4 -5 -6 -7 -8 8 -10
leaf_value=-66.566820907592728 -25.176123046874974 1.9551280212402347 -539.23068237304676 367.41610107421877 163.25565338134763 116.20516662597657 -108.88258666992186 78.533527628580714 -44.833088684082021
leaf_weight=4.0000000000000018 3.0000000000000027 4.9999999999999982 3 2.9999999999999991 4 3.9999999999999991 3 3 4
leaf_count=4 3 5 3 3 4 4 3 3 4
internal_value=-2.3312e-07 -75.3928 -282.203 75.3928 28.0125 16.9881 -39.609 -19.0908 8.03832
internal_weight=36 18 6 18 12 15 8 11 7
internal_count=36 18 6 18 12 15 8 11 7
is_linear=0
shrinkage=0.05


Tree=99
num_leaves=10
num_cat=0
split_feature=4 13 3 13 0 17 13 2 12
split_gain=7.69782e+07 3.56218e+07 3.68401e+07 1.66855e+07 1.06382e+07 1.01462e+07 7.60917e+06 5.72733e+06 1.24838e+06
threshold=-11.334504999999996 1.4706759625324868 34.687360000000005 0.90531515811053953 1443.0757250000004 11.000000000000002 1.1961237880861357 16.816404825268823 2.3700680835086492
decision_type=2 2 2 2 2 2 2 2 2
left_child=-1 2 3 -2 5 -5 7 -7 -8
right_child=1 -3 -4 4 -6 6 8 -9 -10
leaf_value=-242.49291737874353 81.400454711913923 186.31966145833334 171.84040323893231 -74.780917053222552 -103.35541229248048 84.223807525634797 -4.2855021158854161 -7.1674156188964835 -46.953369140624993
leaf_weight=2.9999999999999991 4.0000000000000062 2.9999999999999991 2.9999999999999991 5.0000000000000062 3.9999999999999991 3.9999999999999982 3 3 4
leaf_count=3 4 3 3 5 4 4 3 3 4
internal_value=7.41747e-07 22.0448 5.61733 -12.8519 -29.2436 -13.6411 8.1945 45.0561 -28.6671
internal_weight=36 33 30 27 23 19 14 7 7
internal_count=36 33 30 27 23 19 14 7 7
is_linear=0
shrinkage=0.05


Tree=100
num_leaves=10
num_cat=0
split_feature=11 11 16 0 13 17 7 0 2
split_gain=7.51289e+07 1.38822e+08 1.43044e+08 1.12824e+08 3.82159e+07 2.28785e+07 8.29227e+06 5.29078e+06 1.36369e+06
threshold=64.236891110942281 71.657273419717583 18.500000000000004 53.678430000000006 1.1724470252052888 9.9500000000000011 410.31663500000008 1.0000000180025095e-35 10.94469346527778
decision_type=2 2 2 2 2 2 2 2 2
left_child=3 2 -2 5 6 -1 -3 -7 -9
right_child=1 4 -4 -5 -6 7 -8 8 -10
leaf_value=103.57654174804679 -24.467063395182265 2.2919433593750003 -512.73663940429674 352.14185994466152 152.1423645019531 17.127157545089727 -102.85728251139319 -80.947514851888002 -33.273526000976553
leaf_weight=5.0000000000000027 3.0000000000000027 4.9999999999999982 3 2.9999999999999991 4 3.9999999999999982 3 3 3
leaf_count=5 3 5 3 3 4 4 3 3 3
internal_value=4.18557e-07 -72.2308 -268.602 72.2308 25.9548 16.2485 -37.139 -27.4154 -57.1105
internal_weight=36 18 6 18 12 15 8 10 6
internal_count=36 18 6 18 12 15 8 10 6
is_linear=0
shrinkage=0.05


Tree=101
num_leaves=9
num_cat=0
split_feature=17 17 16 12 17 11 1 12
split_gain=7.01855e+07 3.2705e+07 1.13696e+08 2.02007e+07 1.11613e+07 1.72291e+07 6.12196e+06 3.93648e+06
threshold=9.6500000000000021 14.350000000000001 27.500000000000004 2.2705331231665666 12.200000000000001 57.014233817204307 5472.913485 2.4591933961852441
decision_type=2 2 2 2 2 2 2 2
left_child=-1 2 4 -3 5 -2 -7 -6
right_child=1 3 -4 -5 7 6 -8 -9
leaf_value=-231.54677632649742 -79.859367879231584 -176.28507080078126 259.73673492431641 7.2028600056966132 -76.778735656738306 17.638624877929693 95.881562881469719 -10.231464385986326
leaf_weight=2.9999999999999991 3.0000000000000062 2.9999999999999991 4.9999999999999991 3 4.9999999999999982 4.9999999999999982 5 4
leaf_count=3 3 3 5 3 5 5 5 4
internal_value=3.49681e-07 21.0497 44.5143 -84.5411 -4.39985 25.2325 56.7601 -47.2022
internal_weight=36 33 27 6 22 13 10 9
internal_count=36 33 27 6 22 13 10 9
is_linear=0
shrinkage=0.05


Tree=102
num_leaves=10
num_cat=0
split_feature=11 11 16 16 13 1 7 17 13
split_gain=6.7006e+07 1.19999e+08 1.26749e+08 1.00337e+08 3.29003e+07 2.06433e+07 7.12443e+06 3.86176e+06 9.82484e+06
threshold=64.236891110942281 71.657273419717583 18.500000000000004 27.500000000000004 1.1724470252052888 10031.083400000001 410.31663500000008 11.600000000000001 1.2514719605733744
decision_type=2 2 2 2 2 2 2 2 2
left_child=3 2 -2 5 6 7 -3 -1 -9
right_child=1 4 -4 -5 -6 -7 -8 8 -10
leaf_value=-59.141094970703094 -20.978395589192687 1.0797737121582034 -480.59657796223951 332.1816446940104 140.15535736083982 112.69119949340821 -96.384294637044249 70.844120279947887 -48.855047607421866
leaf_weight=4.0000000000000018 3.0000000000000027 4.9999999999999982 3 2.9999999999999991 4 3.9999999999999991 3 3 4
leaf_count=4 3 5 3 3 4 4 3 3 4
internal_value=4.45048e-07 -68.2143 -250.787 68.2143 23.0723 15.4208 -35.4693 -19.9502 2.4446
internal_weight=36 18 6 18 12 15 8 11 7
internal_count=36 18 6 18 12 15 8 11 7
is_linear=0
shrinkage=0.05


Tree=103
num_leaves=11
num_cat=0
split_feature=14 11 1 1 18 15 11 15 15 17
split_gain=6.5555e+07 1.06335e+08 3.74733e+07 1.14755e+08 5.2997e+07 7e+07 1.8312e+07 9.9837e+06 8.93978e+06 4.20044e+06
threshold=10.500000000000002 61.295838864734314 356.60882500000002 785.36652500000002 0.99319721413978501 2023.5000000000002 58.923948362859164 2023.5000000000002 2022.5000000000002 14.350000000000001
decision_type=2 2 2 2 2 2 2 2 2 2
left_child=2 -2 4 -4 -1 9 8 -8 -5 -6
right_child=1 -3 3 6 5 -7 7 -9 -10 -11
leaf_value=156.714599609375 59.619623819986977 -361.36215922037752 361.19208272298181 -107.00819498697921 -31.194269866943344 -286.34102376302087 124.77422180175779 4.1112208048502596 15.055874379475908 43.642794799804676
leaf_weight=2.9999999999999991 2.9999999999999991 3 2.9999999999999991 2.9999999999999982 5.0000000000000018 2.9999999999999991 4 3 3 3
leaf_count=3 3 3 3 3 5 3 4 3 3 3
internal_value=-2.11928e-07 -150.871 30.1743 82.4469 -29.5659 -80.3696 18.121 73.0615 -45.9762 -3.13037
internal_weight=36 6 30 16 14 11 13 7 6 8
internal_count=36 6 30 16 14 11 13 7 6 8
is_linear=0
shrinkage=0.05


Tree=104
num_leaves=11
num_cat=0
split_feature=4 13 3 13 16 8 17 17 13 2
split_gain=6.13509e+07 3.19059e+07 2.7935e+07 1.27114e+07 1.12198e+07 8.21424e+06 6.5763e+06 6.80408e+06 6.27696e+06 753703
threshold=-11.334504999999996 1.4706759625324868 34.687360000000005 0.90531515811053953 27.500000000000004 1053.5550500000002 12.200000000000001 14.350000000000001 1.2514719605733744 10.94469346527778
decision_type=2 2 2 2 2 2 2 2 2 2
left_child=-1 2 3 -2 5 6 9 8 -8 -5
right_child=1 -3 -4 4 -6 -7 7 -9 -10 -11
leaf_value=-216.48394978841148 70.316120910644415 175.15110473632814 148.87886555989584 26.952334594726466 -116.42463582356771 -76.818253135681161 -7.5358640670776387 41.460654067993154 -103.21187947591143 62.394845072428375
leaf_weight=2.9999999999999991 4.0000000000000062 2.9999999999999991 2.9999999999999991 3.0000000000000098 2.9999999999999991 3.9999999999999991 3.9999999999999982 3 3 3
leaf_count=3 4 3 3 3 3 4 4 3 3 3
internal_value=8.795e-07 19.6804 4.13329 -11.9496 -26.2566 -12.7314 3.29028 -21.5397 -48.5399 44.6736
internal_weight=36 33 30 27 23 20 16 10 7 6
internal_count=36 33 30 27 23 20 16 10 7 6
is_linear=0
shrinkage=0.05


Tree=105
num_leaves=10
num_cat=0
split_feature=11 11 16 0 13 1 1 3 15
split_gain=6.23372e+07 1.04479e+08 1.11964e+08 9.16393e+07 2.90899e+07 2.01872e+07 5.61449e+06 5.51681e+06 1.83609e+06
threshold=64.236891110942281 71.657273419717583 18.500000000000004 53.678430000000006 1.1724470252052888 10031.083400000001 1.0000000180025095e-35 23.378955000000005 2022.5000000000002
decision_type=2 2 2 2 2 2 2 2 2
left_child=3 2 -2 5 6 7 -3 8 -1
right_child=1 4 -4 -5 -6 -7 -8 -9 -10
leaf_value=-14.971611022949205 -20.163356526692684 -89.739077758789094 -452.14262491861967 318.06146341959635 129.47852935791013 111.53130416870118 -3.217510528564453 -58.42543518066406 40.346972211201972
leaf_weight=3.0000000000000018 3.0000000000000027 2.9999999999999982 3 2.9999999999999991 4 3.9999999999999991 5 5 3
leaf_count=3 3 3 3 3 4 4 5 5 3
internal_value=-2.72857e-06 -65.7949 -236.153 65.7949 19.3841 15.3416 -35.6631 -19.6365 12.6877
internal_weight=36 18 6 18 12 15 8 11 6
internal_count=36 18 6 18 12 15 8 11 6
is_linear=0
shrinkage=0.05


Tree=106
num_leaves=10
num_cat=0
split_feature=17 12 12 1 6 13 14 15 14
split_gain=5.72208e+07 2.96995e+07 8.33769e+07 4.14848e+07 4.67103e+07 4.435e+07 6.38864e+06 8.42365e+06 5.53661e+06
threshold=9.6500000000000021 2.3908275892027597 2.5589999483969001 0.65214000000000005 15.389365000000002 1.1724470252052888 5.5000000000000009 2022.5000000000002 9.5000000000000018
decision_type=2 2 2 2 2 2 2 2 2
left_child=-1 3 -3 5 -5 -2 7 -4 -6
right_child=1 2 6 4 8 -7 -8 -9 -10
leaf_value=-209.07007751464846 -48.897528584798124 237.97125000000003 -46.139095052083348 -244.94248250325523 -57.195862579345714 222.97869567871089 -76.258331616719545 72.348976643880192 17.212508544921871
leaf_weight=2.9999999999999991 3.0000000000000027 4.9999999999999991 2.9999999999999982 2.9999999999999991 4.9999999999999982 3 3 3 5
leaf_count=3 3 5 3 3 5 3 3 3 5
internal_value=-1.36163e-06 19.0064 74.2651 -21.7106 -71.9034 87.0406 -16.6828 13.1049 -19.9917
internal_weight=36 33 14 19 13 6 9 6 10
internal_count=36 33 14 19 13 6 9 6 10
is_linear=0
shrinkage=0.05


Tree=107
num_leaves=10
num_cat=0
split_feature=11 11 16 16 13 1 7 0 3
split_gain=5.49202e+07 8.82557e+07 9.98045e+07 8.41884e+07 2.4567e+07 1.91251e+07 5.61499e+06 2.64476e+06 4.71524e+06
threshold=64.236891110942281 71.657273419717583 18.500000000000004 27.500000000000004 1.1724470252052888 10031.083400000001 410.31663500000008 1.0000000180025095e-35 27.147145000000005
decision_type=2 2 2 2 2 2 2 2 2
left_child=3 2 -2 5 6 7 -3 -1 -9
right_child=1 4 -4 -5 -6 -7 -8 8 -10
leaf_value=11.785420083999625 -14.406424967447899 -1.6099213409423834 -422.25549316406244 303.5504191080729 117.70468292236326 107.02336959838868 -88.135370890299455 -74.719373703002915 8.204601033528645
leaf_weight=4.0000000000000018 3.0000000000000027 4.9999999999999982 3 2.9999999999999991 4 3.9999999999999991 3 4 3
leaf_count=4 3 5 3 3 4 4 3 4 3
internal_value=-4.92732e-07 -61.7568 -218.331 61.7568 16.5303 13.3981 -34.057 -20.6475 -39.1805
internal_weight=36 18 6 18 12 15 8 11 7
internal_count=36 18 6 18 12 15 8 11 7
is_linear=0
shrinkage=0.05


Tree=108
num_leaves=11
num_cat=0
split_feature=14 11 1 1 18 15 16 13 12 17
split_gain=5.2622e+07 8.8319e+07 3.25499e+07 1.03807e+08 3.82164e+07 5.13569e+07 1.5609e+07 9.12142e+06 4.81043e+06 3.20647e+06
threshold=10.500000000000002 61.295838864734314 356.60882500000002 785.36652500000002 0.99319721413978501 2023.5000000000002 6.5000000000000009 1.1961237880861357 2.3908275892027597 14.350000000000001
decision_type=2 2 2 2 2 2 2 2 2 2
left_child=2 -2 4 -4 -1 9 -5 8 -8 -6
right_child=1 -3 3 6 5 -7 7 -9 -10 -11
leaf_value=129.54240417480469 56.659929402669277 -327.00434519449863 340.867421468099 -67.610083389282224 -30.145296325683582 -248.20846354166667 41.920300229390477 -20.088878377278643 131.46012573242183 35.240461476643866
leaf_weight=2.9999999999999991 2.9999999999999991 3 2.9999999999999991 3.9999999999999991 5.0000000000000018 2.9999999999999991 2.9999999999999982 3 3 3
leaf_count=3 3 3 3 4 5 3 3 3 3 3
internal_value=1.41462e-06 -135.172 27.0344 75.7523 -28.6431 -71.7846 14.5719 51.0972 86.6902 -5.62564
internal_weight=36 6 30 16 14 11 13 9 6 8
internal_count=36 6 30 16 14 11 13 9 6 8
is_linear=0
shrinkage=0.05


Tree=109
num_leaves=10
num_cat=0
split_feature=11 11 16 0 13 1 3 7 2
split_gain=5.03063e+07 7.69508e+07 8.84077e+07 7.65953e+07 2.2697e+07 1.63863e+07 4.78265e+06 4.17301e+06 1.04749e+06
threshold=64.236891110942281 71.657273419717583 18.500000000000004 53.678430000000006 1.1724470252052888 10031.083400000001 23.378955000000005 410.31663500000008 4.1901011186622137
decision_type=2 2 2 2 2 2 2 2 2
left_child=3 2 -2 5 7 6 8 -3 -1
right_child=1 4 -4 -5 -6 -7 -8 -9 -10
leaf_value=-9.3291135152180917 -13.379932657877589 -6.6560568618774427 -397.23696289062491 289.73792724609376 111.24299163818358 99.641825866699222 -54.650162963867189 -81.248412068684885 32.453768754005424
leaf_weight=3.0000000000000018 3.0000000000000027 4.9999999999999982 3 2.9999999999999991 4 3.9999999999999991 5 3 3
leaf_count=3 3 5 3 3 4 4 5 3 3
internal_value=-1.2517e-07 -59.1058 -205.308 59.1058 13.9955 12.9794 -18.5343 -34.6282 11.5623
internal_weight=36 18 6 18 12 15 11 8 6
internal_count=36 18 6 18 12 15 11 8 6
is_linear=0
shrinkage=0.05


Tree=110
num_leaves=11
num_cat=0
split_feature=4 13 3 13 16 12 13 12 0 4
split_gain=4.82786e+07 2.75683e+07 1.84725e+07 9.63175e+06 9.25253e+06 9.78856e+06 5.46317e+06 3.50648e+06 3.9192e+06 4.9487e+06
threshold=-11.334504999999996 1.4706759625324868 34.687360000000005 0.90531515811053953 27.500000000000004 2.2236318194103561 0.97347757341424435 2.5936450138888891 220.66570000000004 -1.0000000180025095e-35
decision_type=2 2 2 2 2 2 2 2 2 2
left_child=-1 2 3 -2 5 -5 -7 8 9 -8
right_child=1 -3 -4 4 -6 6 7 -9 -10 -11
leaf_value=-192.04041086832683 61.538401031494033 161.97484283447267 120.71131286621095 59.715794539451501 -104.40810750325521 -88.552704874674475 -8.9317901611327937 25.253767585754396 15.652263387044266 -99.749355061849172
leaf_weight=2.9999999999999991 4.0000000000000062 2.9999999999999991 2.9999999999999991 4.0000000000000062 2.9999999999999991 2.9999999999999991 3.0000000000000053 3.9999999999999991 3 2.9999999999999929
leaf_count=3 4 3 3 4 3 3 3 4 3 3
internal_value=1.24507e-07 17.4582 3.00656 -10.0717 -22.5257 -10.2433 -27.7331 -13.6978 -31.0096 -54.3406
internal_weight=36 33 30 27 23 20 16 13 9 6
internal_count=36 33 30 27 23 20 16 13 9 6
is_linear=0
shrinkage=0.05


Tree=111
num_leaves=10
num_cat=0
split_feature=17 12 12 1 6 13 14 14 15
split_gain=4.65622e+07 2.56677e+07 6.99272e+07 2.96056e+07 3.59119e+07 3.45768e+07 5.8901e+06 4.00237e+06 7.04721e+06
threshold=9.6500000000000021 2.3908275892027597 2.5589999483969001 0.65214000000000005 15.389365000000002 1.1724470252052888 9.5000000000000018 5.5000000000000009 2022.5000000000002
decision_type=2 2 2 2 2 2 2 2 2
left_child=-1 3 -3 5 -5 -2 -6 8 -4
right_child=1 2 7 4 6 -7 -8 -9 -10
leaf_value=-188.59567057291667 -48.866006088256782 218.43828247070314 -45.384524027506529 -214.83411356608073 -55.965226516723646 191.19238128662107 20.781745452880855 -61.928173319498683 62.991442871093732
leaf_weight=2.9999999999999991 3.0000000000000027 4.9999999999999991 2.9999999999999982 2.9999999999999991 4.9999999999999982 3 5 3 3
leaf_count=3 3 5 3 3 5 3 5 3 3
internal_value=4.66241e-07 17.1451 68.5163 -20.7074 -63.1092 71.1632 -17.5917 -14.7738 8.80346
internal_weight=36 33 14 19 13 6 10 9 6
internal_count=36 33 14 19 13 6 10 9 6
is_linear=0
shrinkage=0.05


Tree=112
num_leaves=10
num_cat=0
split_feature=11 16 11 16 13 1 7 13 17
split_gain=4.4959e+07 7.09459e+07 6.45822e+07 7.92158e+07 1.86682e+07 1.74149e+07 3.84857e+06 2.95269e+06 5.21871e+06
threshold=64.236891110942281 27.500000000000004 71.657273419717583 18.500000000000004 1.1724470252052888 10031.083400000001 410.31663500000008 1.2514719605733744 11.600000000000001
decision_type=2 2 2 2 2 2 2 2 2
left_child=1 5 3 -2 6 7 -4 8 -1
right_child=2 -3 4 -5 -6 -7 -8 -9 -10
leaf_value=-38.809974813461281 -8.1376210530598865 277.84024658203128 -6.1419056701660173 -371.49179280598946 99.288222312927232 100.82452621459962 -77.775901285807265 -55.273228836059559 48.42886174519856
leaf_weight=4.0000000000000018 3.0000000000000027 2.9999999999999991 4.9999999999999982 3 4 3.9999999999999991 3 4 3
leaf_count=4 3 3 5 3 4 4 3 4 3
internal_value=8.53009e-07 55.8763 -55.8763 -189.815 11.093 11.4835 -33.0047 -21.0042 -1.4219
internal_weight=36 18 18 6 12 15 8 11 7
internal_count=36 18 18 6 12 15 8 11 7
is_linear=0
shrinkage=0.05


Tree=113
num_leaves=11
num_cat=0
split_feature=14 11 1 1 1 13 12 16 13 12
split_gain=4.26953e+07 7.44003e+07 2.77075e+07 9.36434e+07 2.88492e+07 3.84576e+07 2.83187e+07 1.32468e+07 8.38779e+06 3.36668e+06
threshold=10.500000000000002 61.295838864734314 356.60882500000002 785.36652500000002 0.65214000000000005 1.1724470252052888 2.3700680835086492 6.5000000000000009 1.1961237880861357 2.3908275892027597
decision_type=2 2 2 2 2 2 2 2 2 2
left_child=2 -2 4 -4 5 -1 -6 -5 9 -9
right_child=1 -3 3 7 6 -7 -8 8 -10 -11
leaf_value=-49.775415687561008 54.311571248372402 -297.82557347615551 321.10177612304688 -64.517209815979001 -218.52188924153648 176.66835174560543 -1.2711519877115882 41.517540295918792 -23.423721313476559 116.42505493164059
leaf_weight=5.0000000000000018 2.9999999999999991 3 2.9999999999999991 3.9999999999999991 2.9999999999999991 3 3 2.9999999999999982 3 3
leaf_count=5 3 3 3 4 3 3 3 3 3 3
internal_value=-1.18679e-06 -121.757 24.3514 69.2996 -27.0179 35.141 -109.897 11.1914 44.8396 78.9713
internal_weight=36 6 30 16 14 8 6 13 9 6
internal_count=36 6 30 16 14 8 6 13 9 6
is_linear=0
shrinkage=0.05


Tree=114
num_leaves=10
num_cat=0
split_feature=11 11 12 11 1 11 12 13 8
split_gain=4.11096e+07 6.41874e+07 5.52506e+07 9.71006e+07 1.70783e+07 1.14714e+07 6.34766e+06 3.04699e+06 3.85288e+06
threshold=64.236891110942281 63.151977547939076 2.2556213783602157 71.657273419717583 10031.083400000001 75.043804902777794 2.1751164832962302 1.2514719605733744 1053.5550500000002
decision_type=2 2 2 2 2 2 2 2 2
left_child=1 4 5 -4 7 6 -2 8 -1
right_child=2 -3 3 -5 -6 -7 -8 -9 -10
leaf_value=37.044157600402812 22.656355154514294 264.55747731526696 -324.64805374145521 5.8640132141113277 117.90816243489583 -45.662049611409493 125.51273600260413 -51.101618576049809 -32.354013872146602
leaf_weight=4.0000000000000018 3.0000000000000018 2.9999999999999991 3.9999999999999982 5 2.9999999999999991 3 3 3.9999999999999991 4
leaf_count=4 3 3 4 5 3 3 3 4 4
internal_value=-1.2219e-07 53.4306 -53.4306 -141.03 11.2052 34.169 74.0845 -15.4705 2.34507
internal_weight=36 18 18 9 15 9 6 12 8
internal_count=36 18 18 9 15 9 6 12 8
is_linear=0
shrinkage=0.05


Tree=115
num_leaves=9
num_cat=0
split_feature=4 13 3 16 14 16 12 0
split_gain=4.13862e+07 2.62635e+07 1.31781e+07 1.01529e+07 1.22293e+07 4.7401e+06 4.0674e+06 2.36393e+06
threshold=-11.334504999999996 1.4706759625324868 34.687360000000005 27.500000000000004 9.5000000000000018 3.5000000000000004 2.5589999483969001 220.66570000000004
decision_type=2 2 2 2 2 2 2 2
left_child=-1 2 3 4 5 -2 7 -7
right_child=1 -3 -4 -5 -6 6 -8 -9
leaf_value=-177.8045524597168 -62.18505764007547 157.21925201416016 101.47459437052409 -73.302297058105466 74.367577514648445 -47.237542271614089 42.008938789367676 4.3320780372619625
leaf_weight=2.9999999999999991 4.0000000000000133 2.9999999999999991 2.9999999999999991 4.9999999999999991 4.9999999999999991 3.9999999999999982 3.9999999999999991 5
leaf_count=3 4 3 3 5 5 4 4 5
internal_value=8.26518e-07 16.1641 2.05853 -8.9877 5.62926 -14.5879 0.0573828 -18.5878
internal_weight=36 33 30 27 22 17 13 9
internal_count=36 33 30 27 22 17 13 9
is_linear=0
shrinkage=0.05


Tree=116
num_leaves=10
num_cat=0
split_feature=11 0 13 13 11 1 3 15 1
split_gain=3.82104e+07 5.94364e+07 4.91806e+07 1.96437e+07 1.56029e+07 1.38318e+07 4.21771e+06 695719 238736
threshold=64.236891110942281 53.678430000000006 0.97347757341424435 1.3200699465574621 75.043804902777794 10031.083400000001 23.378955000000005 2022.5000000000002 13.446980000000003
decision_type=2 2 2 2 2 2 2 2 2
left_child=1 5 -2 4 8 6 7 -1 -4
right_child=2 -3 3 -5 -6 -7 -8 -9 -10
leaf_value=-6.8364301045735623 -206.13185958862289 254.67526194254557 87.929373041788779 -120.74558715820314 -41.637813262939446 90.500886917114258 -51.989526367187494 27.215463256835932 67.982095845540343
leaf_weight=3.0000000000000018 4.0000000000000027 2.9999999999999991 2.9999999999999982 2.9999999999999991 5 3.9999999999999991 5 3 3
leaf_count=3 4 3 3 3 5 4 5 3 3
internal_value=-1.62125e-06 51.5122 -51.5122 -7.3351 23.595 10.8795 -18.0737 10.1895 77.9557
internal_weight=36 18 18 14 11 15 11 6 6
internal_count=36 18 18 14 11 15 11 6 6
is_linear=0
shrinkage=0.05


Tree=117
num_leaves=10
num_cat=0
split_feature=4 13 3 16 14 11 0 0 14
split_gain=3.7166e+07 2.14797e+07 1.17217e+07 8.81706e+06 1.03406e+07 4.54886e+06 4.19962e+06 5.53052e+06 1.23567e+06
threshold=-11.334504999999996 1.4706759625324868 34.687360000000005 27.500000000000004 9.5000000000000018 57.014233817204307 20.133325000000003 220.66570000000004 7.5000000000000009
decision_type=2 2 2 2 2 2 2 2 2
left_child=-1 2 3 4 5 -2 -7 -8 -9
right_child=1 -3 -4 -5 -6 6 7 8 -10
leaf_value=-168.49549560546876 -68.698478190103842 142.88152453104655 96.32330271402995 -67.791038208007805 68.972805557250979 35.887738380432133 -76.694669596354188 29.141246795654286 -16.239954630533852
leaf_weight=2.9999999999999991 3.0000000000000133 2.9999999999999991 2.9999999999999991 4.9999999999999991 4.9999999999999991 4.9999999999999991 2.9999999999999982 3 3
leaf_count=3 3 3 3 5 5 5 3 3 3
internal_value=-1.20269e-06 15.3178 2.5614 -7.85659 5.76487 -12.8257 -0.85296 -21.2645 6.45065
internal_weight=36 33 30 27 22 17 14 9 6
internal_count=36 33 30 27 22 17 14 9 6
is_linear=0
shrinkage=0.05


Tree=118
num_leaves=10
num_cat=0
split_feature=14 11 12 12 1 16 11 14 0
split_gain=3.65189e+07 6.12817e+07 2.52001e+07 5.00616e+07 2.10249e+07 3.20292e+07 2.70607e+07 9.1217e+06 3.72898e+06
threshold=10.500000000000002 61.295838864734314 2.3908275892027597 2.5589999483969001 0.65214000000000005 27.500000000000004 75.043804902777794 8.5000000000000018 20.133325000000003
decision_type=2 2 2 2 2 2 2 2 2
left_child=2 -2 4 -4 6 7 -1 -6 -5
right_child=1 -3 3 8 5 -7 -8 -9 -10
leaf_value=163.92221221923791 47.187418111165364 -272.39999574025467 199.03631713867188 31.492279052734371 -47.728081891536725 -197.94488321940099 -48.448208618164045 62.554563903808571 -36.78089790344238
leaf_weight=3.0000000000000062 2.9999999999999991 3 4.9999999999999991 4 4.9999999999999982 3 3 3 4
leaf_count=3 3 3 5 4 5 3 3 3 4
internal_value=5.77834e-07 -112.606 22.5213 74.9252 -17.5523 -58.6192 57.737 -6.37209 -2.64431
internal_weight=36 6 30 13 17 11 6 8 8
internal_count=36 6 30 13 17 11 6 8 8
is_linear=0
shrinkage=0.05


Tree=119
num_leaves=11
num_cat=0
split_feature=11 11 11 16 12 11 1 3 3 15
split_gain=3.4379e+07 5.91783e+07 4.74868e+07 6.61458e+07 1.74351e+07 2.77507e+07 1.5431e+07 3.36473e+06 2.91756e+06 601865
threshold=64.236891110942281 63.151977547939076 71.657273419717583 18.500000000000004 2.2236318194103561 75.043804902777794 10031.083400000001 23.378955000000005 27.147145000000005 2022.5000000000002
decision_type=2 2 2 2 2 2 2 2 2 2
left_child=1 6 3 -2 -4 -6 7 9 -9 -1
right_child=2 -3 4 -5 5 -7 -8 8 -10 -11
leaf_value=-6.3994536558786974 2.3019078572591121 251.58290913899742 -62.746675415039078 -329.72672119140617 174.45550842285152 -26.715597724914545 109.74350585937501 -78.38189290364582 -8.6495939254760721 25.272422790527337
leaf_weight=3.0000000000000018 3.0000000000000027 2.9999999999999991 4.9999999999999982 3 3 4 2.9999999999999991 3 3 3
leaf_count=3 3 3 5 3 3 4 3 3 3 3
internal_value=2.55638e-07 48.8613 -48.8613 -163.712 8.56423 59.5006 8.317 -17.0396 -43.5157 9.43648
internal_weight=36 18 18 6 12 7 15 12 6 6
internal_count=36 18 18 6 12 7 15 12 6 6
is_linear=0
shrinkage=0.05


Tree=120
num_leaves=10
num_cat=0
split_feature=17 13 3 16 16 3 16 11 0
split_gain=3.29816e+07 2.00838e+07 1.02035e+07 9.52498e+06 7.92727e+06 7.15462e+06 5.51073e+06 5.12735e+06 1.30676e+06
threshold=9.6500000000000021 1.4706759625324868 34.687360000000005 27.500000000000004 3.5000000000000004 25.047510000000006 18.500000000000004 58.923948362859164 743.39287000000013
decision_type=2 2 2 2 2 2 2 2 2
left_child=-1 2 3 4 -2 7 8 -6 -7
right_child=1 -3 -4 -5 5 6 -8 -9 -10
leaf_value=-158.72708180745443 -59.216017735004272 137.77884133656821 89.574010721842455 -78.837235260009777 2.5294109662373838 29.387114868164073 -65.729002380371071 85.212376251220689 -12.354316457112628
leaf_weight=2.9999999999999991 4.0000000000000098 2.9999999999999991 2.9999999999999991 3.9999999999999991 3.0000000000000018 4.9999999999999982 3 5 3
leaf_count=3 4 3 3 4 3 5 3 5 3
internal_value=8.54333e-07 14.4297 2.09483 -7.62508 4.75964 18.2282 -7.93767 54.2063 13.7341
internal_weight=36 33 30 27 23 19 11 8 8
internal_count=36 33 30 27 23 19 11 8 8
is_linear=0
shrinkage=0.05


Tree=121
num_leaves=11
num_cat=0
split_feature=4 13 3 14 16 12 14 16 12 13
split_gain=3.30012e+07 1.79018e+07 9.03256e+06 7.04007e+06 1.97974e+07 4.52479e+06 1.57603e+06 2.36676e+06 1.26496e+06 411307
threshold=-11.334504999999996 1.4706759625324868 34.687360000000005 9.5000000000000018 21.500000000000004 2.2705331231665666 6.5000000000000009 3.5000000000000004 2.5589999483969001 1.1003458070450887
decision_type=2 2 2 2 2 2 2 2 2 2
left_child=-1 2 3 5 -5 9 7 -7 -9 -2
right_child=1 -3 -4 4 -6 6 -8 8 -10 -11
leaf_value=-158.7741404215495 -45.748732725779057 130.88989232381184 85.095307413736975 111.6453435897827 -45.665501403808584 -33.968302917480479 -38.132039896647136 -5.4305308024088532 37.519818305969231 -71.930996195475231
leaf_weight=2.9999999999999991 3.0000000000000098 2.9999999999999991 2.9999999999999991 4 4 2.9999999999999982 2.9999999999999991 3 4 3
leaf_count=3 3 3 3 4 4 3 3 3 4 3
internal_value=3.41733e-07 14.434 2.78843 -6.35678 32.9899 -22.9238 -6.34718 3.18828 19.1125 -58.8399
internal_weight=36 33 30 27 8 19 13 10 7 6
internal_count=36 33 30 27 8 19 13 10 7 6
is_linear=0
shrinkage=0.05


Tree=122
num_leaves=10
num_cat=0
split_feature=11 16 11 16 12 11 13 12 12
split_gain=3.23845e+07 5.50121e+07 4.4068e+07 5.96447e+07 1.53314e+07 2.30271e+07 1.28795e+07 4.22193e+06 770714
threshold=64.236891110942281 27.500000000000004 71.657273419717583 18.500000000000004 2.2236318194103561 75.043804902777794 0.94229896360356313 2.5936450138888891 2.3908275892027597
decision_type=2 2 2 2 2 2 2 2 2
left_child=1 6 3 -2 -4 -6 -1 8 -8
right_child=2 -3 4 -5 5 -7 7 -9 -10
leaf_value=73.853867187499958 -0.41725565592447866 242.87826131184897 -58.973417739868175 -315.70745849609369 160.37676188151039 -22.874904441833493 -64.855280049641948 25.197170003255202 -31.329796123504636
leaf_weight=5.0000000000000027 3.0000000000000027 2.9999999999999991 4.9999999999999982 3 3 4 2.9999999999999982 3 4
leaf_count=5 3 3 5 3 3 4 3 3 4
internal_value=1.1656e-06 47.4228 -47.4228 -158.062 7.89696 55.6615 8.33172 -24.4294 -45.6979
internal_weight=36 18 18 6 12 7 15 10 7
internal_count=36 18 18 6 12 7 15 10 7
is_linear=0
shrinkage=0.05


Tree=123
num_leaves=11
num_cat=0
split_feature=14 11 1 1 11 13 13 11 5 13
split_gain=3.17157e+07 5.28272e+07 2.21724e+07 7.77931e+07 2.1291e+07 2.83819e+07 9.21817e+06 4.17758e+06 3.19962e+06 2.61218e+06
threshold=10.500000000000002 61.295838864734314 356.60882500000002 785.36652500000002 65.624235959823366 1.1961237880861357 0.94229896360356313 57.014233817204307 1126.6991150000003 1.1961237880861357
decision_type=2 2 2 2 2 2 2 2 2 2
left_child=2 -2 4 -4 -1 8 -5 -8 -6 -9
right_child=1 -3 3 6 5 -7 7 9 -10 -11
leaf_value=-143.03470357259098 43.422192382812504 -253.30225652058914 290.70136922200521 85.10464655558269 -17.452889189720157 138.38927917480464 -64.192295328776069 32.781104183197016 -82.768715413411442 -28.939495849609365
leaf_weight=3.0000000000000027 2.9999999999999991 3 2.9999999999999991 2.9999999999999991 4.9999999999999982 3 2.9999999999999982 4 3 3
leaf_count=3 3 3 3 3 5 3 3 4 3 3
internal_value=9.09302e-07 -104.94 20.988 61.1967 -24.9648 7.23611 8.23408 -14.8271 -41.9463 6.32942
internal_weight=36 6 30 16 14 11 13 10 8 7
internal_count=36 6 30 16 14 11 13 10 8 7
is_linear=0
shrinkage=0.05


Tree=124
num_leaves=10
num_cat=0
split_feature=11 16 12 11 1 11 12 3 3
split_gain=3.00966e+07 4.85781e+07 4.0974e+07 6.74398e+07 1.13011e+07 9.50479e+06 3.37573e+06 2.43738e+06 2.41013e+06
threshold=64.236891110942281 27.500000000000004 2.2556213783602157 71.657273419717583 10031.083400000001 75.043804902777794 2.1751164832962302 23.378955000000005 27.147145000000005
decision_type=2 2 2 2 2 2 2 2 2
left_child=1 4 5 -4 7 6 -2 -1 -9
right_child=2 -3 3 -5 -6 -7 -8 8 -10
leaf_value=8.5946141052246059 28.549854008356704 229.38731791178384 -274.17940368652347 1.2653140258789062 80.952853584289556 -42.946039072672512 103.55794067382811 -70.362876383463529 -6.9840154012044255
leaf_weight=5.0000000000000018 3.0000000000000018 2.9999999999999991 3.9999999999999982 5 3.9999999999999991 3 3 3 3
leaf_count=5 3 3 4 5 4 3 3 3 3
internal_value=-4.03987e-07 45.717 -45.717 -121.155 8.98292 29.7206 66.0539 -17.188 -38.6734
internal_weight=36 18 18 9 15 9 6 11 6
internal_count=36 18 18 9 15 9 6 11 6
is_linear=0
shrinkage=0.05


Tree=125
num_leaves=10
num_cat=0
split_feature=14 11 12 12 1 16 11 14 0
split_gain=2.96069e+07 4.61323e+07 1.94868e+07 4.05214e+07 1.52295e+07 2.45281e+07 1.94036e+07 7.74108e+06 2.15125e+06
threshold=10.500000000000002 61.295838864734314 2.3908275892027597 2.5589999483969001 0.65214000000000005 27.500000000000004 75.043804902777794 8.5000000000000018 20.133325000000003
decision_type=2 2 2 2 2 2 2 2 2
left_child=2 -2 4 -4 6 7 -1 -6 -5
right_child=1 -3 3 8 5 -7 -8 -9 -10
leaf_value=139.03261381785043 37.25146191914876 -240.0338567097981 178.02108749389652 22.500468063354489 -42.288964004516615 -171.83679402669267 -40.798741404215491 59.305495707193998 -29.35575790405273
leaf_weight=3.0000000000000062 2.9999999999999991 3 4.9999999999999991 4 4.9999999999999982 3 3 3 4
leaf_count=3 3 3 5 4 5 3 3 3 4
internal_value=-1.11262e-07 -101.391 20.2782 66.3603 -14.961 -49.9126 49.1169 -4.19104 -3.42764
internal_weight=36 6 30 13 17 11 6 8 8
internal_count=36 6 30 13 17 11 6 8 8
is_linear=0
shrinkage=0.05


Tree=126
num_leaves=11
num_cat=0
split_feature=17 13 3 16 16 4 12 16 17 1
split_gain=2.72702e+07 1.71946e+07 8.03448e+06 7.41279e+06 6.41264e+06 6.10583e+06 5.0925e+06 2.46762e+06 748121 642189
threshold=9.6500000000000021 1.4706759625324868 34.687360000000005 27.500000000000004 3.5000000000000004 -4.994794999999999 2.2236318194103561 21.500000000000004 14.350000000000001 1599.6496100000002
decision_type=2 2 2 2 2 2 2 2 2 2
left_child=-1 2 3 4 -2 -6 -7 8 9 -8
right_child=1 -3 -4 -5 5 6 7 -9 -10 -11
leaf_value=-144.33076457977296 -53.531987571716165 127.25330251057943 79.33416646321615 -69.739588928222659 71.010398197173885 59.751629892985171 -26.542390950520844 -52.353334554036465 20.395690663655596 6.1732676188151032
leaf_weight=2.9999999999999991 4.0000000000000098 2.9999999999999991 2.9999999999999991 3.9999999999999991 4.0000000000000098 2.999999999999992 2.9999999999999982 2.9999999999999991 3 3
leaf_count=3 4 3 3 4 4 3 3 3 3 3
internal_value=-3.33786e-07 13.121 1.70775 -6.91741 4.00818 16.1219 1.48497 -13.0817 0.00885578 -10.1846
internal_weight=36 33 30 27 23 19 15 12 9 6
internal_count=36 33 30 27 23 19 15 12 9 6
is_linear=0
shrinkage=0.05


Tree=127
num_leaves=10
num_cat=0
split_feature=11 16 12 11 13 11 12 12 12
split_gain=2.69429e+07 4.48705e+07 3.55011e+07 5.74062e+07 1.09794e+07 8.49711e+06 3.55695e+06 3.01875e+06 644326
threshold=64.236891110942281 27.500000000000004 2.2556213783602157 71.657273419717583 0.94229896360356313 75.043804902777794 2.5936450138888891 2.1751164832962302 2.4591933961852441
decision_type=2 2 2 2 2 2 2 2 2
left_child=1 4 5 -4 -1 7 8 -2 -6
right_child=2 -3 3 -5 6 -7 -8 -9 -10
leaf_value=68.447273406982376 25.851279449462869 219.77760060628259 -254.65771369934089 -0.52793945312500001 -54.956120109558121 -41.7432039896647 23.25385131835937 96.782586669921841 -24.302539475758863
leaf_weight=5.0000000000000027 3.0000000000000018 2.9999999999999991 3.9999999999999982 5 3.9999999999999982 3 3 3 3
leaf_count=5 3 3 4 5 4 3 3 3 3
internal_value=1.6186e-06 43.2555 -43.2555 -113.475 7.95105 26.9636 -22.2971 61.3169 -41.8189
internal_weight=36 18 18 9 15 9 10 6 7
internal_count=36 18 18 9 15 9 10 6 7
is_linear=0
shrinkage=0.05


Tree=128
num_leaves=11
num_cat=0
split_feature=14 11 12 13 14 12 12 6 4 12
split_gain=2.62881e+07 4.09777e+07 1.66498e+07 3.53425e+07 1.26717e+07 1.30314e+07 1.30311e+07 7.99195e+06 4.92999e+06 762263
threshold=10.500000000000002 61.295838864734314 2.3908275892027597 1.3200699465574621 6.5000000000000009 2.2236318194103561 2.2705331231665666 1.0000000180025095e-35 -4.994794999999999 2.5589999483969001
decision_type=2 2 2 2 2 2 2 2 2 2
left_child=2 -2 4 8 6 7 -1 -6 -4 -10
right_child=1 -3 3 -5 5 -7 -8 -9 9 -11
leaf_value=-124.14121456146218 35.127938048044847 -226.2072814941406 70.175207519531256 212.22089970906578 -76.404556783040391 109.83923250834144 13.712483596801755 31.553456306457516 -25.486485656102502 7.8546747207641587
leaf_weight=4.0000000000000062 2.9999999999999991 3 2.9999999999999991 2.9999999999999991 2.9999999999999982 3 3 4 2.9999999999999991 4
leaf_count=4 3 3 3 3 3 3 3 4 3 4
internal_value=-6.05318e-07 -95.5397 19.1079 61.7037 -13.4653 22.6518 -65.0611 -14.7143 16.5485 -6.43439
internal_weight=36 6 30 13 17 10 7 7 10 7
internal_count=36 6 30 13 17 10 7 7 10 7
is_linear=0
shrinkage=0.05


Tree=129
num_leaves=10
num_cat=0
split_feature=4 13 3 16 14 1 11 14 2
split_gain=2.51722e+07 1.43502e+07 7.2388e+06 7.14044e+06 1.68983e+07 6.28886e+06 3.36949e+06 1.29604e+06 49455
threshold=-11.334504999999996 1.4706759625324868 34.687360000000005 21.500000000000004 9.5000000000000018 5472.913485 58.923948362859164 6.5000000000000009 16.816404825268823
decision_type=2 2 2 2 2 2 2 2 2
left_child=-1 2 3 4 6 8 -2 -8 -5
right_child=1 -3 -4 5 -6 -7 7 -9 -10
leaf_value=-138.66775786081951 -46.630653686523345 116.87200724283855 75.86201871236166 -76.464516194661485 102.80797576904297 16.737603314717607 21.533117961883548 -16.651301956176756 -67.385697428385399
leaf_weight=2.9999999999999991 5.0000000000000098 2.9999999999999991 2.9999999999999991 2.9999999999999982 3.9999999999999991 3 4.9999999999999982 4 3
leaf_count=3 5 3 3 3 4 3 5 4 3
internal_value=-2.78155e-07 12.6062 2.17957 -6.00736 12.1744 -42.3709 -13.7209 4.56226 -71.9251
internal_weight=36 33 30 27 18 9 14 9 6
internal_count=36 33 30 27 18 9 14 9 6
is_linear=0
shrinkage=0.05


Tree=130
num_leaves=11
num_cat=0
split_feature=11 11 13 1 13 11 3 3 2 13
split_gain=2.47308e+07 4.10272e+07 3.05688e+07 1.30817e+07 1.2425e+07 9.4093e+06 2.59557e+06 2.1676e+06 414411 271623
threshold=64.236891110942281 63.151977547939076 0.97347757341424435 10031.083400000001 1.3200699465574621 75.043804902777794 23.378955000000005 27.147145000000005 4.1901011186622137 1.1724470252052888
decision_type=2 2 2 2 2 2 2 2 2 2
left_child=1 3 -2 6 5 9 8 -8 -1 -4
right_child=2 -3 4 -5 -6 -7 7 -9 -10 -11
leaf_value=-5.5501326243082634 -163.34271697998034 210.23480822245278 49.562212626139342 101.07002360026041 -96.809318542480469 -32.671270294189448 -68.970229085286448 -8.8648000081380172 20.730762857198712 70.839069366455064
leaf_weight=3.0000000000000018 4.0000000000000027 2.9999999999999991 2.9999999999999982 2.9999999999999991 2.9999999999999991 5 3 3 3 3
leaf_count=3 4 3 3 3 3 5 3 3 3 3
internal_value=-8.37611e-07 41.4417 -41.4417 7.68312 -6.61289 17.9861 -15.6636 -38.9175 7.59032 60.2006
internal_weight=36 18 18 15 14 11 12 6 6 6
internal_count=36 18 18 15 14 11 12 6 6 6
is_linear=0
shrinkage=0.05


Tree=131
num_leaves=11
num_cat=0
split_feature=14 11 1 1 11 13 16 4 16 13
split_gain=2.38338e+07 3.64168e+07 1.61221e+07 6.06263e+07 1.49872e+07 2.30059e+07 7.33805e+06 3.60501e+06 3.08175e+06 959840
threshold=10.500000000000002 61.295838864734314 356.60882500000002 785.36652500000002 65.624235959823366 1.1961237880861357 6.5000000000000009 -4.994794999999999 18.500000000000004 1.1961237880861357
decision_type=2 2 2 2 2 2 2 2 2 2
left_child=2 -2 4 -4 -1 8 -5 -8 -6 -9
right_child=1 -3 3 6 5 -7 7 9 -10 -11
leaf_value=-120.05143305460598 32.211027526855467 -214.1518931070963 255.08631286621096 -50.622671270370489 -7.2211381912231465 124.10644073486324 75.521647898356164 28.391251627604152 -69.287143707275376 -11.605421956380205
leaf_weight=3.0000000000000027 2.9999999999999991 3 2.9999999999999991 3.9999999999999991 3.9999999999999982 3 2.9999999999999973 3.0000000000000009 4 3
leaf_count=3 3 3 3 4 4 3 3 3 4 3
internal_value=-4.18557e-07 -90.9704 18.1941 52.4807 -20.9906 6.02602 5.72552 30.7692 -38.2541 8.39291
internal_weight=36 6 30 16 14 11 13 9 8 6
internal_count=36 6 30 16 14 11 13 9 8 6
is_linear=0
shrinkage=0.05


Tree=132
num_leaves=10
num_cat=0
split_feature=4 17 13 4 2 16 16 16 15
split_gain=2.32083e+07 1.25222e+07 3.24878e+07 9.38144e+07 6.47419e+06 5.14576e+06 1.02566e+07 1.90996e+06 696324
threshold=-11.334504999999996 14.650000000000002 1.2514719605733744 7.6881050000000011 16.816404825268823 6.5000000000000009 21.500000000000004 18.500000000000004 2022.5000000000002
decision_type=2 2 2 2 2 2 2 2 2
left_child=-1 2 4 -4 5 -2 8 -6 -7
right_child=1 -3 3 -5 7 6 -8 -9 -10
leaf_value=-133.1485860188802 -43.636298465728657 -85.294351959228521 -42.360744094848634 327.52131945292149 -14.194020652771 91.347017415364618 -22.64968711853027 -60.548156280517574 57.280326843261712
leaf_weight=2.9999999999999991 3.0000000000000062 2.9999999999999991 3.9999999999999991 3 3.9999999999999982 2.9999999999999982 5 5 3
leaf_count=3 3 3 4 3 4 3 5 5 3
internal_value=1.61595e-07 12.1044 21.8443 116.16 -6.86053 14.4089 30.2394 -39.9463 74.3137
internal_weight=36 33 30 7 23 14 11 9 6
internal_count=36 33 30 7 23 14 11 9 6
is_linear=0
shrinkage=0.05


Tree=133
num_leaves=11
num_cat=0
split_feature=11 11 11 16 1 12 11 3 3 2
split_gain=2.29905e+07 3.45795e+07 3.07698e+07 4.2065e+07 1.14907e+07 1.11248e+07 1.37785e+07 2.21624e+06 1.99449e+06 461026
threshold=64.236891110942281 63.151977547939076 71.657273419717583 18.500000000000004 10031.083400000001 2.2236318194103561 75.043804902777794 23.378955000000005 27.147145000000005 4.1901011186622137
decision_type=2 2 2 2 2 2 2 2 2 2
left_child=1 4 3 -2 7 -4 -7 9 -9 -1
right_child=2 -3 5 -5 -6 6 -8 8 -10 -11
leaf_value=-5.2888580322265577 -0.018031819661458313 194.92009328206382 -50.694113006591806 -264.79788614908847 96.488651529947916 127.95711669921872 -13.794919013977049 -63.231913248697907 -5.5765034993489566 22.430755869547522
leaf_weight=3.0000000000000018 3.0000000000000027 2.9999999999999991 4.9999999999999982 3 2.9999999999999991 3 4 3 3 3
leaf_count=3 3 3 5 3 3 3 4 3 3 3
internal_value=9.11289e-07 39.957 -39.957 -132.408 8.96443 6.26843 46.956 -12.9166 -34.4042 8.57095
internal_weight=36 18 18 6 15 12 7 12 6 6
internal_count=36 18 18 6 15 12 7 12 6 6
is_linear=0
shrinkage=0.05


Tree=134
num_leaves=10
num_cat=0
split_feature=14 11 12 12 1 16 13 14 0
split_gain=2.13531e+07 3.20017e+07 1.59127e+07 3.15873e+07 1.08396e+07 1.71712e+07 1.35012e+07 4.67822e+06 1.50122e+06
threshold=10.500000000000002 61.295838864734314 2.3908275892027597 2.5589999483969001 0.65214000000000005 27.500000000000004 1.1724470252052888 8.5000000000000018 20.133325000000003
decision_type=2 2 2 2 2 2 2 2 2
left_child=2 -2 4 -4 6 7 -1 -6 -5
right_child=1 -3 3 8 5 -7 -8 -9 -10
leaf_value=-35.56650365193677 29.366886647542316 -201.57932230631505 157.44933853149416 18.906764221191406 -35.471648559570319 -146.1235636393229 114.43989245096839 43.506973775227856 -24.412146377563474
leaf_weight=3.0000000000000062 2.9999999999999991 3 4.9999999999999991 4 4.9999999999999982 3 3 3 4
leaf_count=3 3 3 5 4 5 3 3 3 4
internal_value=3.07295e-07 -86.1062 17.2212 58.8635 -14.6228 -44.1098 39.4367 -5.85467 -2.75269
internal_weight=36 6 30 13 17 11 6 8 8
internal_count=36 6 30 13 17 11 6 8 8
is_linear=0
shrinkage=0.05


Tree=135
num_leaves=11
num_cat=0
split_feature=4 13 3 16 14 1 11 15 12 2
split_gain=2.0654e+07 1.21048e+07 5.03703e+06 5.27832e+06 1.37441e+07 4.49044e+06 2.91198e+06 1.15466e+06 345293 137793
threshold=-11.334504999999996 1.4706759625324868 34.687360000000005 21.500000000000004 9.5000000000000018 5472.913485 57.014233817204307 2022.5000000000002 2.2705331231665666 16.816404825268823
decision_type=2 2 2 2 2 2 2 2 2 2
left_child=-1 2 3 4 6 9 -2 -8 -9 -5
right_child=1 -3 -4 5 -6 -7 7 8 -10 -11
leaf_value=-125.60798212687176 -56.373371378580536 107.18057759602864 63.306313832600921 -68.801637776692729 92.383969879150399 13.695853296915686 -18.545044097900394 1.9939610799153642 25.983311462402341 -53.647248331705718
leaf_weight=2.9999999999999991 3.0000000000000098 2.9999999999999991 2.9999999999999991 2.9999999999999982 3.9999999999999991 3 4.9999999999999982 3 3 3
leaf_count=3 3 3 3 3 4 3 5 3 3 3
internal_value=-2.22524e-07 11.4189 1.84274 -4.98655 10.6457 -36.251 -12.7081 -0.7994 13.9886 -61.2244
internal_weight=36 33 30 27 18 9 14 11 6 6
internal_count=36 33 30 27 18 9 14 11 6 6
is_linear=0
shrinkage=0.05


Tree=136
num_leaves=11
num_cat=0
split_feature=11 11 11 16 1 12 13 3 3 2
split_gain=2.08358e+07 3.23637e+07 2.73059e+07 3.60682e+07 1.02291e+07 9.05476e+06 1.15704e+07 2.0064e+06 1.79488e+06 369930
threshold=64.236891110942281 63.151977547939076 71.657273419717583 18.500000000000004 10031.083400000001 2.2236318194103561 1.1003458070450887 23.378955000000005 27.147145000000005 4.1901011186622137
decision_type=2 2 2 2 2 2 2 2 2 2
left_child=1 4 3 -2 7 -4 -7 9 -9 -1
right_child=2 -3 5 -5 -6 6 -8 8 -10 -11
leaf_value=-4.5597226460774705 -2.5398727416992162 187.95458819071453 -45.883126525878914 -247.72066650390616 90.635099283854174 -13.45579271316528 116.44196929931637 -60.381718953450502 -5.6874313354492179 20.270692698160801
leaf_weight=3.0000000000000018 3.0000000000000027 2.9999999999999991 4.9999999999999982 3 2.9999999999999991 4 3 3 3 3
leaf_count=3 3 3 5 3 3 4 3 3 3 3
internal_value=2.3312e-07 38.0386 -38.0386 -125.13 8.05538 5.50726 42.2147 -12.5895 -33.0346 7.85549
internal_weight=36 18 18 6 15 12 7 12 6 6
internal_count=36 18 18 6 15 12 7 12 6 6
is_linear=0
shrinkage=0.05


Tree=137
num_leaves=10
num_cat=0
split_feature=17 12 12 14 12 12 12 14 0
split_gain=1.94086e+07 1.11725e+07 3.33167e+07 9.45348e+06 8.61792e+06 7.90944e+06 6.74055e+06 1.26417e+06 1.22966e+06
threshold=9.6500000000000021 2.3908275892027597 2.5589999483969001 6.5000000000000009 2.2236318194103561 2.2705331231665666 2.0779023923196305 4.5000000000000009 1443.0757250000004
decision_type=2 2 2 2 2 2 2 2 2
left_child=-1 3 -3 5 6 -2 -5 -4 -8
right_child=1 2 7 4 -6 -7 8 -9 -10
leaf_value=-121.7620943705241 -106.10973625183097 148.44555831909179 4.2313113403320326 49.763743782043477 86.423654683430996 1.2895136515299477 -19.392451985677081 -33.480712318420409 -64.66320470174152
leaf_weight=2.9999999999999991 4.0000000000000027 4.9999999999999991 4.9999999999999982 2.9999999999999982 2.9999999999999991 3 3 4 3
leaf_count=3 4 5 5 3 3 3 3 4 3
internal_value=1.03315e-06 11.0693 44.9615 -13.904 13.0329 -60.0815 -11.4306 -12.5296 -42.0278
internal_weight=36 33 14 19 12 7 9 9 6
internal_count=36 33 14 19 12 7 9 9 6
is_linear=0
shrinkage=0.05


Tree=138
num_leaves=11
num_cat=0
split_feature=4 13 3 16 14 1 11 15 12 2
split_gain=1.89479e+07 1.11307e+07 4.59276e+06 4.11681e+06 1.3493e+07 4.01686e+06 2.52472e+06 1.28901e+06 247476 183561
threshold=-11.334504999999996 1.4706759625324868 34.687360000000005 21.500000000000004 9.5000000000000018 5472.913485 57.014233817204307 2022.5000000000002 2.2705331231665666 16.816404825268823
decision_type=2 2 2 2 2 2 2 2 2 2
left_child=-1 2 3 4 6 9 -2 -8 -9 -5
right_child=1 -3 -4 5 -6 -7 7 8 -10 -11
leaf_value=-120.30828145345052 -54.759050496419086 102.76486765543621 60.444784800211586 -64.743264770507835 90.027042388916016 14.861799542109168 -21.761798400878913 2.4579462687174476 22.767062377929683 -47.252245076497388
leaf_weight=2.9999999999999991 3.0000000000000098 2.9999999999999991 2.9999999999999991 2.9999999999999982 3.9999999999999991 3 4.9999999999999982 3 3 3
leaf_count=3 3 3 3 3 4 3 5 3 3 3
internal_value=9.47052e-07 10.9371 1.75434 -4.76682 9.03873 -32.3779 -14.1008 -3.01218 12.6125 -55.9978
internal_weight=36 33 30 27 18 9 14 11 6 6
internal_count=36 33 30 27 18 9 14 11 6 6
is_linear=0
shrinkage=0.05


Tree=139
num_leaves=10
num_cat=0
split_feature=11 0 11 16 12 11 1 3 12
split_gain=1.93534e+07 2.99982e+07 2.45983e+07 3.13288e+07 7.54516e+06 1.05e+07 7.0299e+06 2.13443e+06 192320
threshold=64.236891110942281 53.678430000000006 71.657273419717583 18.500000000000004 2.2236318194103561 75.043804902777794 10031.083400000001 23.378955000000005 2.4591933961852441
decision_type=2 2 2 2 2 2 2 2 2
left_child=1 6 3 -2 -4 -6 7 8 -1
right_child=2 -3 4 -5 5 -7 -8 -9 -10
leaf_value=16.210359390576667 -5.0687627156575461 180.99362030029297 -42.241217193603525 -233.57423095703118 108.88895619710284 -14.854918670654294 64.556797790527341 -36.97441101074218 -1.6930684407552079
leaf_weight=3.0000000000000018 3.0000000000000027 2.9999999999999991 4.9999999999999982 3 3 4 3.9999999999999991 5 3
leaf_count=3 3 3 5 3 3 4 4 5 3
internal_value=-8.9407e-08 36.6604 -36.6604 -119.321 4.67009 38.1782 7.7938 -12.8473 7.25865
internal_weight=36 18 18 6 12 7 15 11 6
internal_count=36 18 18 6 12 7 15 11 6
is_linear=0
shrinkage=0.05


Tree=140
num_leaves=10
num_cat=0
split_feature=11 16 12 11 13 11 12 11 12
split_gain=1.74665e+07 2.94156e+07 2.4313e+07 3.75852e+07 8.19755e+06 6.23177e+06 2.63393e+06 862233 834933
threshold=64.236891110942281 27.500000000000004 2.2556213783602157 71.657273419717583 0.94229896360356313 75.043804902777794 2.5936450138888891 57.014233817204307 2.1751164832962302
decision_type=2 2 2 2 2 2 2 2 2
left_child=1 4 5 -4 -1 8 7 -6 -2
right_child=2 -3 3 -5 6 -7 -8 -9 -10
leaf_value=58.515935821533162 34.050908025105763 177.7522162437439 -207.17621498107917 -1.546922912597656 -56.95622965494794 -35.556694030761712 19.303373718261714 -21.496069908142086 71.35445556640623
leaf_weight=5.0000000000000027 3.0000000000000018 2.9999999999999991 3.9999999999999982 5 2.9999999999999982 3 3 4 3
leaf_count=5 3 3 4 5 3 3 3 4 3
internal_value=4.05312e-07 34.8274 -34.8274 -92.9377 6.24246 23.2829 -19.8943 -36.6933 52.7027
internal_weight=36 18 18 9 15 9 10 7 6
internal_count=36 18 18 9 15 9 10 7 6
is_linear=0
shrinkage=0.05


Tree=141
num_leaves=11
num_cat=0
split_feature=14 11 1 1 11 13 16 4 5 13
split_gain=1.7776e+07 2.58174e+07 1.23903e+07 4.98175e+07 1.05785e+07 1.36747e+07 5.35078e+06 2.87828e+06 1.7825e+06 441808
threshold=10.500000000000002 61.295838864734314 356.60882500000002 785.36652500000002 65.624235959823366 1.1961237880861357 6.5000000000000009 -4.994794999999999 1126.6991150000003 1.1961237880861357
decision_type=2 2 2 2 2 2 2 2 2 2
left_child=2 -2 4 -4 -1 8 -5 -8 -6 -9
right_child=1 -3 3 6 5 -7 7 9 -10 -11
leaf_value=-101.86387125651031 25.153719329833987 -182.2806493123372 229.42914937337241 -44.729497528076173 -11.79815841674805 95.095589701334617 64.760821533203156 18.346583811442049 -60.549293263753242 -8.7891143798828093
leaf_weight=3.0000000000000027 2.9999999999999991 3 2.9999999999999991 3.9999999999999991 4.9999999999999982 3 2.9999999999999973 3.0000000000000009 3 3
leaf_count=3 3 3 3 4 5 3 3 3 3 3
internal_value=6.78168e-07 -78.5635 15.7127 45.7703 -18.6388 4.05892 3.38745 24.7728 -30.0798 4.77873
internal_weight=36 6 30 16 14 11 13 9 8 6
internal_count=36 6 30 16 14 11 13 9 8 6
is_linear=0
shrinkage=0.05


Tree=142
num_leaves=11
num_cat=0
split_feature=17 13 3 16 16 17 1 11 13 2
split_gain=1.61745e+07 9.85207e+06 4.17825e+06 5.14167e+06 6.32953e+06 6.15296e+06 2.94734e+06 1.89056e+06 171153 163775
threshold=9.6500000000000021 1.4706759625324868 34.687360000000005 21.500000000000004 9.5000000000000018 11.600000000000001 5472.913485 61.295838864734314 1.2514719605733744 16.816404825268823
decision_type=2 2 2 2 2 2 2 2 2 2
left_child=-1 2 3 4 7 -6 9 -2 -7 -5
right_child=1 -3 -4 6 5 8 -8 -9 -10 -11
leaf_value=-111.15554224650066 -53.85428161621077 96.497706095377609 57.445135879516606 -64.104449462890656 85.228839111328156 13.61527887980143 4.8537111918131499 -3.6472796630859374 -3.2742140452067048 -47.583012898763009
leaf_weight=2.9999999999999991 3.0000000000000089 2.9999999999999991 2.9999999999999991 2.9999999999999982 3.9999999999999982 3 3 5 3 3
leaf_count=3 3 3 3 3 4 3 3 5 3 3
internal_value=-1.29276e-06 10.105 1.46578 -4.75415 10.6744 37.1939 -35.6113 -22.4749 5.17053 -55.8437
internal_weight=36 33 30 27 18 10 9 8 6 6
internal_count=36 33 30 27 18 10 9 8 6 6
is_linear=0
shrinkage=0.05


Tree=143
num_leaves=10
num_cat=0
split_feature=11 16 13 13 13 11 12 11 1
split_gain=1.64735e+07 2.63021e+07 2.07658e+07 8.79756e+06 7.15048e+06 5.29272e+06 2.26612e+06 756144 255043
threshold=64.236891110942281 27.500000000000004 0.97347757341424435 1.3200699465574621 0.94229896360356313 75.043804902777794 2.5936450138888891 57.014233817204307 13.446980000000003
decision_type=2 2 2 2 2 2 2 2 2
left_child=1 4 -2 5 -1 8 7 -6 -4
right_child=2 -3 3 -5 6 -7 -8 -9 -10
leaf_value=55.614140319824187 -134.29424819946277 168.97228012084963 57.551670201619487 -81.013563664754244 -52.174861653645848 -22.410826187133786 18.74058990478515 -18.96778221130371 36.934414164225252
leaf_weight=5.0000000000000027 4.0000000000000027 2.9999999999999991 2.9999999999999982 2.9999999999999991 2.9999999999999982 5 3 4 3
leaf_count=5 4 3 3 3 3 5 3 4 3
internal_value=1.00666e-06 33.823 -33.823 -5.1169 6.79312 15.5822 -17.6174 -33.1994 47.243
internal_weight=36 18 18 14 15 11 10 7 6
internal_count=36 18 18 14 15 11 10 7 6
is_linear=0
shrinkage=0.05


Tree=144
num_leaves=10
num_cat=0
split_feature=14 11 12 12 14 12 12 6 0
split_gain=1.60215e+07 2.33257e+07 1.19756e+07 2.26405e+07 7.52755e+06 6.66719e+06 6.46357e+06 4.68988e+06 1.08435e+06
threshold=10.500000000000002 61.295838864734314 2.3908275892027597 2.5589999483969001 6.5000000000000009 2.2236318194103561 2.2705331231665666 1.0000000180025095e-35 20.133325000000003
decision_type=2 2 2 2 2 2 2 2 2
left_child=2 -2 4 -4 6 7 -1 -6 -5
right_child=1 -3 3 8 5 -7 -8 -9 -10
leaf_value=-94.084127044677572 23.999615987141929 -173.17096659342442 134.50676651000978 17.285142898559567 -58.855781809488953 77.492313130696601 3.0036968072255448 23.844918251037594 -19.531049728393551
leaf_weight=4.0000000000000062 2.9999999999999991 3 4.9999999999999991 4 2.9999999999999982 3 3 4 4
leaf_count=4 3 3 5 4 3 3 3 4 4
internal_value=7.28501e-08 -74.5857 14.9171 51.0423 -12.708 15.1289 -52.4751 -11.5982 -1.12295
internal_weight=36 6 30 13 17 10 7 7 8
internal_count=36 6 30 13 17 10 7 7 8
is_linear=0
shrinkage=0.05


Tree=145
num_leaves=11
num_cat=0
split_feature=4 13 3 16 14 1 11 15 12 2
split_gain=1.55077e+07 8.62499e+06 3.77647e+06 4.2119e+06 1.06591e+07 2.7173e+06 2.0035e+06 1.08643e+06 362814 186483
threshold=-11.334504999999996 1.4706759625324868 34.687360000000005 21.500000000000004 9.5000000000000018 5472.913485 57.014233817204307 2022.5000000000002 2.2705331231665666 16.816404825268823
decision_type=2 2 2 2 2 2 2 2 2 2
left_child=-1 2 3 4 6 9 -2 -8 -9 -5
right_child=1 -3 -4 5 -6 -7 7 8 -10 -11
leaf_value=-108.84014587402345 -46.923565673827966 90.728234863281259 55.031031672159827 -60.271947224934912 81.84468345642091 6.8234349568684882 -18.0399691772461 1.2225784301757809 25.813016812006623 -42.642274983723951
leaf_weight=2.9999999999999991 3.0000000000000098 2.9999999999999991 2.9999999999999991 2.9999999999999982 3.9999999999999991 3 4.9999999999999982 3 3 3
leaf_count=3 3 3 3 3 4 3 5 3 3 3
internal_value=-6.42406e-07 9.89456 1.81119 -4.10213 9.86194 -32.0303 -10.7046 -0.826642 13.5178 -51.4571
internal_weight=36 33 30 27 18 9 14 11 6 6
internal_count=36 33 30 27 18 9 14 11 6 6
is_linear=0
shrinkage=0.05


Tree=146
num_leaves=10
num_cat=0
split_feature=11 0 11 16 12 13 1 3 2
split_gain=1.53657e+07 2.4148e+07 1.93823e+07 2.58648e+07 6.59515e+06 8.52358e+06 6.04817e+06 1.55026e+06 157808
threshold=64.236891110942281 53.678430000000006 71.657273419717583 18.500000000000004 2.2236318194103561 1.1003458070450887 10031.083400000001 23.378955000000005 4.1901011186622137
decision_type=2 2 2 2 2 2 2 2 2
left_child=1 6 3 -2 -4 -6 7 8 -1
right_child=2 -3 4 -5 5 -7 -8 -9 -10
leaf_value=-3.3528254191080702 -2.2290826797485326 162.16272786458333 -39.836912231445325 -209.85391438802077 -12.432375907897947 99.058555094401015 59.41714782714844 -32.941110229492182 12.864872741699216
leaf_weight=3.0000000000000018 3.0000000000000027 2.9999999999999991 4.9999999999999982 3 4 3 3.9999999999999991 5 3
leaf_count=3 3 3 5 3 4 3 4 5 3
internal_value=-6.94063e-07 32.666 -32.666 -106.041 4.0218 35.3495 6.76661 -12.379 4.75602
internal_weight=36 18 18 6 12 7 15 11 6
internal_count=36 18 18 6 12 7 15 11 6
is_linear=0
shrinkage=0.05


Tree=147
num_leaves=10
num_cat=0
split_feature=11 16 12 11 13 11 12 11 12
split_gain=1.38676e+07 2.32317e+07 1.78966e+07 2.93872e+07 6.52629e+06 4.69246e+06 2.13122e+06 857212 668264
threshold=64.236891110942281 27.500000000000004 2.2556213783602157 71.657273419717583 0.94229896360356313 75.043804902777794 2.5936450138888891 57.014233817204307 2.1751164832962302
decision_type=2 2 2 2 2 2 2 2 2
left_child=1 4 5 -4 -1 8 7 -6 -2
right_child=2 -3 3 -5 6 -7 -8 -9 -10
leaf_value=52.270923156738242 27.665944163004532 158.04893188476564 -181.90312051773077 -0.077513122558593744 -53.006310017903665 -32.234452629089347 17.567906188964837 -17.649540710449216 61.039183044433571
leaf_weight=5.0000000000000027 3.0000000000000018 2.9999999999999991 3.9999999999999982 5 2.9999999999999982 3 3 4 3
leaf_count=5 3 3 4 5 3 3 3 4 3
internal_value=3.65575e-07 31.0327 -31.0327 -80.8889 5.62942 18.8236 -17.6913 -32.8024 44.3526
internal_weight=36 18 18 9 15 9 10 7 6
internal_count=36 18 18 9 15 9 10 7 6
is_linear=0
shrinkage=0.05


Tree=148
num_leaves=10
num_cat=0
split_feature=14 11 1 1 11 13 16 11 17
split_gain=1.45457e+07 1.88535e+07 1.01763e+07 4.05879e+07 8.20065e+06 1.09003e+07 3.9139e+06 2.52956e+06 1.74286e+06
threshold=10.500000000000002 61.295838864734314 356.60882500000002 785.36652500000002 65.624235959823366 1.1961237880861357 6.5000000000000009 61.295838864734314 14.350000000000001
decision_type=2 2 2 2 2 2 2 2 2
left_child=2 -2 4 -4 -1 8 -5 -8 -6
right_child=1 -3 3 6 5 -7 7 -9 -10
leaf_value=-90.194750467936103 17.564463806152343 -159.69939778645829 207.22876129150393 -37.954526901245117 -50.750671005249039 84.345218404134087 45.196905212402356 -8.148692321777343 -4.0754560708999632
leaf_weight=3.0000000000000027 2.9999999999999991 3 2.9999999999999991 3.9999999999999991 3.9999999999999982 3 4.9999999999999982 4 4
leaf_count=3 3 3 3 4 4 3 5 4 4
internal_value=7.39098e-07 -71.0675 14.2135 41.4536 -16.9181 3.06647 3.19782 21.4878 -27.4131
internal_weight=36 6 30 16 14 11 13 9 8
internal_count=36 6 30 16 14 11 13 9 8
is_linear=0
shrinkage=0.05


Tree=149
num_leaves=11
num_cat=0
split_feature=17 17 13 4 3 16 15 16 1 18
split_gain=1.3226e+07 7.72325e+06 1.99816e+07 5.8497e+07 3.59817e+06 4.3475e+06 6.31931e+06 3.17195e+06 470103 419565
threshold=9.6500000000000021 14.650000000000002 1.2514719605733744 7.6881050000000011 25.047510000000006 9.5000000000000018 2023.5000000000002 18.500000000000004 0.65214000000000005 0.99653984116233729
decision_type=2 2 2 2 2 2 2 2 2 2
left_child=-1 2 4 -4 5 -2 -7 9 -9 -6
right_child=1 -3 3 -5 7 6 -8 8 -10 -11
leaf_value=-100.51450551350912 -36.399987284342366 -67.353821309407564 -34.42109909057617 257.654339090983 -12.174823252360008 78.618396759033189 -10.258676910400389 -36.370272827148426 -64.361421712239562 14.268992614746114
leaf_weight=2.9999999999999991 3.0000000000000062 2.9999999999999991 3.9999999999999991 3 3.0000000000000036 4 4 3 3 2.9999999999999947
leaf_count=3 3 3 4 3 3 4 4 3 3 3
internal_value=-4.87434e-07 9.13768 16.7868 90.7541 -5.72494 14.9308 34.1799 -24.6594 -50.3658 1.04708
internal_weight=36 33 30 7 23 11 8 12 6 6
internal_count=36 33 30 7 23 11 8 12 6 6
is_linear=0
shrinkage=0.05


Tree=150
num_leaves=11
num_cat=0
split_feature=11 13 11 16 16 13 12 13 11 1
split_gain=1.2817e+07 2.04763e+07 1.60401e+07 2.16491e+07 5.93886e+06 1.3723e+07 5.56217e+06 6.58261e+06 2.04706e+06 1.52469e+06
threshold=64.236891110942281 1.3200699465574621 71.657273419717583 18.500000000000004 21.500000000000004 0.94229896360356313 2.2236318194103561 1.1003458070450887 57.014233817204307 5472.913485
decision_type=2 2 2 2 2 2 2 2 2 2
left_child=1 4 3 -2 5 -1 -4 -8 -7 -6
right_child=2 -3 6 -5 9 8 7 -9 -10 -11
leaf_value=118.98759155273427 -1.6080793380737288 149.08023885091146 -36.736718797683722 -191.56028645833328 -57.752115885416664 -41.189807128906239 -9.6795584678649877 88.298190816243462 17.220534261067705 -7.3423314412434877
leaf_weight=3.0000000000000018 3.0000000000000027 2.9999999999999991 4.9999999999999982 3 2.9999999999999991 3 4 3 3 3
leaf_count=3 3 3 5 3 3 3 4 3 3 3
internal_value=-6.15915e-07 29.834 -29.834 -96.5842 5.98477 31.6728 3.54106 32.3109 -11.9846 -32.5472
internal_weight=36 18 18 6 15 9 12 7 6 6
internal_count=36 18 18 6 15 9 12 7 6 6
is_linear=0
shrinkage=0.05


Tree=151
num_leaves=11
num_cat=0
split_feature=4 17 13 4 3 16 15 16 1 18
split_gain=1.2236e+07 6.94319e+06 1.64277e+07 5.22472e+07 3.24728e+06 3.92077e+06 5.65788e+06 2.69686e+06 399086 344256
threshold=-11.334504999999996 14.650000000000002 1.2514719605733744 7.6881050000000011 25.047510000000006 9.5000000000000018 2023.5000000000002 18.500000000000004 0.65214000000000005 0.99653984116233729
decision_type=2 2 2 2 2 2 2 2 2 2
left_child=-1 2 4 -4 5 -2 -7 9 -9 -6
right_child=1 -3 3 -5 7 6 -8 8 -10 -11
leaf_value=-96.679779052734375 -33.494002024332609 -63.736732482910156 -35.190276336669925 240.84212592442825 -10.631151644388821 75.581088256835926 -8.5161632537841783 -33.165876770019523 -58.956260681152322 13.322136942545592
leaf_weight=2.9999999999999991 3.0000000000000062 2.9999999999999991 3.9999999999999991 3 3.0000000000000036 4 4 3 3 2.9999999999999947
leaf_count=3 3 3 4 3 3 4 4 3 3 3
internal_value=-6.86116e-07 8.78907 16.0417 83.1093 -4.37025 15.2525 33.5325 -22.3578 -46.0611 1.34549
internal_weight=36 33 30 7 23 11 8 12 6 6
internal_count=36 33 30 7 23 11 8 12 6 6
is_linear=0
shrinkage=0.05


Tree=152
num_leaves=10
num_cat=0
split_feature=14 11 12 12 14 12 12 6 0
split_gain=1.18771e+07 1.70533e+07 9.32608e+06 1.73992e+07 5.8348e+06 4.15492e+06 4.07202e+06 3.3403e+06 1.06796e+06
threshold=10.500000000000002 61.295838864734314 2.3908275892027597 2.5589999483969001 6.5000000000000009 2.2705331231665666 2.2236318194103561 1.0000000180025095e-35 20.133325000000003
decision_type=2 2 2 2 2 2 2 2 2
left_child=2 -2 4 -4 5 -1 7 -6 -5
right_child=1 -3 3 8 6 -7 -8 -9 -10
leaf_value=-79.906681442260606 20.076051330566408 -148.51286773681636 117.89140319824219 17.2615364074707 -47.796868896484391 -2.0654846191406242 61.710709508260074 21.99763446450233 -19.275402069091793
leaf_weight=4.0000000000000062 2.9999999999999991 3 4.9999999999999991 4 2.9999999999999982 3 3 4 4
leaf_count=4 3 3 5 4 3 3 3 4 4
internal_value=-4.39088e-07 -64.2184 12.8437 44.7232 -11.5348 -46.5462 12.9732 -7.9143 -1.00693
internal_weight=36 6 30 13 17 7 10 7 8
internal_count=36 6 30 13 17 7 10 7 8
is_linear=0
shrinkage=0.05


Tree=153
num_leaves=11
num_cat=0
split_feature=11 11 11 16 1 12 13 3 3 2
split_gain=1.164e+07 1.89764e+07 1.46564e+07 1.72954e+07 7.83764e+06 4.3036e+06 5.79753e+06 1.18964e+06 1.043e+06 143471
threshold=64.236891110942281 63.151977547939076 71.657273419717583 18.500000000000004 10031.083400000001 2.2236318194103561 1.1003458070450887 23.378955000000005 27.147145000000005 4.1901011186622137
decision_type=2 2 2 2 2 2 2 2 2 2
left_child=1 4 3 -2 7 -4 -7 9 -9 -1
right_child=2 -3 5 -5 -6 6 -8 8 -10 -11
leaf_value=-4.5879887898762979 -7.34649607340494 143.22697855631512 -31.957175083160408 -177.12797648111973 77.756823730468753 -10.628630065917967 81.320976257324205 -49.188874308268218 -7.4954498291015597 10.875482686360675
leaf_weight=3.0000000000000018 3.0000000000000027 2.9999999999999991 4.9999999999999982 3 2.9999999999999991 4 3 3 3 3
leaf_count=3 3 3 5 3 3 4 3 3 3 3
internal_value=8.76851e-07 28.4312 -28.4312 -92.2372 5.472 3.47188 28.7783 -12.5992 -28.3422 3.14375
internal_weight=36 18 18 6 15 12 7 12 6 6
internal_count=36 18 18 6 15 12 7 12 6 6
is_linear=0
shrinkage=0.05


Tree=154
num_leaves=10
num_cat=0
split_feature=4 13 3 12 13 13 12 13 13
split_gain=1.10878e+07 6.54015e+06 2.51747e+06 3.14006e+06 2.28769e+06 2.49234e+06 829731 684232 446774
threshold=-11.334504999999996 1.4706759625324868 34.687360000000005 2.0779023923196305 0.90531515811053953 0.97347757341424435 2.5936450138888891 1.1724470252052888 1.3200699465574621
decision_type=2 2 2 2 2 2 2 2 2
left_child=-1 2 3 -2 -5 -6 7 -7 -9
right_child=1 -3 -4 4 5 6 -8 8 -10
leaf_value=-92.031936136881512 44.727877104282271 78.755867513020846 44.779866790771486 24.9892566680908 -51.733754730224568 1.2127143859863285 9.2811399841308599 -35.649962234497067 -10.124579366048174
leaf_weight=2.9999999999999991 3.0000000000000062 2.9999999999999991 2.9999999999999991 4.0000000000000027 4.0000000000000027 3.9999999999999982 4.9999999999999991 4 3
leaf_count=3 3 3 3 4 4 4 5 4 3
internal_value=1.10931e-07 8.36654 1.32761 -3.50042 -9.52896 -16.4326 -7.60731 -15.2839 -24.7105
internal_weight=36 33 30 27 24 20 16 11 7
internal_count=36 33 30 27 24 20 16 11 7
is_linear=0
shrinkage=0.05


Tree=155
num_leaves=11
num_cat=0
split_feature=14 11 1 1 11 13 13 16 17 13
split_gain=1.06515e+07 1.5175e+07 9.11149e+06 3.26264e+07 7.52392e+06 6.79785e+06 3.39735e+06 1.47232e+06 1.30263e+06 202049
threshold=10.500000000000002 61.295838864734314 356.60882500000002 785.36652500000002 65.624235959823366 1.1961237880861357 0.94229896360356313 6.5000000000000009 14.350000000000001 1.1961237880861357
decision_type=2 2 2 2 2 2 2 2 2 2
left_child=2 -2 4 -4 -1 8 -5 -8 -6 -9
right_child=1 -3 3 6 5 -7 7 9 -10 -11
leaf_value=-87.482945760091056 18.70183817545573 -140.33154296874997 186.56832275390627 50.306125895182298 -42.398555946350115 66.033927408854154 -33.857920074462896 14.479497273763016 -2.0465352058410642 -3.87119649251302
leaf_weight=3.0000000000000027 2.9999999999999991 3 2.9999999999999991 2.9999999999999991 3.9999999999999982 3 3.9999999999999982 3 4 3
leaf_count=3 3 3 3 3 4 3 4 3 4 3
internal_value=9.43078e-07 -60.8149 12.163 37.9385 -17.2948 1.8474 3.63935 -10.3607 -22.2225 5.30415
internal_weight=36 6 30 16 14 11 13 10 8 6
internal_count=36 6 30 16 14 11 13 10 8 6
is_linear=0
shrinkage=0.05


Tree=156
num_leaves=10
num_cat=0
split_feature=11 0 13 13 1 11 16 16 1
split_gain=1.09514e+07 1.6531e+07 1.33797e+07 5.87339e+06 4.48369e+06 2.93838e+06 1.05378e+06 814085 170302
threshold=64.236891110942281 53.678430000000006 0.97347757341424435 1.3200699465574621 10031.083400000001 75.043804902777794 21.500000000000004 9.5000000000000018 13.446980000000003
decision_type=2 2 2 2 2 2 2 2 2
left_child=1 4 -2 5 6 8 7 -1 -4
right_child=2 -3 3 -5 -6 -7 -8 -9 -10
leaf_value=-18.326483408610013 -108.224909210205 134.72157287597656 44.391660271088298 -66.548781585693362 51.481029510498047 -15.931151657104492 -30.808182907104488 16.129382324218749 27.544200897216793
leaf_weight=3.0000000000000018 4.0000000000000027 2.9999999999999991 2.9999999999999982 2.9999999999999991 3.9999999999999991 5 4 4 3
leaf_count=3 4 3 3 3 4 5 4 4 3
internal_value=7.7039e-07 27.5775 -27.5775 -4.53532 6.14863 12.3774 -10.3359 1.36258 35.9679
internal_weight=36 18 18 14 15 11 11 7 6
internal_count=36 18 18 14 15 11 11 7 6
is_linear=0
shrinkage=0.05


Tree=157
num_leaves=10
num_cat=0
split_feature=11 16 11 16 13 12 11 12 11
split_gain=9.88367e+06 1.62767e+07 1.27849e+07 1.53073e+07 5.16092e+06 4.0777e+06 4.85877e+06 1.84306e+06 722532
threshold=64.236891110942281 27.500000000000004 71.657273419717583 18.500000000000004 0.94229896360356313 2.2236318194103561 75.043804902777794 2.5936450138888891 57.014233817204307
decision_type=2 2 2 2 2 2 2 2 2
left_child=1 4 3 -2 -1 -4 -7 8 -6
right_child=2 -3 5 -5 7 6 -8 -9 -10
leaf_value=46.411826171874971 -5.92930946350097 132.51532948811848 -30.888578109741218 -165.65452880859371 -48.404417928059914 76.332334391276021 -7.8442678451538077 16.985925038655594 -15.943792343139647
leaf_weight=5.0000000000000027 3.0000000000000027 2.9999999999999991 4.9999999999999982 3 2.9999999999999982 3 4 3 4
leaf_count=5 3 3 5 3 3 3 4 3 4
internal_value=-6.35783e-08 26.1986 -26.1986 -85.7919 4.93523 3.59809 28.2314 -15.8031 -29.8555
internal_weight=36 18 18 6 15 12 7 10 7
internal_count=36 18 18 6 15 12 7 10 7
is_linear=0
shrinkage=0.05


Tree=158
num_leaves=10
num_cat=0
split_feature=14 11 12 12 14 15 12 6 0
split_gain=9.908e+06 1.27315e+07 7.7387e+06 1.46361e+07 5.03477e+06 3.56867e+06 2.87671e+06 2.82202e+06 913248
threshold=10.500000000000002 61.295838864734314 2.3908275892027597 2.5589999483969001 6.5000000000000009 2023.5000000000002 2.2236318194103561 1.0000000180025095e-35 20.133325000000003
decision_type=2 2 2 2 2 2 2 2 2
left_child=2 -2 4 -4 5 -1 7 -6 -5
right_child=1 -3 3 8 6 -7 -8 -9 -10
leaf_value=-12.081416130065897 14.180019124348959 -131.48778177897131 107.87826416015626 15.722053527832029 -41.924660491943371 -84.222290547688772 53.253951263427723 22.2270322561264 -18.064928436279295
leaf_weight=4.0000000000000062 2.9999999999999991 3 4.9999999999999991 4 2.9999999999999982 3 3 4 4
leaf_count=4 3 3 5 4 3 3 3 4 4
internal_value=-4.50346e-08 -58.6539 11.7308 40.7708 -10.4763 -42.9989 12.2896 -5.26655 -1.17144
internal_weight=36 6 30 13 17 7 10 7 8
internal_count=36 6 30 13 17 7 10 7 8
is_linear=0
shrinkage=0.05


Tree=159
num_leaves=11
num_cat=0
split_feature=17 13 12 14 16 11 11 13 9 3
split_gain=9.40296e+06 5.54347e+06 2.54489e+06 3.22247e+06 2.86925e+06 3.44153e+06 2.69098e+06 2.59287e+06 1.03449e+06 255341
threshold=9.6500000000000021 1.4706759625324868 2.0779023923196305 8.5000000000000018 3.5000000000000004 75.043804902777794 71.657273419717583 1.2514719605733744 417.82786000000004 27.147145000000005
decision_type=2 2 2 2 2 2 2 2 2 2
left_child=-1 2 -2 4 -4 6 7 -6 -7 -5
right_child=1 -3 3 9 5 8 -8 -9 -10 -11
leaf_value=-84.751480102539062 44.912509663899691 72.50900065104166 -32.4981431961059 -46.260589599609375 38.088135681152323 4.8687113444010421 71.56747233072916 -20.709509658813474 -36.654202270507803 -25.631278737386062
leaf_weight=2.9999999999999991 3.0000000000000027 2.9999999999999991 4.0000000000000062 2.9999999999999991 5.0000000000000018 2.9999999999999991 2.9999999999999991 3 3 3
leaf_count=3 3 3 4 3 5 3 3 3 3 3
internal_value=1.80138e-07 7.70468 1.22425 -3.63 5.60312 14.5681 31.1831 16.039 -15.8927 -35.9459
internal_weight=36 33 30 27 21 17 11 8 6 6
internal_count=36 33 30 27 21 17 11 8 6 6
is_linear=0
shrinkage=0.05


Tree=160
num_leaves=11
num_cat=0
split_feature=4 1 1 11 13 3 16 15 3 17
split_gain=9.13314e+06 5.36081e+06 3.1547e+07 6.20722e+06 5.0206e+06 1.71421e+06 3.30959e+06 2.55824e+06 1.68378e+06 1.19204e+06
threshold=-11.334504999999996 356.60882500000002 785.36652500000002 65.624235959823366 1.1961237880861357 23.378955000000005 9.5000000000000018 2023.5000000000002 27.147145000000005 14.350000000000001
decision_type=2 2 2 2 2 2 2 2 2 2
left_child=-1 3 -3 -2 9 6 -4 -8 -7 -5
right_child=1 2 5 4 -6 8 7 -9 -10 -11
leaf_value=-83.526665751139319 -79.635060373942054 173.68146921793601 -31.452089691162122 -38.482952880859386 56.664687856038398 -42.800266265869141 65.516028849283842 0.21871693929036451 6.7529162089029926 0.11822490692138671
leaf_weight=2.9999999999999991 2.9999999999999991 3.0000000000000027 2.9999999999999982 3.9999999999999982 3 3.9999999999999991 3 3 3 4
leaf_count=3 3 3 3 4 3 4 3 3 3 4
internal_value=9.11289e-07 7.59333 24.8921 -15.8836 1.5032 -3.0059 11.4276 32.8674 -21.5632 -19.1824
internal_weight=36 33 19 14 11 16 9 6 7 8
internal_count=36 33 19 14 11 16 9 6 7 8
is_linear=0
shrinkage=0.05


Tree=161
num_leaves=11
num_cat=0
split_feature=11 11 13 1 13 11 3 3 2 1
split_gain=9.22447e+06 1.47205e+07 1.17355e+07 6.76784e+06 4.86569e+06 2.16707e+06 927101 635446 167621 164206
threshold=64.236891110942281 63.151977547939076 0.97347757341424435 10031.083400000001 1.3200699465574621 75.043804902777794 23.378955000000005 27.147145000000005 4.1901011186622137 13.446980000000003
decision_type=2 2 2 2 2 2 2 2 2 2
left_child=1 3 -2 6 5 9 8 -8 -1 -4
right_child=2 -3 4 -5 -6 -7 7 -9 -10 -11
leaf_value=-6.1635982513427683 -100.83962211608878 126.4164311726888 40.19442513783774 72.259173583984378 -60.173426755269375 -12.647118072509764 -41.873549397786448 -9.3300974527994764 10.550739542643226 23.651261138916013
leaf_weight=3.0000000000000018 4.0000000000000027 2.9999999999999991 2.9999999999999982 2.9999999999999991 2.9999999999999991 5 3 3 3 3
leaf_count=3 4 3 3 3 3 5 3 3 3 3
internal_value=-7.41747e-08 25.3098 -25.3099 5.08853 -3.72992 11.6638 -11.7041 -25.6018 2.19357 31.9228
internal_weight=36 18 18 15 14 11 12 6 6 6
internal_count=36 18 18 15 14 11 12 6 6 6
is_linear=0
shrinkage=0.05


Tree=162
num_leaves=10
num_cat=0
split_feature=4 17 13 4 12 12 3 14 16
split_gain=8.5849e+06 4.87402e+06 1.20323e+07 3.69561e+07 2.44735e+06 2.43754e+06 3.20585e+06 1.66153e+06 750576
threshold=-11.334504999999996 14.650000000000002 1.2514719605733744 7.6881050000000011 2.0779023923196305 2.2556213783602157 14.528775000000003 6.5000000000000009 18.500000000000004
decision_type=2 2 2 2 2 2 2 2 2
left_child=-1 2 4 -4 -2 8 -7 -8 -6
right_child=1 -3 3 -5 5 6 7 -9 -10
leaf_value=-80.980936177571621 38.081701914469313 -53.403541310628263 -28.656899642944339 203.49472198486322 -16.410696983337392 48.667150624593098 13.003308868408206 -30.231172027587885 -47.041077423095693
leaf_weight=2.9999999999999991 3.0000000000000062 2.9999999999999991 3.9999999999999991 3 4.0000000000000018 2.9999999999999991 3.9999999999999982 5 4
leaf_count=3 3 3 4 3 4 3 4 5 4
internal_value=-8.26518e-07 7.3619 13.4384 70.8367 -4.03057 -10.3474 3.9049 -11.0158 -31.7259
internal_weight=36 33 30 7 23 20 12 9 8
internal_count=36 33 30 7 23 20 12 9 8
is_linear=0
shrinkage=0.05


Tree=163
num_leaves=11
num_cat=0
split_feature=11 13 11 16 16 13 12 13 11 1
split_gain=8.27499e+06 1.3152e+07 1.10187e+07 1.23301e+07 4.14298e+06 1.07245e+07 3.20303e+06 3.57228e+06 1.22534e+06 737504
threshold=64.236891110942281 1.3200699465574621 71.657273419717583 18.500000000000004 21.500000000000004 0.94229896360356313 2.2236318194103561 1.1003458070450887 57.014233817204307 5472.913485
decision_type=2 2 2 2 2 2 2 2 2 2
left_child=1 4 3 -2 5 -1 -4 -8 -7 -6
right_child=2 -3 6 -5 9 8 7 -9 -10 -11
leaf_value=103.50193583170565 -7.6193771362304608 119.54038289388021 -26.87483619689942 -150.97250162760415 -44.854592895507814 -34.87614415486653 -5.4109157562255845 66.766421000162751 10.31484400431315 -9.7950192769368467
leaf_weight=3.0000000000000018 3.0000000000000027 2.9999999999999991 4.9999999999999982 3 2.9999999999999991 3 4 3 3 3
leaf_count=3 3 3 5 3 3 3 4 3 3 3
internal_value=5.29819e-08 23.9719 -23.9719 -79.2959 4.8582 26.3135 3.69012 25.5222 -12.2807 -27.3248
internal_weight=36 18 18 6 15 9 12 7 6 6
internal_count=36 18 18 6 15 9 12 7 6 6
is_linear=0
shrinkage=0.05


Tree=164
num_leaves=10
num_cat=0
split_feature=17 12 12 14 12 12 12 14 15
split_gain=7.89146e+06 5.15548e+06 1.48375e+07 3.95962e+06 2.57786e+06 2.06937e+06 3.15665e+06 883684 363654
threshold=9.6500000000000021 2.3908275892027597 2.5589999483969001 6.5000000000000009 2.2705331231665666 2.2236318194103561 2.0779023923196305 4.5000000000000009 2023.5000000000002
decision_type=2 2 2 2 2 2 2 2 2
left_child=-1 3 -3 4 -2 6 -5 -4 -8
right_child=1 2 7 5 -6 -7 8 -9 -10
leaf_value=-77.641460164388036 -66.068821716308534 99.140677490234381 5.7282176971435561 37.416707738240568 -4.7550696055094388 43.490586598714195 -13.089572906494139 -25.801833534240718 -37.708479817708323
leaf_weight=2.9999999999999991 4.0000000000000027 4.9999999999999991 4.9999999999999982 2.9999999999999982 3 2.9999999999999991 3 4 3
leaf_count=3 4 5 5 3 3 3 3 4 3
internal_value=-2.6491e-07 7.05831 30.0812 -9.90594 -39.7915 7.52731 -4.46045 -8.28514 -25.399
internal_weight=36 33 14 19 7 12 9 9 6
internal_count=36 33 14 19 7 12 9 9 6
is_linear=0
shrinkage=0.05


Tree=165
num_leaves=11
num_cat=0
split_feature=4 1 1 11 13 16 15 17 17 12
split_gain=7.61244e+06 4.57863e+06 2.68786e+07 5.22499e+06 3.66286e+06 1.70581e+06 3.9821e+06 1.54335e+06 1.10504e+06 660793
threshold=-11.334504999999996 356.60882500000002 785.36652500000002 65.624235959823366 1.1961237880861357 6.5000000000000009 2022.5000000000002 10.450000000000001 14.350000000000001 2.5589999483969001
decision_type=2 2 2 2 2 2 2 2 2 2
left_child=-1 3 -3 -2 8 -4 -7 -8 -5 -9
right_child=1 2 5 4 -6 6 7 9 -10 -11
leaf_value=-76.256533813476565 -73.254641850789397 160.25896911621078 -31.108864784240723 -35.063737106323252 48.303589375813793 56.482029215494791 -39.316996256510436 -11.987579345703123 2.1020317077636714 21.198589833577469
leaf_weight=2.9999999999999991 2.9999999999999991 3.0000000000000027 3.9999999999999991 3.9999999999999982 3 2.9999999999999991 2.9999999999999982 3 4 3
leaf_count=3 3 3 4 4 3 3 3 3 4 3
internal_value=-5.29819e-08 6.93241 22.9195 -14.7643 1.18763 -2.83171 6.59401 -10.0353 -16.4809 4.60551
internal_weight=36 33 19 14 11 16 12 9 8 6
internal_count=36 33 19 14 11 16 12 9 8 6
is_linear=0
shrinkage=0.05


Tree=166
num_leaves=10
num_cat=0
split_feature=11 16 13 13 13 11 12 11 1
split_gain=7.79815e+06 1.25026e+07 9.822e+06 4.27362e+06 3.94457e+06 1.48489e+06 1.36354e+06 596044 126767
threshold=64.236891110942281 27.500000000000004 0.97347757341424435 0.94229896360356313 1.3200699465574621 75.043804902777794 2.5936450138888891 57.014233817204307 13.446980000000003
decision_type=2 2 2 2 2 2 2 2 2
left_child=1 3 -2 -1 5 8 7 -5 -4
right_child=2 -3 4 6 -6 -7 -8 -9 -10
leaf_value=42.378231506347632 -92.369350814819256 116.45013071695965 34.369254430135101 -43.170595296223979 -54.349379030863446 -9.7922616577148425 13.966440836588539 -13.687884140014646 19.833849334716792
leaf_weight=5.0000000000000027 4.0000000000000027 2.9999999999999991 2.9999999999999982 2.9999999999999982 2.9999999999999991 5 3 4 3
leaf_count=5 4 3 3 3 3 5 3 4 3
internal_value=3.44382e-07 23.271 -23.271 4.63514 -3.52858 10.3316 -14.2364 -26.3233 27.1016
internal_weight=36 18 18 15 14 11 10 7 6
internal_count=36 18 18 15 14 11 10 7 6
is_linear=0
shrinkage=0.05


Tree=167
num_leaves=11
num_cat=0
split_feature=14 11 12 15 12 0 16 12 17 11
split_gain=7.66161e+06 1.08623e+07 6.24748e+06 1.13615e+07 1.63137e+07 3.26268e+06 5.65088e+06 1.52512e+06 477272 178521
threshold=10.500000000000002 61.295838864734314 2.3908275892027597 2022.5000000000002 2.5589999483969001 1958.4345200000002 27.500000000000004 2.2236318194103561 13.9 61.295838864734314
decision_type=2 2 2 2 2 2 2 2 2 2
left_child=2 -2 5 9 -5 6 7 -1 -9 -4
right_child=1 -3 3 4 -6 -7 -8 8 -10 -11
leaf_value=27.214606221516863 15.697348531087242 -118.8531600952148 -22.704670969645193 167.82220306396482 13.579507637023923 37.681575775146484 -80.604742940266931 -24.048734893798823 1.17749547958374 -5.4554448445638002
leaf_weight=3.0000000000000062 2.9999999999999991 3 2.9999999999999982 3 4 2.9999999999999991 2.9999999999999991 5 3 3
leaf_count=3 3 3 3 3 4 3 3 5 3 3
internal_value=-3.68224e-07 -51.5779 10.3156 36.408 79.6835 -9.63746 -19.7773 -3.18794 -14.5889 -14.0801
internal_weight=36 6 30 13 7 17 14 11 8 6
internal_count=36 6 30 13 7 17 14 11 8 6
is_linear=0
shrinkage=0.05


Tree=168
num_leaves=10
num_cat=0
split_feature=4 13 3 16 14 14 12 15 17
split_gain=6.92505e+06 4.11728e+06 1.61198e+06 1.75143e+06 5.96323e+06 1.24371e+06 937537 770874 60177.1
threshold=-11.334504999999996 1.4706759625324868 34.687360000000005 21.500000000000004 9.5000000000000018 8.5000000000000018 2.5936450138888891 2022.5000000000002 13.9
decision_type=2 2 2 2 2 2 2 2 2
left_child=-1 2 3 4 6 -5 7 -2 -9
right_child=1 -3 -4 5 -6 -7 -8 8 -10
leaf_value=-72.732164001464852 -30.471349487304629 62.461386108398443 35.797497049967454 -0.064837455749511733 60.008829116821289 -37.47038269042968 15.561678695678712 -8.8961255391438776 1.1186206499735512
leaf_weight=2.9999999999999991 5.0000000000000089 2.9999999999999991 2.9999999999999991 3.9999999999999982 3.9999999999999991 5 2.9999999999999991 3 3
leaf_count=3 5 3 3 4 4 5 3 3 3
internal_value=-4.26504e-07 6.61201 1.02708 -2.8363 6.16839 -20.8457 -9.21459 -15.9718 -3.88875
internal_weight=36 33 30 27 18 9 14 11 6
internal_count=36 33 30 27 18 9 14 11 6
is_linear=0
shrinkage=0.05


Tree=169
num_leaves=11
num_cat=0
split_feature=11 11 11 16 1 12 11 3 3 12
split_gain=6.89863e+06 1.16566e+07 9.44262e+06 1.00071e+07 5.70218e+06 2.69564e+06 2.90425e+06 697888 654057 46172.9
threshold=64.236891110942281 63.151977547939076 71.657273419717583 18.500000000000004 10031.083400000001 2.2236318194103561 75.043804902777794 23.378955000000005 27.147145000000005 2.4591933961852441
decision_type=2 2 2 2 2 2 2 2 2 2
left_child=1 4 3 -2 7 -4 -7 9 -9 -1
right_child=2 -3 5 -5 -6 6 -8 8 -10 -11
leaf_value=4.923528035481767 -8.5299861590067447 111.85920511881511 -24.320108795166021 -137.67494303385413 65.549342854817709 60.936501057942692 -4.143220138549804 -40.08678792317707 -7.0701995849609363 -3.8488580067952465
leaf_weight=3.0000000000000018 3.0000000000000027 2.9999999999999991 4.9999999999999982 3 2.9999999999999991 3 4 3 3 3
leaf_count=3 3 3 5 3 3 3 4 3 3 3
internal_value=-4.84784e-07 21.8877 -21.8877 -73.1025 3.89341 3.71967 23.7481 -11.5206 -23.5785 0.537335
internal_weight=36 18 18 6 15 12 7 12 6 6
internal_count=36 18 18 6 15 12 7 12 6 6
is_linear=0
shrinkage=0.05


Tree=170
num_leaves=11
num_cat=0
split_feature=14 11 12 15 12 14 15 12 12 11
split_gain=6.78438e+06 9.58324e+06 5.47453e+06 9.84587e+06 1.44822e+07 2.94729e+06 2.09514e+06 1.47418e+06 1.91151e+06 179321
threshold=10.500000000000002 61.295838864734314 2.3908275892027597 2022.5000000000002 2.5589999483969001 6.5000000000000009 2023.5000000000002 2.2236318194103561 2.1751164832962302 61.295838864734314
decision_type=2 2 2 2 2 2 2 2 2 2
left_child=2 -2 5 9 -5 6 -1 8 -7 -4
right_child=1 -3 3 4 -6 7 -8 -9 -10 -11
leaf_value=-10.164566516876203 14.654915364583335 -111.725737508138 -21.511867523193366 157.46184895833329 12.135013961791991 18.50739850997925 -65.440410359700508 37.772085825602204 -34.290559832255035 -4.2240676879882804
leaf_weight=4.0000000000000062 2.9999999999999991 3 2.9999999999999982 3 4 3.9999999999999982 3 3 3 3
leaf_count=4 3 3 3 3 4 4 3 3 3 3
internal_value=1.53648e-07 -48.5354 9.70708 34.1321 74.4179 -8.9709 -33.8542 8.44742 -4.1203 -12.868
internal_weight=36 6 30 13 7 17 7 10 7 6
internal_count=36 6 30 13 7 17 7 10 7 6
is_linear=0
shrinkage=0.05


Tree=171
num_leaves=10
num_cat=0
split_feature=4 13 11 4 13 16 0 14 14
split_gain=6.31039e+06 3.62433e+06 1.77492e+06 1.65219e+06 1.58637e+06 1.18539e+06 1.70434e+06 483616 309521
threshold=-11.334504999999996 1.4706759625324868 53.422643599253213 -4.994794999999999 1.2514719605733744 21.500000000000004 20.133325000000003 7.5000000000000009 9.5000000000000018
decision_type=2 2 2 2 2 2 2 2 2
left_child=-1 2 -2 -4 5 6 -5 -8 -7
right_child=1 -3 3 4 -6 8 7 -9 -10
leaf_value=-69.429370625813803 -35.413705190022746 58.711256917317712 34.784417152404757 28.768391036987254 24.882637252807619 -13.742644500732423 4.6664784749348946 -20.726865158081054 -36.455379740397127
leaf_weight=2.9999999999999991 3.0000000000000027 2.9999999999999991 4.0000000000000027 4.0000000000000062 4.9999999999999991 2.9999999999999991 3 5 3
leaf_count=3 3 3 4 4 5 3 3 5 3
internal_value=-2.11928e-08 6.31176 1.07181 5.12576 -0.0322701 -6.95308 2.11989 -11.2044 -25.099
internal_weight=36 33 30 27 23 18 12 8 6
internal_count=36 33 30 27 23 18 12 8 6
is_linear=0
shrinkage=0.05


Tree=172
num_leaves=11
num_cat=0
split_feature=17 1 1 9 12 11 11 4 14 12
split_gain=6.25006e+06 3.70374e+06 2.20077e+07 4.20496e+06 2.17878e+06 2.81025e+06 1.4195e+06 2.20469e+06 687457 121814
threshold=9.6500000000000021 356.60882500000002 785.36652500000002 32.150475000000007 2.2236318194103561 80.258494659582638 57.014233817204307 -4.994794999999999 9.5000000000000018 2.5589999483969001
decision_type=2 2 2 2 2 2 2 2 2 2
left_child=-1 3 -3 -2 -5 -6 -4 -8 9 -9
right_child=1 2 6 4 5 -7 7 8 -10 -11
leaf_value=-69.096671549479169 -56.55930325984955 144.93415400187158 -33.643020311991378 -24.485685443878182 57.37315368652343 -11.064754994710285 35.399271965026877 -6.5669026692708314 -28.756752904256178 7.6817489624023416
leaf_weight=2.9999999999999991 3.9999999999999991 3.0000000000000027 2.9999999999999991 3.9999999999999982 3 3 3.9999999999999973 3 3 3
leaf_count=3 4 3 3 4 3 3 4 3 3 3
internal_value=-1.19209e-07 6.28152 20.6603 -13.2325 4.09825 23.1542 -2.64111 4.51318 -9.21397 0.557423
internal_weight=36 33 19 14 10 6 16 13 9 6
internal_count=36 33 19 14 10 6 16 13 9 6
is_linear=0
shrinkage=0.05


Tree=173
num_leaves=12
num_cat=0
split_feature=11 11 1 1 13 3 12 3 3 14 12
split_gain=6.05944e+06 1.02434e+07 7.89554e+06 5.08394e+06 2.86853e+06 1.24727e+06 777928 662531 632935 367705 52064.5
threshold=64.236891110942281 63.151977547939076 785.36652500000002 10031.083400000001 1.3200699465574621 34.687360000000005 2.1751164832962302 23.378955000000005 27.147145000000005 7.5000000000000009 2.4591933961852441
decision_type=2 2 2 2 2 2 2 2 2 2 2
left_child=1 3 4 7 5 6 -2 10 -9 -8 -1
right_child=2 -3 -4 -5 -6 -7 9 8 -10 -11 -12
leaf_value=5.4967264811197865 16.711050796508776 104.85460001627605 -94.56064122517904 61.862654622395837 -49.434277852376304 33.149133809407552 -2.0946283976236972 -38.897457377115877 -6.4183654785156241 -26.850258382161453 -3.8185407479604074
leaf_weight=3.0000000000000018 3.0000000000000018 2.9999999999999991 2.9999999999999991 2.9999999999999991 2.9999999999999991 2.9999999999999991 3 3 3 3 3
leaf_count=3 3 3 3 3 3 3 3 3 3 3 3
internal_value=-3.11269e-07 20.5133 -20.5133 3.645 -5.7038 5.22882 -4.07795 -10.9094 -22.6579 -14.4724 0.839093
internal_weight=36 18 18 15 15 12 9 12 6 6 6
internal_count=36 18 18 15 15 12 9 12 6 6 6
is_linear=0
shrinkage=0.05


Tree=174
num_leaves=10
num_cat=0
split_feature=4 17 13 11 3 13 12 16 14
split_gain=5.90969e+06 3.37548e+06 7.67874e+06 1.52444e+06 1.54973e+06 2.36136e+06 2.33743e+06 829448 239032
threshold=-11.334504999999996 14.650000000000002 1.3200699465574621 53.422643599253213 19.023425 1.1961237880861357 2.0779023923196305 18.500000000000004 8.5000000000000018
decision_type=2 2 2 2 2 2 2 2 2
left_child=-1 2 3 -2 -5 6 -6 -8 -9
right_child=1 -3 -4 4 5 -7 7 8 -10
leaf_value=-67.188880411783856 -32.279979912439906 -44.460478719075525 75.657709789276126 33.902148056030249 30.03310190836585 33.794661331176762 -3.7569296264648444 -19.751810073852536 -38.422318649291981
leaf_weight=2.9999999999999991 3.0000000000000062 2.9999999999999991 3.9999999999999991 4.0000000000000027 3.0000000000000027 3.9999999999999991 4.9999999999999982 3 4
leaf_count=3 3 3 4 4 3 4 5 3 4
internal_value=3.43058e-07 6.10808 11.1649 1.24297 5.61553 -0.339547 -9.442 -19.3108 -30.4207
internal_weight=36 33 30 26 23 19 15 12 7
internal_count=36 33 30 26 23 19 15 12 7
is_linear=0
shrinkage=0.05


Tree=175
num_leaves=10
num_cat=0
split_feature=17 12 12 14 12 12 12 14 15
split_gain=5.56478e+06 3.70855e+06 1.00904e+07 2.43449e+06 1.96916e+06 1.39851e+06 1.98136e+06 672286 199715
threshold=9.6500000000000021 2.3908275892027597 2.5589999483969001 6.5000000000000009 2.2705331231665666 2.2236318194103561 2.0779023923196305 4.5000000000000009 2023.5000000000002
decision_type=2 2 2 2 2 2 2 2 2
left_child=-1 3 -3 4 -2 6 -5 -4 -8
right_child=1 2 7 5 -6 -7 8 -9 -10
leaf_value=-65.198738098144531 -54.860844230651814 82.404144134521488 6.037561340332033 28.531447601318366 -1.2726970036824543 34.773347727457683 -12.112824503580725 -21.463751411437983 -30.357244873046866
leaf_weight=2.9999999999999991 4.0000000000000027 4.9999999999999991 4.9999999999999982 2.9999999999999982 3 2.9999999999999991 3 4 3
leaf_count=3 4 5 5 3 3 3 3 4 3
internal_value=4.82135e-07 5.92716 25.4538 -8.46091 -31.8945 5.20868 -4.64621 -6.18524 -21.235
internal_weight=36 33 14 19 7 12 9 9 6
internal_count=36 33 14 19 7 12 9 9 6
is_linear=0
shrinkage=0.05


Tree=176
num_leaves=10
num_cat=0
split_feature=4 1 1 9 12 11 13 2 1
split_gain=5.37796e+06 3.21566e+06 1.842e+07 3.75561e+06 1.98185e+06 2.66645e+06 1.35158e+06 745515 505957
threshold=-11.334504999999996 356.60882500000002 785.36652500000002 32.150475000000007 2.2236318194103561 80.258494659582638 0.90531515811053953 10.94469346527778 5472.913485
decision_type=2 2 2 2 2 2 2 2 2
left_child=-1 3 -3 -2 -5 -6 -4 8 -8
right_child=1 2 6 4 5 -7 7 -9 -10
leaf_value=-64.094981384277347 -53.302443838119508 132.91872151692692 23.077499389648438 -23.239022254943855 55.528981526692689 -11.134992726643878 -36.537882486979179 4.2628044128417963 -9.3744242906570427
leaf_weight=2.9999999999999991 3.9999999999999991 3.0000000000000027 3.9999999999999991 3.9999999999999982 3 3 2.9999999999999982 5 4
leaf_count=3 4 3 4 4 3 3 3 5 4
internal_value=-7.15256e-08 5.82682 19.2247 -12.356 4.02259 22.197 -2.09296 -10.4831 -21.0159
internal_weight=36 33 19 14 10 6 16 12 7
internal_count=36 33 19 14 10 6 16 12 7
is_linear=0
shrinkage=0.05


Tree=177
num_leaves=10
num_cat=0
split_feature=11 11 13 1 13 11 13 16 1
split_gain=5.47162e+06 8.81502e+06 7.00725e+06 4.95677e+06 2.70899e+06 1.22466e+06 652570 677591 122076
threshold=64.236891110942281 63.151977547939076 0.97347757341424435 10031.083400000001 1.3200699465574621 75.043804902777794 1.2514719605733744 21.500000000000004 13.446980000000003
decision_type=2 2 2 2 2 2 2 2 2
left_child=1 3 -2 6 5 8 7 -1 -4
right_child=2 -3 4 -5 -6 -7 -8 -9 -10
leaf_value=8.989959659576412 -77.85643730163568 97.733174387613929 31.030183410644543 61.329756673177087 -44.933473205566408 -9.6070980834960924 -27.015877532958985 -21.067559814453119 16.766230265299477
leaf_weight=5.0000000000000018 4.0000000000000027 2.9999999999999991 2.9999999999999982 2.9999999999999991 2.9999999999999991 5 3.9999999999999991 3 3
leaf_count=5 4 3 3 3 3 5 4 3 3
internal_value=-4.52995e-07 19.4929 -19.4929 3.84486 -2.81762 8.66852 -10.5264 -2.28161 23.8982
internal_weight=36 18 18 15 14 11 12 8 6
internal_count=36 18 18 15 14 11 12 8 6
is_linear=0
shrinkage=0.05


Tree=178
num_leaves=11
num_cat=0
split_feature=14 11 12 15 12 0 16 12 17 11
split_gain=5.13234e+06 8.48348e+06 4.49626e+06 8.04914e+06 1.09824e+07 2.24835e+06 3.92307e+06 1.02442e+06 384368 125479
threshold=10.500000000000002 61.295838864734314 2.3908275892027597 2022.5000000000002 2.5589999483969001 1958.4345200000002 27.500000000000004 2.2236318194103561 13.9 61.295838864734314
decision_type=2 2 2 2 2 2 2 2 2 2
left_child=2 -2 5 9 -5 6 7 -1 -9 -4
right_child=1 -3 3 4 -6 -7 -8 8 -10 -11
leaf_value=21.837991333007764 17.23954060872396 -101.66854451497393 -19.148211765289314 139.32021179199214 12.765698242187497 30.796671549479171 -67.583640034993493 -20.912380676269528 1.7258616129557287 -4.6868436177571606
leaf_weight=3.0000000000000062 2.9999999999999991 3 2.9999999999999982 3 4 2.9999999999999991 2.9999999999999991 5 3 3
leaf_count=3 3 3 3 3 4 3 3 5 3 3
internal_value=1.32455e-08 -42.2145 8.4429 30.5783 67.0033 -8.48419 -16.9015 -3.07912 -12.423 -11.9175
internal_weight=36 6 30 13 7 17 14 11 8 6
internal_count=36 6 30 13 7 17 14 11 8 6
is_linear=0
shrinkage=0.05


Tree=179
num_leaves=11
num_cat=0
split_feature=4 0 9 9 12 11 11 16 14 14
split_gain=5.11734e+06 2.78422e+06 1.33411e+07 4.5899e+06 1.90866e+06 2.29186e+06 1.57899e+06 2.74852e+06 3.18848e+06 837790
threshold=-11.334504999999996 220.66570000000004 1.0000000180025095e-35 32.150475000000007 2.2236318194103561 80.258494659582638 53.422643599253213 21.500000000000004 9.5000000000000018 9.5000000000000018
decision_type=2 2 2 2 2 2 2 2 2 2
left_child=-1 2 6 -3 -5 -6 -2 8 -8 -9
right_child=1 3 -4 4 5 -7 7 9 -10 -11
leaf_value=-62.522658284505212 -32.680275789896569 -66.572505696614584 114.60379536946614 -22.810744667053228 52.680441792805972 -9.1238118489583311 0.2218929290771485 5.1115033467610669 68.411878458658848 -29.84242668151855
leaf_weight=2.9999999999999991 3.0000000000000062 2.9999999999999991 2.9999999999999991 3.9999999999999982 3 3 3.9999999999999982 3 3 4
leaf_count=3 3 3 3 4 3 3 4 3 3 4
internal_value=-3.2319e-07 5.68388 17.3929 -12.33 3.94269 21.7783 0.23807 7.292 29.4462 -14.8622
internal_weight=36 33 20 13 10 6 17 14 7 7
internal_count=36 33 20 13 10 6 17 14 7 7
is_linear=0
shrinkage=0.05


Tree=180
num_leaves=10
num_cat=0
split_feature=11 0 11 16 1 12 11 3 12
split_gain=4.89461e+06 8.03739e+06 6.87383e+06 7.7027e+06 2.75477e+06 1.93688e+06 2.10977e+06 648897 44760.9
threshold=64.236891110942281 53.678430000000006 71.657273419717583 18.500000000000004 10031.083400000001 2.2236318194103561 75.043804902777794 23.378955000000005 2.4591933961852441
decision_type=2 2 2 2 2 2 2 2 2
left_child=1 4 3 -2 7 -4 -7 8 -1
right_child=2 -3 5 -5 -6 6 -8 -9 -10
leaf_value=5.9779322306315059 -5.4810217539469335 93.146050771077483 -20.356297454833989 -118.78522135416664 39.027672576904301 52.085371144612616 -3.383110904693603 -22.729650268554686 -2.6592792510986323
leaf_weight=3.0000000000000018 3.0000000000000027 2.9999999999999991 4.9999999999999982 3 3.9999999999999991 3 4 5 3
leaf_count=3 3 3 5 3 4 3 4 5 3
internal_value=9.53674e-08 18.4365 -18.4365 -62.1331 3.49456 3.41185 20.3891 -9.42657 1.65933
internal_weight=36 18 18 6 15 12 7 11 6
internal_count=36 18 18 6 15 12 7 11 6
is_linear=0
shrinkage=0.05


Tree=181
num_leaves=11
num_cat=0
split_feature=4 13 11 6 3 12 14 12 11 3
split_gain=4.51344e+06 2.63131e+06 1.37789e+06 1.44776e+06 1.12162e+06 1.20016e+06 841412 342911 288869 121785
threshold=-11.334504999999996 1.4706759625324868 53.422643599253213 2238.4421600000005 34.687360000000005 2.0779023923196305 8.5000000000000018 2.5936450138888891 64.236891110942281 27.147145000000005
decision_type=2 2 2 2 2 2 2 2 2 2
left_child=-1 2 -2 4 5 -4 7 8 -7 -8
right_child=1 -3 3 -5 -6 6 9 -9 -10 -11
leaf_value=-58.71770070393881 -31.273571777343712 49.985636393229171 25.545110829671135 37.19276580810547 28.949642181396484 -19.212119547526026 -31.025205485026046 10.983626365661621 0.41332462310791007 -16.778266016642249
leaf_weight=2.9999999999999991 3.0000000000000027 2.9999999999999991 3.0000000000000098 2.9999999999999991 2.9999999999999991 3.0000000000000018 2.9999999999999991 3.9999999999999991 5 3
leaf_count=3 3 3 3 3 3 3 3 4 5 3
internal_value=1.00666e-07 5.33797 0.873207 4.44507 0.351609 -3.73382 -8.61365 -0.969603 -6.94622 -23.9017
internal_weight=36 33 30 27 24 21 18 12 8 6
internal_count=36 33 30 27 24 21 18 12 8 6
is_linear=0
shrinkage=0.05


Tree=182
num_leaves=10
num_cat=0
split_feature=11 11 11 16 1 12 11 13 16
split_gain=4.51868e+06 7.74142e+06 6.10368e+06 7.05965e+06 4.10725e+06 1.74631e+06 1.88883e+06 691538 643689
threshold=64.236891110942281 63.151977547939076 71.657273419717583 18.500000000000004 10031.083400000001 2.2236318194103561 75.043804902777794 1.2514719605733744 21.500000000000004
decision_type=2 2 2 2 2 2 2 2 2
left_child=1 4 3 -2 7 -4 -7 8 -1
right_child=2 -3 5 -5 -6 6 -8 -9 -10
leaf_value=9.4415567779540961 -4.6545836130777944 91.03543243408204 -19.694891967773444 -113.12617797851561 55.377587890625001 48.984832382202136 -3.4988790512084957 -27.00649108886719 -19.854374440511066
leaf_weight=5.0000000000000018 3.0000000000000027 2.9999999999999991 4.9999999999999982 3 2.9999999999999991 3 4 3.9999999999999991 3
leaf_count=5 3 3 5 3 3 3 4 4 3
internal_value=-1.80138e-07 17.7143 -17.7143 -58.8904 3.0501 2.87371 18.9941 -10.0318 -1.54442
internal_weight=36 18 18 6 15 12 7 12 8
internal_count=36 18 18 6 15 12 7 12 8
is_linear=0
shrinkage=0.05


Tree=183
num_leaves=11
num_cat=0
split_feature=14 11 12 15 12 14 12 11 1 11
split_gain=4.35459e+06 6.93674e+06 3.77995e+06 6.77918e+06 9.53485e+06 2.24644e+06 1.31093e+06 1.09838e+06 223668 86153.2
threshold=10.500000000000002 61.295838864734314 2.3908275892027597 2022.5000000000002 2.5589999483969001 6.5000000000000009 2.2705331231665666 75.043804902777794 13.446980000000003 61.295838864734314
decision_type=2 2 2 2 2 2 2 2 2 2
left_child=2 -2 5 9 -5 6 -1 8 -7 -4
right_child=1 -3 3 4 -6 7 -8 -9 -10 -11
leaf_value=-48.206391716003338 14.877026367187501 -92.646164957682274 -16.918380482991541 128.88343811035153 10.964016437530516 28.632103729248055 -4.4824845314025863 -17.848934427897131 10.571570587158201 -4.9355293273925769
leaf_weight=4.0000000000000062 2.9999999999999991 3 2.9999999999999982 3 4 2.9999999999999982 3 3 4 3
leaf_count=4 3 3 3 3 4 3 3 3 4 3
internal_value=1.29806e-07 -38.8846 7.77691 28.0727 61.5009 -7.74337 -29.4676 7.46358 18.3118 -10.927
internal_weight=36 6 30 13 7 17 7 10 7 6
internal_count=36 6 30 13 7 17 7 10 7 6
is_linear=0
shrinkage=0.05


Tree=184
num_leaves=11
num_cat=0
split_feature=4 1 1 11 13 11 16 16 14 17
split_gain=4.23324e+06 2.46658e+06 1.50787e+07 2.70049e+06 1.87922e+06 1.24371e+06 1.53494e+06 2.02079e+06 714744 601510
threshold=-11.334504999999996 356.60882500000002 785.36652500000002 65.624235959823366 1.1961237880861357 53.422643599253213 21.500000000000004 9.5000000000000018 10.500000000000002 14.350000000000001
decision_type=2 2 2 2 2 2 2 2 2 2
left_child=-1 3 -3 -2 9 -4 7 -7 -8 -5
right_child=1 2 5 4 -6 6 8 -9 -10 -11
leaf_value=-56.865837605794276 -52.80488904317221 119.77042160034166 -31.402750142415364 -25.652802848815924 34.460876083374011 -10.801429621378585 3.0125516255696607 43.484667968749989 -31.50178171793619 1.7677639007568358
leaf_weight=2.9999999999999991 2.9999999999999991 3.0000000000000027 2.9999999999999991 3.9999999999999982 3 2.9999999999999982 3 4 3 4
leaf_count=3 3 3 3 4 3 3 3 4 3 4
internal_value=-1.05964e-08 5.16962 16.9037 -10.7552 0.712952 -2.38385 4.31282 20.2192 -14.2446 -11.9425
internal_weight=36 33 19 14 11 16 13 7 6 8
internal_count=36 33 19 14 11 16 13 7 6 8
is_linear=0
shrinkage=0.05


Tree=185
num_leaves=11
num_cat=0
split_feature=11 11 1 1 13 3 13 16 15 1
split_gain=4.09697e+06 6.76938e+06 5.5717e+06 3.54407e+06 1.86154e+06 839314 621682 594099 428781 397659
threshold=64.236891110942281 63.151977547939076 785.36652500000002 10031.083400000001 1.3200699465574621 34.687360000000005 1.2514719605733744 21.500000000000004 2023.5000000000002 0.65214000000000005
decision_type=2 2 2 2 2 2 2 2 2 2
left_child=1 3 4 6 5 8 7 -1 9 -2
right_child=2 -3 -4 -5 -6 -7 -8 -9 -10 -11
leaf_value=9.6044052124023391 -8.4093482971191342 85.431032307942715 -79.07067794799805 51.762538655598966 -39.655050897598272 27.283738454182942 -25.091714096069339 -18.540440114339187 -18.688390096028641 17.334868113199867
leaf_weight=5.0000000000000018 3.0000000000000018 2.9999999999999991 2.9999999999999991 2.9999999999999991 2.9999999999999991 2.9999999999999991 3.9999999999999991 3 3 3
leaf_count=5 3 3 3 3 3 3 4 3 3 3
internal_value=-5.49687e-07 16.8675 -16.8675 3.15476 -4.42684 4.38022 -8.99718 -0.949912 -3.25429 4.46276
internal_weight=36 18 18 15 15 12 12 8 9 6
internal_count=36 18 18 15 15 12 12 8 9 6
is_linear=0
shrinkage=0.05


Tree=186
num_leaves=10
num_cat=0
split_feature=4 13 11 3 13 12 14 15 13
split_gain=3.95874e+06 2.29116e+06 1.30377e+06 1.15747e+06 1.04835e+06 1.31757e+06 1.14098e+06 586841 273710
threshold=-11.334504999999996 1.4706759625324868 53.422643599253213 19.023425 1.2514719605733744 2.0779023923196305 7.5000000000000009 2022.5000000000002 1.1724470252052888
decision_type=2 2 2 2 2 2 2 2 2
left_child=-1 2 -2 -4 5 -5 8 -8 -7
right_child=1 -3 3 4 -6 6 7 -9 -10
leaf_value=-54.991260782877603 -30.437199401855437 46.661248779296876 29.131714820861788 24.612686665852806 20.244157104492189 -5.5058963775634773 -7.102216593424477 -35.07461791992187 14.47309188842773
leaf_weight=2.9999999999999991 3.0000000000000027 2.9999999999999991 4.0000000000000027 3.0000000000000062 4.9999999999999991 3.9999999999999991 3 5 3
leaf_count=3 3 3 4 3 5 4 3 5 3
internal_value=5.93397e-07 4.99921 0.833002 4.30747 -0.00979147 -5.63589 -11.6856 -24.585 3.05653
internal_weight=36 33 30 27 23 18 15 8 7
internal_count=36 33 30 27 23 18 15 8 7
is_linear=0
shrinkage=0.05


Tree=187
num_leaves=11
num_cat=0
split_feature=17 12 15 0 14 12 12 12 3 15
split_gain=3.9207e+06 2.75119e+06 6.7857e+06 1.83746e+06 1.80088e+06 1.28192e+06 962110 1.33333e+06 681248 111802
threshold=9.6500000000000021 2.3908275892027597 2023.5000000000002 1.0000000180025095e-35 6.5000000000000009 2.2705331231665666 2.2236318194103561 2.0779023923196305 27.147145000000005 2023.5000000000002
decision_type=2 2 2 2 2 2 2 2 2 2
left_child=-1 4 3 -3 5 -2 7 -6 -5 -9
right_child=1 2 -4 8 6 -7 -8 9 -10 -11
leaf_value=-54.726418558756507 -46.102444076538049 32.516970316569022 76.832951831817638 -32.264404296874993 23.382052357991544 -2.8651626904805494 28.861312357584637 -10.61741256713867 -0.74478740692138656 -24.267901611328117
leaf_weight=2.9999999999999991 4.0000000000000027 2.9999999999999982 3.9999999999999991 3 2.9999999999999982 3 2.9999999999999991 3 4 3
leaf_count=3 4 3 4 3 3 3 3 3 4 3
internal_value=-3.5233e-07 4.97513 21.7936 -0.222145 -7.41743 -27.5722 4.33951 -3.83442 -14.2532 -17.4427
internal_weight=36 33 14 10 19 7 12 9 7 6
internal_count=36 33 14 10 19 7 12 9 7 6
is_linear=0
shrinkage=0.05


Tree=188
num_leaves=11
num_cat=0
split_feature=11 0 1 1 13 11 15 6 1 0
split_gain=3.82781e+06 6.08639e+06 4.92051e+06 2.14547e+06 1.69828e+06 810151 486127 448848 856444 242802
threshold=64.236891110942281 53.678430000000006 785.36652500000002 10031.083400000001 1.3200699465574621 75.043804902777794 2022.5000000000002 727.60666500000013 5472.913485 743.39287000000013
decision_type=2 2 2 2 2 2 2 2 2 2
left_child=1 3 4 7 5 9 -7 -1 -9 -2
right_child=2 -3 -4 -5 -6 6 -8 8 -10 -11
leaf_value=8.3917368570963458 6.7324356079101513 81.31677780151368 -74.759262847900388 34.65969886779785 -38.260912529627483 5.0395716349283841 -23.42465489705403 -30.646216583251949 2.0731174468994138 26.84884974161783
leaf_weight=3.0000000000000027 3.0000000000000018 2.9999999999999991 2.9999999999999991 3.9999999999999991 2.9999999999999991 3 3 4 4 3
leaf_count=3 3 3 3 4 3 3 3 4 4 3
internal_value=6.39757e-07 16.304 -16.304 3.30144 -4.61294 3.79905 -9.19254 -8.10156 -14.2865 16.7906
internal_weight=36 18 18 15 15 12 6 11 8 6
internal_count=36 18 18 15 15 12 6 11 8 6
is_linear=0
shrinkage=0.05


Tree=189
num_leaves=11
num_cat=0
split_feature=4 0 9 9 12 11 11 16 14 14
split_gain=3.50354e+06 2.38408e+06 1.04144e+07 3.71721e+06 1.36548e+06 1.6071e+06 1.19471e+06 2.11453e+06 2.42267e+06 461289
threshold=-11.334504999999996 220.66570000000004 1.0000000180025095e-35 32.150475000000007 2.2236318194103561 80.258494659582638 53.422643599253213 21.500000000000004 9.5000000000000018 9.5000000000000018
decision_type=2 2 2 2 2 2 2 2 2 2
left_child=-1 2 6 -3 -5 -6 -2 8 -8 -9
right_child=1 3 -4 4 5 -7 7 9 -10 -11
leaf_value=-51.733119710286466 -28.252618789672784 -60.780451456705727 101.42655919392905 -19.950648117065438 43.640863355000803 -8.1133748372395811 0.47479667663574232 1.9062535603841142 59.914305114746071 -24.030455017089839
leaf_weight=2.9999999999999991 3.0000000000000062 2.9999999999999991 2.9999999999999991 3.9999999999999982 3 3 3.9999999999999982 3 3 4
leaf_count=3 3 3 3 4 3 3 4 3 3 4
internal_value=6.51677e-07 4.70301 15.538 -11.9663 2.67799 17.7637 0.381246 6.51707 25.9489 -12.9147
internal_weight=36 33 20 13 10 6 17 14 7 7
internal_count=36 33 20 13 10 6 17 14 7 7
is_linear=0
shrinkage=0.05


Tree=190
num_leaves=10
num_cat=0
split_feature=11 16 11 16 13 12 11 12 11
split_gain=3.57222e+06 5.81008e+06 4.67679e+06 5.60266e+06 2.8026e+06 1.38425e+06 1.50014e+06 995207 694583
threshold=64.236891110942281 27.500000000000004 71.657273419717583 18.500000000000004 0.94229896360356313 2.2236318194103561 75.043804902777794 2.5936450138888891 57.014233817204307
decision_type=2 2 2 2 2 2 2 2 2
left_child=1 4 3 -2 -1 -4 -7 8 -6
right_child=2 -3 5 -5 7 6 -8 -9 -10
leaf_value=33.610997924804664 -3.4773169199625613 79.270150756835946 -17.821990814208988 -100.10947875976559 -40.748852539062511 43.351060930887847 -3.4219057083129876 11.858282470703124 -8.9222393035888654
leaf_weight=5.0000000000000027 3.0000000000000027 2.9999999999999991 4.9999999999999982 3 2.9999999999999982 3 4 3 4
leaf_count=5 3 3 5 3 3 3 4 3 4
internal_value=-1.85437e-07 15.7503 -15.7503 -51.7934 3.04629 2.2713 16.6237 -12.2361 -22.5622
internal_weight=36 18 18 6 15 12 7 10 7
internal_count=36 18 18 6 15 12 7 10 7
is_linear=0
shrinkage=0.05


Tree=191
num_leaves=11
num_cat=0
split_feature=14 11 1 1 9 13 13 12 16 12
split_gain=3.56815e+06 5.67975e+06 2.98345e+06 1.07963e+07 2.13605e+06 1.58832e+06 1.20535e+06 604565 434227 251602
threshold=10.500000000000002 61.295838864734314 356.60882500000002 785.36652500000002 32.150475000000007 0.94229896360356313 1.1724470252052888 2.5936450138888891 6.5000000000000009 2.4591933961852441
decision_type=2 2 2 2 2 2 2 2 2 2
left_child=2 -2 4 -4 -1 -5 9 8 -7 -6
right_child=1 -3 3 5 6 7 -8 -9 -10 -11
leaf_value=-40.696961212158172 13.44873250325521 -83.84593836466469 107.287659962972 33.96714579264323 -21.877033487955739 -29.94190012613933 23.795896244049068 11.265368525187171 -4.7774791717529288 -1.3993108113606767
leaf_weight=4.0000000000000027 2.9999999999999991 3 2.9999999999999991 2.9999999999999991 2.9999999999999982 2.9999999999999982 4 3 4 3
leaf_count=4 3 3 3 3 3 3 4 3 4 3
internal_value=-1.27157e-07 -35.1986 7.03972 21.7891 -9.81666 2.05861 2.53546 -7.51395 -15.5622 -11.6382
internal_weight=36 6 30 16 14 13 10 10 7 6
internal_count=36 6 30 16 14 13 10 10 7 6
is_linear=0
shrinkage=0.05


Tree=192
num_leaves=10
num_cat=0
split_feature=17 12 12 14 15 12 12 14 15
split_gain=3.31948e+06 2.30176e+06 6.06254e+06 1.54949e+06 948724 888156 1.11902e+06 466665 128324
threshold=9.6500000000000021 2.3908275892027597 2.5589999483969001 6.5000000000000009 2023.5000000000002 2.2236318194103561 2.0779023923196305 4.5000000000000009 2023.5000000000002
decision_type=2 2 2 2 2 2 2 2 2
left_child=-1 3 -3 4 -2 6 -5 -4 -8
right_child=1 2 7 5 -6 -7 8 -9 -10
leaf_value=-50.355885823567711 -9.511375665664664 64.10511383056641 5.62047031402588 21.228028869628915 -46.707550811767568 27.708622233072919 -8.8598925272623674 -17.292374038696288 -23.484295654296872
leaf_weight=2.9999999999999991 4.0000000000000027 4.9999999999999991 4.9999999999999982 2.9999999999999982 3 2.9999999999999991 3 4 3
leaf_count=3 4 5 5 3 3 3 3 4 3
internal_value=2.11928e-08 4.57781 19.9613 -6.75741 -25.4526 4.14812 -3.70539 -4.56302 -16.1721
internal_weight=36 33 14 19 7 12 9 9 6
internal_count=36 33 14 19 7 12 9 9 6
is_linear=0
shrinkage=0.05


Tree=193
num_leaves=10
num_cat=0
split_feature=11 11 13 1 13 11 13 16 1
split_gain=3.26508e+06 5.19936e+06 4.28323e+06 3.17531e+06 1.63035e+06 825844 417581 503246 61606.2
threshold=64.236891110942281 63.151977547939076 0.97347757341424435 10031.083400000001 1.3200699465574621 75.043804902777794 1.2514719605733744 21.500000000000004 13.446980000000003
decision_type=2 2 2 2 2 2 2 2 2
left_child=1 3 -2 6 5 8 7 -1 -4
right_child=2 -3 4 -5 -6 -7 -8 -9 -10
leaf_value=7.8469457244873002 -60.688249015808054 75.14678853352865 24.462845865885427 49.0496826171875 -34.69324754079183 -8.1177072143554678 -21.652791023254395 -18.056620979309077 14.329877471923826
leaf_weight=5.0000000000000018 4.0000000000000027 2.9999999999999991 2.9999999999999982 2.9999999999999991 2.9999999999999991 5 3.9999999999999991 3 3
leaf_count=5 4 3 3 3 3 5 4 3 3
internal_value=2.86102e-07 15.058 -15.058 3.04018 -2.02072 6.88997 -8.46219 -1.86689 19.3964
internal_weight=36 18 18 15 14 11 12 8 6
internal_count=36 18 18 15 14 11 12 8 6
is_linear=0
shrinkage=0.05


Tree=194
num_leaves=10
num_cat=0
split_feature=4 13 11 6 13 12 14 15 12
split_gain=3.12293e+06 1.89914e+06 1.01028e+06 1.098e+06 833422 822736 990126 441070 160256
threshold=-11.334504999999996 1.4706759625324868 53.422643599253213 2238.4421600000005 1.2514719605733744 2.0779023923196305 7.5000000000000009 2022.5000000000002 2.5589999483969001
decision_type=2 2 2 2 2 2 2 2 2
left_child=-1 2 -2 4 5 -4 8 -8 -7
right_child=1 -3 3 -5 -6 6 7 -9 -10
leaf_value=-48.842315165201825 -26.87939707438148 42.370923868815112 19.389300791422457 32.224683634440105 18.303805990219114 -5.8421758015950509 -6.4257668813069646 -30.676412048339838 8.7754541015624987
leaf_weight=2.9999999999999991 3.0000000000000027 2.9999999999999991 3.0000000000000098 2.9999999999999991 4.9999999999999991 3 3 5 5
leaf_count=3 3 3 3 3 5 3 3 5 5
internal_value=9.27183e-09 4.44021 0.647139 3.70564 0.140763 -4.63899 -9.14429 -21.5824 3.29384
internal_weight=36 33 30 27 24 19 16 8 8
internal_count=36 33 30 27 24 19 16 8 8
is_linear=0
shrinkage=0.05


Tree=195
num_leaves=10
num_cat=0
split_feature=17 12 12 18 16 14 14 12 13
split_gain=2.9665e+06 2.17548e+06 5.37772e+06 1.4347e+06 1.96817e+06 1.26054e+06 434260 310108 30271.3
threshold=9.6500000000000021 2.3908275892027597 2.5589999483969001 0.99319721413978501 27.500000000000004 9.5000000000000018 4.5000000000000009 2.2556213783602157 1.2514719605733744
decision_type=2 2 2 2 2 2 2 2 2
left_child=-1 3 -3 -2 5 7 -4 -5 -9
right_child=1 2 6 4 -6 -7 -8 8 -10
leaf_value=-47.603292338053393 25.037957509358726 60.85902030944824 6.0089767074584977 -24.998872121175079 -43.015718460083008 25.551389821370446 -16.094013214111325 -8.861920420328774 -1.7589501063028967
leaf_weight=2.9999999999999991 2.9999999999999991 4.9999999999999991 4.9999999999999982 3.0000000000000053 3.9999999999999991 2.9999999999999991 4 3 3
leaf_count=3 3 5 5 3 4 3 4 3 3
internal_value=-1.27157e-07 4.32757 19.2831 -6.69232 -12.6417 -2.51709 -3.81457 -11.8732 -5.31044
internal_weight=36 33 14 19 16 12 9 9 6
internal_count=36 33 14 19 16 12 9 9 6
is_linear=0
shrinkage=0.05


Tree=196
num_leaves=11
num_cat=0
split_feature=11 16 1 13 13 12 16 12 11 14
split_gain=2.84737e+06 4.90319e+06 3.92152e+06 2.47419e+06 1.33873e+06 851214 656986 713499 592270 357352
threshold=64.236891110942281 27.500000000000004 785.36652500000002 0.94229896360356313 1.3200699465574621 2.5936450138888891 30.500000000000004 2.1751164832962302 57.014233817204307 7.5000000000000009
decision_type=2 2 2 2 2 2 2 2 2 2
left_child=1 3 4 -1 6 8 7 -2 -5 -9
right_child=2 -3 -4 5 -6 -7 -8 9 -10 -11
leaf_value=31.109412231445294 16.998815917968738 72.414119466145834 -66.246804046630857 -38.311534627278654 -33.499332364400225 10.315481440226236 24.107529449462891 -0.66312739054361958 -8.9222951889038082 -25.067769622802729
leaf_weight=5.0000000000000027 3.0000000000000018 2.9999999999999991 2.9999999999999991 2.9999999999999982 2.9999999999999991 3 2.9999999999999991 3 4 3
leaf_count=5 3 3 3 3 3 3 3 3 4 3
internal_value=4.18557e-07 14.0618 -14.0618 2.39131 -3.62478 -11.9677 3.84386 -2.91069 -21.5177 -12.8654
internal_weight=36 18 18 15 15 10 12 9 7 6
internal_count=36 18 18 15 15 10 12 9 7 6
is_linear=0
shrinkage=0.05


Tree=197
num_leaves=11
num_cat=0
split_feature=14 11 16 13 13 11 17 14 12 2
split_gain=2.95904e+06 4.99691e+06 2.46836e+06 5.82728e+06 1.41923e+06 816592 964061 481342 232674 227657
threshold=10.500000000000002 61.295838864734314 27.500000000000004 1.2514719605733744 0.94229896360356313 57.014233817204307 11.600000000000001 7.5000000000000009 2.5936450138888891 16.816404825268823
decision_type=2 2 2 2 2 2 2 2 2 2
left_child=2 -2 4 -4 -1 -6 -7 8 9 -8
right_child=1 -3 3 -5 5 6 7 -9 -10 -11
leaf_value=31.408868408203052 13.575669860839845 -77.683191426595045 -14.180096308390299 84.370088704427062 -25.682154464721659 25.148534138997366 -15.626323954264329 -20.744027137756348 11.428671518961586 2.5945178031921383
leaf_weight=3.0000000000000062 2.9999999999999991 3 2.9999999999999991 3 4.0000000000000027 3.0000000000000027 2.9999999999999982 3.9999999999999991 3 4
leaf_count=3 3 3 3 3 4 3 3 4 3 4
internal_value=2.11928e-07 -32.0538 6.41075 35.095 -0.760309 -5.35591 -0.573258 -6.08507 -0.221489 -5.21441
internal_weight=36 6 30 6 24 21 17 14 10 7
internal_count=36 6 30 6 24 21 17 14 10 7
is_linear=0
shrinkage=0.05


Tree=198
num_leaves=10
num_cat=0
split_feature=4 17 13 11 3 13 12 16 12
split_gain=2.78916e+06 1.77298e+06 3.90513e+06 822879 952602 1.1615e+06 950733 356185 80488.3
threshold=-11.334504999999996 14.650000000000002 1.3200699465574621 53.422643599253213 19.023425 1.1961237880861357 2.0779023923196305 18.500000000000004 2.5936450138888891
decision_type=2 2 2 2 2 2 2 2 2
left_child=-1 2 3 -2 -5 6 -6 -8 -9
right_child=1 -3 -4 4 5 -7 7 8 -10
leaf_value=-46.15854136149089 -23.844011433919217 -32.453028314312299 53.853318786621095 26.17527217864988 18.120964050292947 23.268804359436036 -3.1563063049316415 -25.272379302978511 -14.438229846954341
leaf_weight=2.9999999999999991 3.0000000000000062 2.9999999999999991 3.9999999999999991 4.0000000000000027 3.0000000000000027 3.9999999999999991 4.9999999999999982 4 3
leaf_count=3 3 3 4 4 3 4 5 4 3
internal_value=-2.2658e-07 4.19623 7.86116 0.785439 3.99798 -0.670928 -7.05486 -13.3488 -20.6292
internal_weight=36 33 30 26 23 19 15 12 7
internal_count=36 33 30 26 23 19 15 12 7
is_linear=0
shrinkage=0.05


Tree=199
num_leaves=10
num_cat=0
split_feature=17 12 12 14 15 12 12 14 0
split_gain=2.66334e+06 1.90228e+06 4.75769e+06 1.3393e+06 922741 647968 719159 365385 79839.4
threshold=9.6500000000000021 2.3908275892027597 2.5589999483969001 6.5000000000000009 2023.5000000000002 2.2236318194103561 2.0779023923196305 4.5000000000000009 1443.0757250000004
decision_type=2 2 2 2 2 2 2 2 2
left_child=-1 3 -3 4 -2 6 -5 -4 -8
right_child=1 2 7 5 -6 -7 8 -9 -10
leaf_value=-45.105408732096357 -7.8637912273406911 57.191203994750985 5.3710253143310567 17.2149154663086 -44.547075653076163 24.058748626708987 -6.9998631795247377 -14.90353202819824 -18.535270436604815
leaf_weight=2.9999999999999991 4.0000000000000027 4.9999999999999991 4.9999999999999982 2.9999999999999982 3 2.9999999999999991 3 4 3
leaf_count=3 4 5 5 3 3 3 3 4 3
internal_value=-2.27822e-07 4.10049 18.0855 -6.20425 -23.5852 3.93463 -2.77341 -3.63989 -12.7676
internal_weight=36 33 14 19 7 12 9 9 6
internal_count=36 33 14 19 7 12 9 9 6
is_linear=0
shrinkage=0.05


Tree=200
num_leaves=11
num_cat=0
split_feature=11 0 11 16 3 13 12 11 2 15
split_gain=2.51642e+06 4.44349e+06 3.63065e+06 4.49807e+06 2.00756e+06 2.81253e+06 1.04148e+06 1.1014e+06 570975 197782
threshold=64.236891110942281 53.678430000000006 71.657273419717583 18.500000000000004 14.528775000000003 0.94229896360356313 2.2236318194103561 75.043804902777794 10.94469346527778 2023.5000000000002
decision_type=2 2 2 2 2 2 2 2 2 2
left_child=1 4 3 -2 5 -1 -4 -8 9 -6
right_child=2 -3 6 -5 8 -7 7 -9 -10 -11
leaf_value=58.745202636718687 -1.6844725290934226 68.76892598470053 -14.76967681884766 -88.268473307291643 -30.808960978190115 -9.720493062337237 38.009825706481926 -2.0676689147949214 4.9845128377278636 -12.653047434488929
leaf_weight=3.0000000000000027 3.0000000000000027 2.9999999999999991 4.9999999999999982 3 2.9999999999999982 3 3 4 3 3
leaf_count=3 3 3 5 3 3 3 3 4 3 3
internal_value=-5.29819e-09 13.2194 -13.2194 -44.9765 2.10944 24.5124 2.6592 15.1084 -12.8258 -21.731
internal_weight=36 18 18 6 15 6 12 7 9 6
internal_count=36 18 18 6 15 6 12 7 9 6
is_linear=0
shrinkage=0.05


Tree=201
num_leaves=11
num_cat=0
split_feature=4 0 9 9 13 16 16 14 14 17
split_gain=2.51103e+06 1.60695e+06 7.38e+06 2.65877e+06 939435 825339 1.89587e+06 1.69523e+06 382203 251542
threshold=-11.334504999999996 220.66570000000004 1.0000000180025095e-35 32.150475000000007 1.1724470252052888 9.5000000000000018 21.500000000000004 9.5000000000000018 10.500000000000002 14.350000000000001
decision_type=2 2 2 2 2 2 2 2 2 2
left_child=-1 2 5 -3 9 -2 7 -7 -8 -5
right_child=1 3 -4 4 -6 6 8 -9 -10 -11
leaf_value=-43.796624247233076 -19.743156814575162 -50.987577819824224 85.178473027547213 -20.069320933024095 21.450560060143467 0.27602386474609386 -1.3306947708129879 53.43035532633462 -24.939566548665358 0.40595906575520824
leaf_weight=2.9999999999999991 4.0000000000000062 2.9999999999999991 2.9999999999999991 2.9999999999999982 4 2.9999999999999982 4 3 3 3
leaf_count=3 4 3 3 3 4 3 4 3 3 3
internal_value=-2.48353e-08 3.98151 12.877 -9.70389 2.68122 0.117943 6.22905 26.8532 -11.4488 -9.83168
internal_weight=36 33 20 13 10 17 13 6 7 6
internal_count=36 33 20 13 10 17 13 6 7 6
is_linear=0
shrinkage=0.05


Tree=202
num_leaves=10
num_cat=0
split_feature=11 11 1 1 13 3 13 16 2
split_gain=2.37487e+06 4.11548e+06 3.37014e+06 2.8619e+06 1.26352e+06 524589 388796 363234 343736
threshold=64.236891110942281 63.151977547939076 785.36652500000002 10031.083400000001 1.3200699465574621 34.687360000000005 1.2514719605733744 21.500000000000004 23.056992145833338
decision_type=2 2 2 2 2 2 2 2 2
left_child=1 3 4 6 5 8 7 -1 -2
right_child=2 -3 -4 -5 -6 -7 -8 -9 -10
leaf_value=5.8467988586425754 8.9782497406005799 66.30215759277344 -61.219608561197916 45.830117797851564 -32.189869149525961 22.196230061848961 -21.497658920288089 -16.160296758015946 -10.686513519287109
leaf_weight=5.0000000000000018 4.0000000000000018 2.9999999999999991 2.9999999999999991 2.9999999999999991 2.9999999999999991 2.9999999999999991 3.9999999999999991 3 5
leaf_count=5 4 3 3 3 3 3 4 3 5
internal_value=-4.74188e-07 12.8422 -12.8422 2.15019 -3.1667 4.08909 -8.76979 -2.40586 -1.94662
internal_weight=36 18 18 15 15 12 12 8 9
internal_count=36 18 18 15 15 12 12 8 9
is_linear=0
shrinkage=0.05


Tree=203
num_leaves=11
num_cat=0
split_feature=4 0 9 9 12 11 16 16 14 14
split_gain=2.35958e+06 1.42064e+06 6.75024e+06 2.33458e+06 908059 1.06634e+06 773504 1.63448e+06 1.45961e+06 398882
threshold=-11.334504999999996 220.66570000000004 1.0000000180025095e-35 32.150475000000007 2.2236318194103561 80.258494659582638 9.5000000000000018 21.500000000000004 9.5000000000000018 10.500000000000002
decision_type=2 2 2 2 2 2 2 2 2 2
left_child=-1 2 6 -3 -5 -6 -2 8 -8 -9
right_child=1 3 -4 4 5 -7 7 9 -10 -11
leaf_value=-42.455336507161462 -19.206325149536099 -47.693044026692711 81.371340688069665 -15.855810165405277 35.978258689244576 -6.1790723164876287 0.42562433878580741 -0.14041872024536131 49.747918192545562 -24.258947753906241
leaf_weight=2.9999999999999991 4.0000000000000062 2.9999999999999991 2.9999999999999991 3.9999999999999982 3 3 2.9999999999999982 4 3 3
leaf_count=3 4 3 3 4 3 3 3 4 3 3
internal_value=2.15901e-07 3.85958 12.2235 -9.00806 2.59743 14.8996 0.0209888 5.93709 25.0868 -10.4769
internal_weight=36 33 20 13 10 6 17 13 6 7
internal_count=36 33 20 13 10 6 17 13 6 7
is_linear=0
shrinkage=0.05


Tree=204
num_leaves=11
num_cat=0
split_feature=14 11 12 15 12 14 15 12 0 11
split_gain=2.33247e+06 4.21665e+06 2.27114e+06 3.77981e+06 5.40094e+06 1.29007e+06 626759 527513 605034 10125.3
threshold=10.500000000000002 61.295838864734314 2.3908275892027597 2022.5000000000002 2.5589999483969001 6.5000000000000009 2023.5000000000002 2.2236318194103561 743.39287000000013 61.295838864734314
decision_type=2 2 2 2 2 2 2 2 2 2
left_child=2 -2 5 9 -5 6 -1 8 -7 -4
right_child=1 -3 3 4 -6 7 -8 -9 -10 -11
leaf_value=-9.8445063710212537 13.457354227701822 -70.374360911051426 -9.7513140360514363 97.098256429036439 8.3493104934692379 14.641217422485358 -40.077333831787101 22.727132670084629 -15.063019943237302 -5.64333292643229
leaf_weight=4.0000000000000062 2.9999999999999991 3 2.9999999999999982 3 4 2.9999999999999982 3 3 4 3
leaf_count=4 3 3 3 3 4 3 3 3 4 3
internal_value=-1.70867e-07 -28.4585 5.6917 21.4237 46.3846 -6.33865 -22.8014 5.1853 -2.33263 -7.69732
internal_weight=36 6 30 13 7 17 7 10 7 6
internal_count=36 6 30 13 7 17 7 10 7 6
is_linear=0
shrinkage=0.05


Tree=205
num_leaves=11
num_cat=0
split_feature=11 0 11 16 3 13 12 11 2 15
split_gain=2.17021e+06 3.71191e+06 3.18563e+06 3.36867e+06 1.63991e+06 2.27466e+06 863617 936618 483495 214703
threshold=64.236891110942281 53.678430000000006 71.657273419717583 18.500000000000004 14.528775000000003 0.94229896360356313 2.2236318194103561 75.043804902777794 10.94469346527778 2023.5000000000002
decision_type=2 2 2 2 2 2 2 2 2 2
left_child=1 4 3 -2 5 -1 -4 -8 9 -6
right_child=2 -3 6 -5 8 -7 7 -9 -10 -11
leaf_value=53.156027730305929 -4.5587760925292917 63.047569020589201 -13.2737419128418 -79.488450113932274 -29.029426574707045 -8.4159029642740872 35.05258232752481 -1.9055111885070799 5.0127871195475251 -10.112823804219561
leaf_weight=3.0000000000000027 3.0000000000000027 2.9999999999999991 4.9999999999999982 3 2.9999999999999982 3 3 4 3 3
leaf_count=3 3 3 5 3 3 3 3 4 3 3
internal_value=1.56297e-07 12.2764 -12.2764 -42.0236 2.12213 22.3701 2.59725 13.9337 -11.3765 -19.5711
internal_weight=36 18 18 6 15 6 12 7 9 6
internal_count=36 18 18 6 15 6 12 7 9 6
is_linear=0
shrinkage=0.05


Tree=206
num_leaves=11
num_cat=0
split_feature=4 1 1 9 13 13 13 13 12 15
split_gain=2.15329e+06 1.26377e+06 7.97021e+06 1.47671e+06 767820 691018 361006 469522 200583 82686.3
threshold=-11.334504999999996 356.60882500000002 785.36652500000002 32.150475000000007 1.1724470252052888 0.90531515811053953 0.97347757341424435 1.2514719605733744 2.4591933961852441 2022.5000000000002
decision_type=2 2 2 2 2 2 2 2 2 2
left_child=-1 3 -3 -2 8 -4 -7 9 -5 -8
right_child=1 2 5 4 -6 6 7 -9 -10 -11
leaf_value=-40.557072957356773 -33.387616642564538 86.873356374104731 16.061151504516602 -17.895866394042976 19.527091217041011 -22.956626637776694 -0.72297452290852893 -19.079416402180986 0.3881385803222655 11.016295750935869
leaf_weight=2.9999999999999991 3.9999999999999991 3.0000000000000027 3.9999999999999991 2.9999999999999982 4 2.9999999999999991 2.9999999999999982 3 3 3
leaf_count=3 4 3 4 3 4 3 3 3 3 3
internal_value=1.58035e-07 3.68701 12.0861 -7.71181 2.55852 -1.93647 -7.93568 -2.9287 -8.75386 5.14666
internal_weight=36 33 19 14 10 16 12 9 6 6
internal_count=36 33 19 14 10 16 12 9 6 6
is_linear=0
shrinkage=0.05


Tree=207
num_leaves=11
num_cat=0
split_feature=17 12 15 0 14 15 12 12 3 15
split_gain=2.05402e+06 1.5258e+06 3.64966e+06 1.21192e+06 1.07124e+06 535085 530204 690249 389845 64006.9
threshold=9.6500000000000021 2.3908275892027597 2023.5000000000002 1.0000000180025095e-35 6.5000000000000009 2023.5000000000002 2.2236318194103561 2.0779023923196305 27.147145000000005 2023.5000000000002
decision_type=2 2 2 2 2 2 2 2 2 2
left_child=-1 4 3 -3 5 -2 7 -6 -5 -9
right_child=1 2 -4 8 6 -7 -8 9 -10 -11
leaf_value=-39.611171468098959 -9.2005453586578287 26.568654632568368 56.490651464462282 -25.040070088704422 16.954309336344405 -37.134985351562491 21.643578592936198 -7.2550790150960269 -1.1963422775268553 -17.583587646484371
leaf_weight=2.9999999999999991 4.0000000000000027 2.9999999999999982 3.9999999999999991 3 2.9999999999999982 3 2.9999999999999991 3 4 3
leaf_count=3 4 3 4 3 3 3 3 3 4 3
internal_value=6.35783e-08 3.60102 16.1259 -0.0199615 -5.62787 -21.1724 3.43981 -2.62812 -11.4151 -12.4193
internal_weight=36 33 14 10 19 7 12 9 7 6
internal_count=36 33 14 10 19 7 12 9 7 6
is_linear=0
shrinkage=0.05


Tree=208
num_leaves=10
num_cat=0
split_feature=11 16 1 13 13 12 11 3 2
split_gain=2.08304e+06 3.35591e+06 2.90453e+06 1.92938e+06 950337 655364 485663 477630 244874
threshold=64.236891110942281 27.500000000000004 785.36652500000002 0.94229896360356313 1.3200699465574621 2.5936450138888891 57.014233817204307 34.687360000000005 23.056992145833338
decision_type=2 2 2 2 2 2 2 2 2
left_child=1 3 4 -1 7 6 -5 8 -2
right_child=2 -3 -4 5 -6 -7 -8 -9 -10
leaf_value=27.732198638916 6.7093666076660119 60.30242869059245 -56.938670603434247 -33.894834391276049 -28.215564537048341 9.2446389357248915 -7.2817047119140614 20.525342051188151 -9.888332443237303
leaf_weight=5.0000000000000027 4.0000000000000018 2.9999999999999991 2.9999999999999991 2.9999999999999982 2.9999999999999991 3 4 2.9999999999999991 5
leaf_count=5 4 3 3 3 3 3 4 3 5
internal_value=-2.78155e-08 12.0273 -12.0273 2.37224 -3.04499 -10.3077 -18.6873 3.24765 -2.51158
internal_weight=36 18 18 15 15 10 7 12 9
internal_count=36 18 18 15 15 10 7 12 9
is_linear=0
shrinkage=0.05


Tree=209
num_leaves=11
num_cat=0
split_feature=14 11 16 13 13 12 12 11 6 12
split_gain=1.96912e+06 3.53056e+06 1.73203e+06 4.19059e+06 1.058e+06 570461 627226 557254 145344 109404
threshold=10.500000000000002 61.295838864734314 27.500000000000004 1.2514719605733744 0.94229896360356313 2.1751164832962302 2.5936450138888891 57.014233817204307 15.389365000000002 2.2705331231665666
decision_type=2 2 2 2 2 2 2 2 2 2
left_child=2 -2 4 -4 -1 -6 7 -7 -9 -10
right_child=1 -3 3 -5 5 6 -8 8 9 -11
leaf_value=26.997704823811787 12.206422424316408 -64.502551015218089 -12.528530248006184 71.043703206380187 15.440690867106103 -32.200092061360643 9.351850849390031 -14.185014915466311 4.1092760721842438 -9.3940654754638651
leaf_weight=3.0000000000000062 2.9999999999999991 3 2.9999999999999991 3 3.0000000000000027 3.0000000000000027 3.9999999999999991 4.9999999999999982 3 3
leaf_count=3 3 3 3 3 3 3 4 5 3 3
internal_value=1.27819e-07 -26.1481 5.22961 29.2576 -0.77738 -4.74525 -8.10957 -13.0986 -7.88904 -2.64239
internal_weight=36 6 30 6 24 21 18 14 11 6
internal_count=36 6 30 6 24 21 18 14 11 6
is_linear=0
shrinkage=0.05


Tree=210
num_leaves=12
num_cat=0
split_feature=11 0 1 3 13 13 2 11 15 15 0
split_gain=1.92265e+06 3.1042e+06 2.53776e+06 1.46804e+06 1.9497e+06 895746 491076 380490 258890 117545 112743
threshold=64.236891110942281 53.678430000000006 785.36652500000002 14.528775000000003 0.94229896360356313 1.3200699465574621 10.94469346527778 75.043804902777794 2022.5000000000002 2023.5000000000002 743.39287000000013
decision_type=2 2 2 2 2 2 2 2 2 2 2
left_child=1 3 5 4 -1 7 9 10 -9 -5 -2
right_child=2 -3 -4 6 -6 -7 -8 8 -10 -11 -12
leaf_value=49.928758748372339 4.9996833801269496 57.984448496500647 -53.53514531453451 -25.759578450520845 -7.0756647745768211 -27.595863103866577 6.0146723429361968 4.4330866495768211 -16.339074452718094 -11.762844371795651 18.707516479492181
leaf_weight=3.0000000000000027 3.0000000000000018 2.9999999999999991 2.9999999999999991 2.9999999999999982 3 2.9999999999999991 3 3 3 3 3
leaf_count=3 3 3 3 3 3 3 3 3 3 3 3
internal_value=-3.64251e-07 11.555 -11.555 2.26907 21.4265 -3.15893 -10.5026 2.9503 -5.95299 -18.7612 11.8536
internal_weight=36 18 18 15 6 15 9 12 6 6 6
internal_count=36 18 18 15 6 15 9 12 6 6 6
is_linear=0
shrinkage=0.05


Tree=211
num_leaves=11
num_cat=0
split_feature=4 0 9 9 12 11 16 14 12 14
split_gain=1.91681e+06 1.19039e+06 5.37934e+06 1.83923e+06 694269 804316 558816 2.45185e+06 361397 258936
threshold=-11.334504999999996 220.66570000000004 1.0000000180025095e-35 32.150475000000007 2.2236318194103561 80.258494659582638 21.500000000000004 9.5000000000000018 2.5589999483969001 9.5000000000000018
decision_type=2 2 2 2 2 2 2 2 2 2
left_child=-1 2 6 -3 -5 -6 7 8 -2 -8
right_child=1 3 -4 4 5 -7 9 -9 -10 -11
leaf_value=-38.265277099609378 -18.22059307098386 -42.636627197265625 72.863048934936529 -14.134605789184574 31.064306243260695 -5.5488894144694001 0.51081941127777097 45.644834136962885 4.7367073059082019 -18.921493530273434
leaf_weight=2.9999999999999991 4.0000000000000053 2.9999999999999991 2.9999999999999991 3.9999999999999982 3 3 2.9999999999999991 3 3 4
leaf_count=3 4 3 3 4 3 3 3 3 3 4
internal_value=-7.21878e-08 3.47866 11.1349 -8.30016 2.00078 12.7577 0.24169 7.82623 -8.38175 -10.5934
internal_weight=36 33 20 13 10 6 17 10 7 7
internal_count=36 33 20 13 10 6 17 10 7 7
is_linear=0
shrinkage=0.05


Tree=212
num_leaves=10
num_cat=0
split_feature=11 16 11 16 13 12 11 12 11
split_gain=1.7967e+06 2.8704e+06 2.40607e+06 2.92538e+06 1.54683e+06 739578 731326 523497 359789
threshold=64.236891110942281 27.500000000000004 71.657273419717583 18.500000000000004 0.94229896360356313 2.2236318194103561 75.043804902777794 2.5936450138888891 57.014233817204307
decision_type=2 2 2 2 2 2 2 2 2
left_child=1 4 3 -2 -1 -4 -7 8 -6
right_child=2 -3 5 -5 7 6 -8 -9 -10
leaf_value=24.947741851806626 -2.1097242355346655 55.816867574055998 -12.93089767456055 -71.93544921874998 -29.691277567545583 30.908410644531241 -1.7491536140441892 8.3621410608291598 -6.7851276397705069
leaf_weight=5.0000000000000027 3.0000000000000027 2.9999999999999991 4.9999999999999982 3 2.9999999999999982 3 4 3 4
leaf_count=5 3 3 5 3 3 3 4 3 4
internal_value=1.78814e-08 11.1701 -11.1701 -37.0226 2.24072 1.75618 12.2469 -9.11279 -16.602
internal_weight=36 18 18 6 15 12 7 10 7
internal_count=36 18 18 6 15 12 7 10 7
is_linear=0
shrinkage=0.05


Tree=213
num_leaves=11
num_cat=0
split_feature=14 11 12 15 12 14 15 11 1 11
split_gain=1.85417e+06 2.91833e+06 1.62044e+06 2.72323e+06 4.31439e+06 957351 584608 397412 82716.4 8482.14
threshold=10.500000000000002 61.295838864734314 2.3908275892027597 2022.5000000000002 2.5589999483969001 6.5000000000000009 2023.5000000000002 75.043804902777794 13.446980000000003 61.295838864734314
decision_type=2 2 2 2 2 2 2 2 2 2
left_child=2 -2 5 9 -5 6 -1 8 -7 -4
right_child=1 -3 3 4 -6 7 -8 -9 -10 -11
leaf_value=-6.7553657531738169 9.497425333658855 -60.244157409667949 -8.2347221374511754 84.876418558756484 5.5554666161537156 17.641446431477871 -35.953885650634753 -10.385668690999346 6.6583665847778306 -4.474814732869465
leaf_weight=4.0000000000000062 2.9999999999999991 3 2.9999999999999982 3 4 2.9999999999999982 3 3 4 3
leaf_count=4 3 3 3 3 4 3 3 3 4 3
internal_value=-1.41727e-07 -25.3734 5.07467 18.3633 39.5502 -5.0872 -19.269 4.84008 11.3654 -6.35477
internal_weight=36 6 30 13 7 17 7 10 7 6
internal_count=36 6 30 13 7 17 7 10 7 6
is_linear=0
shrinkage=0.05


Tree=214
num_leaves=11
num_cat=0
split_feature=17 12 15 0 14 15 12 12 3 12
split_gain=1.74326e+06 1.102e+06 2.82138e+06 943742 841822 527609 385807 566328 340273 58723.8
threshold=9.6500000000000021 2.3908275892027597 2023.5000000000002 1.0000000180025095e-35 6.5000000000000009 2023.5000000000002 2.2236318194103561 2.0779023923196305 27.147145000000005 2.1751164832962302
decision_type=2 2 2 2 2 2 2 2 2 2
left_child=-1 4 3 -3 5 -2 7 -6 -5 -9
right_child=1 2 -4 8 6 -7 -8 9 -10 -11
leaf_value=-36.491860961914064 -6.4175973415374701 23.228777313232428 49.451754140853886 -23.019209289550776 16.074160003662115 -34.156191762288408 19.040888595581055 -5.5858833312988274 -0.7429491043090819 -15.478959147135413
leaf_weight=2.9999999999999991 4.0000000000000027 2.9999999999999982 3.9999999999999991 3 2.9999999999999982 3 2.9999999999999991 3 4 3
leaf_count=3 4 3 4 3 3 3 3 3 4 3
internal_value=-1.37753e-07 3.31744 13.9617 -0.234309 -4.5257 -18.3056 3.51255 -1.66356 -10.2899 -10.5324
internal_weight=36 33 14 10 19 7 12 9 7 6
internal_count=36 33 14 10 19 7 12 9 7 6
is_linear=0
shrinkage=0.05


Tree=215
num_leaves=11
num_cat=0
split_feature=11 0 1 3 13 13 2 3 2 15
split_gain=1.61004e+06 2.63243e+06 2.22499e+06 1.36421e+06 1.62565e+06 739176 450437 374473 222178 94543
threshold=64.236891110942281 53.678430000000006 785.36652500000002 14.528775000000003 0.94229896360356313 1.3200699465574621 10.94469346527778 34.687360000000005 23.056992145833338 2023.5000000000002
decision_type=2 2 2 2 2 2 2 2 2 2
left_child=1 3 5 4 -1 7 9 8 -2 -5
right_child=2 -3 -4 6 -6 -7 -8 -9 -10 -11
leaf_value=46.51635131835932 6.5211050033569293 53.329925791422525 -49.882094828287762 -24.474899800618498 -5.5357040405273423 -24.911035029093426 5.5300791422526032 18.135928599039712 -9.2887277221679678 -11.922143554687498
leaf_weight=3.0000000000000027 4.0000000000000018 2.9999999999999991 2.9999999999999991 2.9999999999999982 3 2.9999999999999991 3 2.9999999999999991 5 3
leaf_count=3 4 3 3 3 3 3 3 3 5 3
internal_value=1.1656e-07 10.5739 -10.5739 2.02274 20.4903 -2.7123 -10.289 2.83738 -2.26214 -18.1985
internal_weight=36 18 18 15 6 15 9 12 9 6
internal_count=36 18 18 15 6 15 9 12 9 6
is_linear=0
shrinkage=0.05


Tree=216
num_leaves=11
num_cat=0
split_feature=4 0 9 9 13 16 14 12 14 12
split_gain=1.67075e+06 1.02069e+06 4.50801e+06 1.48076e+06 611270 546822 2.184e+06 295489 200572 146824
threshold=-11.334504999999996 220.66570000000004 1.0000000180025095e-35 32.150475000000007 1.1724470252052888 21.500000000000004 9.5000000000000018 2.5589999483969001 9.5000000000000018 2.4591933961852441
decision_type=2 2 2 2 2 2 2 2 2 2
left_child=-1 2 5 -3 9 6 7 -2 -7 -5
right_child=1 3 -4 4 -6 8 -8 -9 -10 -11
leaf_value=-35.724842834472661 -16.325703811645482 -38.468379211425784 66.845413843790695 -16.331526056925462 16.723722136020658 -0.57997976938883467 43.560998026529937 4.4329345703124989 -17.682653236389157 -0.6884432474772133
leaf_weight=2.9999999999999991 4.0000000000000053 2.9999999999999991 2.9999999999999991 2.9999999999999982 4 2.9999999999999991 3 3 4 3
leaf_count=3 4 3 3 3 4 3 3 3 4 3
internal_value=-3.80145e-07 3.24771 10.3372 -7.65924 1.5835 0.365202 7.8679 -7.42914 -10.3529 -8.50998
internal_weight=36 33 20 13 10 17 10 7 7 6
internal_count=36 33 20 13 10 17 10 7 7 6
is_linear=0
shrinkage=0.05


Tree=217
num_leaves=10
num_cat=0
split_feature=17 12 12 14 15 12 12 14 12
split_gain=1.5355e+06 1.02774e+06 2.70651e+06 733113 480782 380778 469268 233206 59205.6
threshold=9.6500000000000021 2.3908275892027597 2.5589999483969001 6.5000000000000009 2023.5000000000002 2.2236318194103561 2.0779023923196305 4.5000000000000009 2.1751164832962302
decision_type=2 2 2 2 2 2 2 2 2
left_child=-1 3 -3 4 -2 6 -5 -4 -8
right_child=1 2 7 5 -6 -7 8 -9 -10
leaf_value=-34.248363749186204 -5.9720209300517988 42.887774658203128 4.2056996536254898 14.044569905598962 -32.451082102457676 18.467309443155923 -5.2081446329752588 -11.991746330261229 -15.141722869873043
leaf_weight=2.9999999999999991 4.0000000000000027 4.9999999999999991 4.9999999999999982 2.9999999999999982 3 2.9999999999999991 3 4 3
leaf_count=3 4 5 5 3 3 3 3 4 3
internal_value=1.39078e-08 3.11349 13.3929 -4.4608 -17.3202 3.0405 -2.10177 -2.99317 -10.1749
internal_weight=36 33 14 19 7 12 9 9 6
internal_count=36 33 14 19 7 12 9 9 6
is_linear=0
shrinkage=0.05


Tree=218
num_leaves=10
num_cat=0
split_feature=11 16 13 13 13 12 11 11 1
split_gain=1.48074e+06 2.4349e+06 2.00377e+06 1.35884e+06 770017 399855 374294 366843 15541.1
threshold=64.236891110942281 27.500000000000004 0.97347757341424435 0.94229896360356313 1.3200699465574621 2.5936450138888891 75.043804902777794 57.014233817204307 13.446980000000003
decision_type=2 2 2 2 2 2 2 2 2
left_child=1 3 -2 -1 6 7 8 -5 -4
right_child=2 -3 4 5 -6 -7 -8 -9 -10
leaf_value=23.198916168212875 -41.350340652465789 51.261011250813809 15.864695231119796 -28.487215169270844 -23.677244663238525 6.5475503285725898 -5.20302993774414 -5.3576002120971671 10.775311533610022
leaf_weight=5.0000000000000027 4.0000000000000027 2.9999999999999991 2.9999999999999982 2.9999999999999982 2.9999999999999991 3 5 4 3
leaf_count=5 4 3 3 3 3 3 5 4 3
internal_value=-1.88086e-07 10.1405 -10.1405 1.91635 -1.22335 -8.72494 4.90044 -15.2703 13.32
internal_weight=36 18 18 15 14 10 11 7 6
internal_count=36 18 18 15 14 10 11 7 6
is_linear=0
shrinkage=0.05


Tree=219
num_leaves=11
num_cat=0
split_feature=14 11 16 13 17 15 12 17 13 13
split_gain=1.50988e+06 2.60221e+06 1.27421e+06 3.07621e+06 892717 783950 297929 213332 33962.6 62335.5
threshold=10.500000000000002 61.295838864734314 27.500000000000004 1.2514719605733744 11.600000000000001 2022.5000000000002 2.5936450138888891 14.350000000000001 1.3200699465574621 1.1210109087005007
decision_type=2 2 2 2 2 2 2 2 2 2
left_child=2 -2 4 -4 5 -1 7 8 9 -6
right_child=1 -3 3 -5 6 -7 -8 -9 -10 -11
leaf_value=-7.1419815063476424 10.031180318196615 -55.824839528401675 -10.613109842936199 60.990096028645816 -10.636817042032881 25.188602600097653 6.8112191518147789 1.0247749984264374 -9.726490338643389 -20.17127952575683
leaf_weight=3.0000000000000053 2.9999999999999991 3 2.9999999999999991 3 2.9999999999999982 5 2.9999999999999991 2.9999999999999991 3 4
leaf_count=3 3 3 3 3 3 5 3 3 3 4
internal_value=-2.32955e-07 -22.8968 4.57937 25.1885 -0.572916 13.0646 -7.39169 -10.6693 -14.1775 -16.0851
internal_weight=36 6 30 6 24 8 16 13 10 7
internal_count=36 6 30 6 24 8 16 13 10 7
is_linear=0
shrinkage=0.05


Tree=220
num_leaves=11
num_cat=0
split_feature=4 0 9 9 12 11 3 11 2 15
split_gain=1.4722e+06 885530 3.83409e+06 1.29661e+06 520413 604697 456602 539580 341446 83695.8
threshold=-11.334504999999996 220.66570000000004 1.0000000180025095e-35 32.150475000000007 2.2236318194103561 80.258494659582638 14.528775000000003 64.236891110942281 10.94469346527778 2023.5000000000002
decision_type=2 2 2 2 2 2 2 2 2 2
left_child=-1 2 6 -3 -5 -6 -2 8 9 -8
right_child=1 3 -4 4 5 -7 7 -9 -10 -11
leaf_value=-33.535069274902348 15.228175163269015 -35.940422058105469 61.765567016601565 -12.431337928771976 26.724785640835758 -5.0215185801188138 -23.118270365397144 14.508177185058594 1.6463916778564451 -11.307553609212237
leaf_weight=2.9999999999999991 4.0000000000000062 2.9999999999999991 2.9999999999999991 3.9999999999999982 3 3 2.9999999999999982 2.9999999999999991 4 3
leaf_count=3 4 3 3 4 3 3 3 3 4 3
internal_value=9.76026e-08 3.04864 9.6521 -7.11052 1.53844 10.8516 0.455607 -4.0898 -9.66919 -17.2129
internal_weight=36 33 20 13 10 6 17 13 10 6
internal_count=36 33 20 13 10 6 17 13 10 6
is_linear=0
shrinkage=0.05


Tree=221
num_leaves=11
num_cat=0
split_feature=11 0 1 3 13 13 2 3 2 15
split_gain=1.40909e+06 2.19784e+06 1.88034e+06 1.18642e+06 1.43457e+06 698269 347711 288448 182761 75535.5
threshold=64.236891110942281 53.678430000000006 785.36652500000002 14.528775000000003 0.94229896360356313 1.3200699465574621 10.94469346527778 34.687360000000005 23.056992145833338 2023.5000000000002
decision_type=2 2 2 2 2 2 2 2 2 2
left_child=1 3 5 4 -1 7 9 8 -2 -5
right_child=2 -3 -4 6 -6 -7 -8 -9 -10 -11
leaf_value=43.749485270182248 6.2194633483886683 48.959727986653647 -46.027842712402347 -21.962357076009123 -5.1478373209635402 -24.240687751770022 4.495728810628254 16.155837504069009 -8.1194979858398426 -10.742175801595049
leaf_weight=3.0000000000000027 4.0000000000000018 2.9999999999999991 2.9999999999999991 2.9999999999999982 3 2.9999999999999991 3 2.9999999999999991 5 3
leaf_count=3 4 3 3 3 3 3 3 3 5 3
internal_value=5.29819e-09 9.8921 -9.8921 2.07857 19.3008 -2.66495 -9.40293 2.72899 -1.74663 -16.3523
internal_weight=36 18 18 15 6 15 9 12 9 6
internal_count=36 18 18 15 6 15 9 12 9 6
is_linear=0
shrinkage=0.05


Tree=222
num_leaves=11
num_cat=0
split_feature=4 1 1 9 12 11 13 13 13 17
split_gain=1.38694e+06 836130 4.58899e+06 857230 487654 532256 478950 234238 250047 70744.7
threshold=-11.334504999999996 356.60882500000002 785.36652500000002 32.150475000000007 2.2236318194103561 80.258494659582638 0.90531515811053953 0.97347757341424435 1.2514719605733744 11.600000000000001
decision_type=2 2 2 2 2 2 2 2 2 2
left_child=-1 3 -3 -2 -5 -6 -4 -8 9 -9
right_child=1 2 6 4 5 -7 7 8 -10 -11
leaf_value=-32.54949900309245 -25.875245583057406 66.53894195556633 14.134199333190919 -12.010679244995121 25.419636348883305 -4.3644677480061835 -17.943435160319009 9.5116465250651085 -13.596958414713539 -1.3468929926554358
leaf_weight=2.9999999999999991 3.9999999999999991 3.0000000000000027 3.9999999999999991 3.9999999999999982 3 3 2.9999999999999991 2.9999999999999982 3 3
leaf_count=3 4 3 4 4 3 3 3 3 3 3
internal_value=3.48687e-07 2.95905 9.79088 -6.31273 1.51228 10.5276 -0.849383 -5.84391 -1.81073 4.08238
internal_weight=36 33 19 14 10 6 16 12 9 6
internal_count=36 33 19 14 10 6 16 12 9 6
is_linear=0
shrinkage=0.05


Tree=223
num_leaves=11
num_cat=0
split_feature=11 11 11 16 1 12 11 12 14 12
split_gain=1.31849e+06 1.92756e+06 1.70563e+06 2.13541e+06 1.6517e+06 553165 526738 196915 207385 263143
threshold=64.236891110942281 63.151977547939076 71.657273419717583 18.500000000000004 10031.083400000001 2.2236318194103561 75.043804902777794 2.2705331231665666 4.5000000000000009 2.5936450138888891
decision_type=2 2 2 2 2 2 2 2 2 2
left_child=1 4 3 -2 7 -4 -7 -1 9 -9
right_child=2 -3 5 -5 -6 6 -8 8 -10 -11
leaf_value=5.0494186401367136 -1.5066731770833317 46.155472310384113 -11.387463989257816 -61.164124552408843 35.434757486979173 26.224874369303379 -1.4908288955688473 -14.846457417805993 -20.476044718424475 6.0956553777058904
leaf_weight=3.0000000000000027 3.0000000000000027 2.9999999999999991 4.9999999999999982 3 2.9999999999999991 3 4 2.9999999999999982 3 3
leaf_count=3 3 3 5 3 3 3 4 3 3 3
internal_value=-1.58946e-08 9.5688 -9.5688 -31.3354 2.25147 1.3145 10.3873 -6.04436 -9.74228 -4.3754
internal_weight=36 18 18 6 15 12 7 12 9 6
internal_count=36 18 18 6 15 12 7 12 9 6
is_linear=0
shrinkage=0.05


Tree=224
num_leaves=11
num_cat=0
split_feature=4 13 11 3 6 0 3 17 13 0
split_gain=1.27943e+06 765839 387913 561442 364777 464279 399210 67231.6 43303.2 21427.4
threshold=-11.334504999999996 1.4706759625324868 53.422643599253213 19.023425 727.60666500000013 20.133325000000003 34.687360000000005 13.4 1.1724470252052888 1443.0757250000004
decision_type=2 2 2 2 2 2 2 2 2 2
left_child=-1 2 -2 -4 5 -5 7 8 -7 -9
right_child=1 -3 3 4 -6 6 -8 9 -10 -11
leaf_value=-31.262458801269531 -16.623471069335917 26.928984578450521 19.617738914489731 20.261100260416619 -14.40182719230652 -3.7555184682210299 15.267240905761719 1.9042799631754552 -11.702249908447264 -4.0717028299967444
leaf_weight=2.9999999999999991 3.0000000000000027 2.9999999999999991 4.0000000000000027 3.0000000000000062 3.9999999999999991 2.9999999999999982 2.9999999999999991 3 4 3
leaf_count=3 3 3 4 3 4 3 3 3 4 3
internal_value=3.01997e-07 2.84204 0.433348 2.32855 -0.678266 2.21091 -1.17351 -4.96752 -8.29651 -1.08371
internal_weight=36 33 30 27 23 19 16 13 7 6
internal_count=36 33 30 27 23 19 16 13 7 6
is_linear=0
shrinkage=0.05


Tree=225
num_leaves=10
num_cat=0
split_feature=17 12 12 14 15 12 12 14 15
split_gain=1.26393e+06 954803 2.2912e+06 646941 391428 296796 403156 182069 45130.6
threshold=9.6500000000000021 2.3908275892027597 2.5589999483969001 6.5000000000000009 2023.5000000000002 2.2236318194103561 2.0779023923196305 4.5000000000000009 2023.5000000000002
decision_type=2 2 2 2 2 2 2 2 2
left_child=-1 3 -3 4 -2 6 -5 -4 -8
right_child=1 2 7 5 -6 -7 8 -9 -10
leaf_value=-31.07258809407552 -6.316333246231074 39.870456008911134 4.016972274780275 12.996772003173831 -30.208432769775381 16.190613428751629 -5.1155311584472649 -10.294819450378416 -13.788342030843095
leaf_weight=2.9999999999999991 4.0000000000000027 4.9999999999999991 4.9999999999999982 2.9999999999999982 3 2.9999999999999991 3 4 3
leaf_count=3 4 5 5 3 3 3 3 4 3
internal_value=1.32455e-07 2.82478 12.7327 -4.47579 -16.5558 2.57088 -1.96903 -2.34382 -9.45194
internal_weight=36 33 14 19 7 12 9 9 6
internal_count=36 33 14 19 7 12 9 9 6
is_linear=0
shrinkage=0.05


Tree=226
num_leaves=11
num_cat=0
split_feature=11 0 13 3 13 13 11 2 15 1
split_gain=1.20541e+06 1.836e+06 1.59958e+06 1.03705e+06 1.31678e+06 648022 300396 293832 54501.4 10251.6
threshold=64.236891110942281 53.678430000000006 0.97347757341424435 14.528775000000003 0.94229896360356313 1.3200699465574621 75.043804902777794 10.94469346527778 2023.5000000000002 13.446980000000003
decision_type=2 2 2 2 2 2 2 2 2 2
left_child=1 3 -2 4 -1 6 9 8 -5 -4
right_child=2 -3 5 7 -6 -7 -8 -9 -10 -11
leaf_value=41.532972717285105 -37.034248065948454 44.856432342529303 14.045196278889978 -19.880284627278655 -5.3140253702799463 -21.780648740132651 -4.615626220703124 4.0499089558919259 -10.349512163798012 9.9116653442382798
leaf_weight=3.0000000000000027 4.0000000000000027 2.9999999999999991 2.9999999999999982 2.9999999999999982 3 2.9999999999999991 5 3 3 3
leaf_count=3 4 3 3 3 3 3 5 3 3 3
internal_value=-2.54313e-07 9.14925 -9.14925 2.00781 18.1095 -1.18211 4.43568 -8.72663 -15.1149 11.9784
internal_weight=36 18 18 15 6 14 11 9 6 6
internal_count=36 18 18 15 6 14 11 9 6 6
is_linear=0
shrinkage=0.05


Tree=227
num_leaves=11
num_cat=0
split_feature=4 0 9 9 13 11 16 14 14 12
split_gain=1.18681e+06 738033 3.15448e+06 1.07816e+06 431117 388766 826129 911329 154519 135013
threshold=-11.334504999999996 220.66570000000004 1.0000000180025095e-35 32.150475000000007 1.1724470252052888 53.422643599253213 21.500000000000004 9.5000000000000018 10.500000000000002 2.4591933961852441
decision_type=2 2 2 2 2 2 2 2 2 2
left_child=-1 2 5 -3 9 -2 7 -7 -8 -5
right_child=1 3 -4 4 -6 6 8 -9 -10 -11
leaf_value=-30.109691365559897 -15.910010782877567 -32.826673889160155 56.035412788391113 -14.627488199869797 14.064371013641356 0.44617137908935556 -1.7883173465728757 36.901922861735017 -16.799655151367183 0.3732157389322916
leaf_weight=2.9999999999999991 3.0000000000000062 2.9999999999999991 2.9999999999999991 2.9999999999999982 4 3.9999999999999982 4 3 3 3
leaf_count=3 3 3 3 3 4 4 4 3 3 3
internal_value=-1.05964e-07 2.73724 8.76572 -6.53733 1.34947 0.424011 3.92416 16.0701 -8.22175 -7.12714
internal_weight=36 33 20 13 10 17 14 7 7 6
internal_count=36 33 20 13 10 17 14 7 7 6
is_linear=0
shrinkage=0.05


Tree=228
num_leaves=10
num_cat=0
split_feature=11 16 1 13 13 12 11 3 2
split_gain=1.13222e+06 1.71005e+06 1.53447e+06 1.06797e+06 540043 322194 269217 218803 132383
threshold=64.236891110942281 27.500000000000004 785.36652500000002 0.94229896360356313 1.3200699465574621 2.5936450138888891 57.014233817204307 34.687360000000005 23.056992145833338
decision_type=2 2 2 2 2 2 2 2 2
left_child=1 3 4 -1 7 6 -5 8 -2
right_child=2 -3 -4 5 -6 -7 -8 -9 -10
leaf_value=20.842706451416003 5.2870069503784149 43.327753702799484 -41.510777537027998 -24.656732177734384 -21.312833150227867 6.2505236307779937 -4.8424081802368155 14.099299875895182 -6.9167266082763668
leaf_weight=5.0000000000000027 4.0000000000000018 2.9999999999999991 2.9999999999999991 2.9999999999999982 2.9999999999999991 3 4 2.9999999999999991 5
leaf_count=5 4 3 3 3 3 3 4 3 5
internal_value=-7.41747e-08 8.86714 -8.86714 1.97502 -2.33841 -7.45883 -13.3343 2.40519 -1.49285
internal_weight=36 18 18 15 15 10 7 12 9
internal_count=36 18 18 15 15 10 7 12 9
is_linear=0
shrinkage=0.05


Tree=229
num_leaves=11
num_cat=0
split_feature=14 11 12 15 12 14 15 12 1 11
split_gain=1.18017e+06 2.01305e+06 1.12119e+06 1.7647e+06 2.69733e+06 552449 378782 258103 314005 4907.9
threshold=10.500000000000002 61.295838864734314 2.3908275892027597 2022.5000000000002 2.5589999483969001 6.5000000000000009 2023.5000000000002 2.2236318194103561 356.60882500000002 61.295838864734314
decision_type=2 2 2 2 2 2 2 2 2 2
left_child=2 -2 5 9 -5 6 -1 8 -7 -4
right_child=1 -3 3 4 -6 7 -8 -9 -10 -11
leaf_value=-5.1045384168624786 8.7184961954752609 -49.204637908935531 -6.2257492065429716 67.99661051432291 5.2781905174255357 -11.292673492431645 -28.607537587483719 15.407398223876948 10.106492996215819 -3.3657087961832675
leaf_weight=4.0000000000000062 2.9999999999999991 3 2.9999999999999982 3 4 3.9999999999999982 3 3 3 3
leaf_count=4 3 3 3 3 4 4 3 3 3 3
internal_value=2.14577e-07 -20.2431 4.04861 15.1022 32.1575 -4.40411 -15.1773 3.1371 -2.1216 -4.79573
internal_weight=36 6 30 13 7 17 7 10 7 6
internal_count=36 6 30 13 7 17 7 10 7 6
is_linear=0
shrinkage=0.05


Tree=230
num_leaves=11
num_cat=0
split_feature=17 12 15 0 14 15 12 12 3 12
split_gain=1.10877e+06 789233 1.77747e+06 640551 481968 341851 251867 328306 192989 52207.6
threshold=9.6500000000000021 2.3908275892027597 2023.5000000000002 1.0000000180025095e-35 6.5000000000000009 2023.5000000000002 2.2236318194103561 2.0779023923196305 27.147145000000005 2.1751164832962302
decision_type=2 2 2 2 2 2 2 2 2 2
left_child=-1 4 3 -3 5 -2 7 -6 -5 -9
right_child=1 2 -4 8 6 -7 -8 9 -10 -11
leaf_value=-29.102855936686201 -4.849311161041256 19.716129557291673 39.823056125640875 -17.484789784749346 11.413511912028 -27.177160390218091 14.637029139200846 -4.1803672790527333 -0.70854825973510727 -13.508423233032225
leaf_weight=2.9999999999999991 4.0000000000000027 2.9999999999999982 3.9999999999999991 3 2.9999999999999982 3 2.9999999999999991 3 4 3
leaf_count=3 4 3 4 3 3 3 3 3 4 3
internal_value=2.43717e-07 2.64571 11.6537 0.385983 -3.99176 -14.4184 2.09044 -2.09176 -7.89837 -8.8444
internal_weight=36 33 14 10 19 7 12 9 7 6
internal_count=36 33 14 10 19 7 12 9 7 6
is_linear=0
shrinkage=0.05


Tree=231
num_leaves=11
num_cat=0
split_feature=4 0 9 9 13 11 16 14 14 12
split_gain=1.0142e+06 621636 2.72338e+06 897155 410089 355061 764716 801957 151523 115444
threshold=-11.334504999999996 220.66570000000004 1.0000000180025095e-35 32.150475000000007 1.1724470252052888 53.422643599253213 21.500000000000004 9.5000000000000018 9.5000000000000018 2.4591933961852441
decision_type=2 2 2 2 2 2 2 2 2 2
left_child=-1 2 5 -3 9 -2 7 -7 -8 -5
right_child=1 3 -4 4 -6 6 8 -9 -10 -11
leaf_value=-27.834126790364582 -15.297600301106735 -29.962721761067709 51.984174537658696 -13.989947382609055 13.613833475112912 0.68662567138671893 0.4658941904703775 34.884876505533846 -14.399211311340331 -0.11888313293457027
leaf_weight=2.9999999999999991 3.0000000000000062 2.9999999999999991 2.9999999999999991 2.9999999999999982 4 3.9999999999999982 3 3 4 3
leaf_count=3 3 3 3 3 4 4 3 3 4 3
internal_value=-3.07295e-07 2.53037 8.06308 -5.98149 1.21288 0.312304 3.65728 15.343 -8.02845 -7.05442
internal_weight=36 33 20 13 10 17 14 7 7 6
internal_count=36 33 20 13 10 17 14 7 7 6
is_linear=0
shrinkage=0.05


Tree=232
num_leaves=11
num_cat=0
split_feature=11 0 11 16 3 13 12 11 2 15
split_gain=1.03981e+06 1.51185e+06 1.38516e+06 1.49851e+06 985330 1.08321e+06 432941 429630 243772 46976.2
threshold=64.236891110942281 53.678430000000006 71.657273419717583 18.500000000000004 14.528775000000003 0.94229896360356313 2.2236318194103561 75.043804902777794 10.94469346527778 2023.5000000000002
decision_type=2 2 2 2 2 2 2 2 2 2
left_child=1 4 3 -2 5 -1 -4 -8 9 -6
right_child=2 -3 6 -5 8 -7 7 -9 -10 -11
leaf_value=38.956805674234985 -3.1255022843678759 40.899660237630208 -9.9270211029052753 -53.100666300455714 -18.689034016927092 -3.532517496744791 23.640092976888013 -1.390775108337402 3.1912272135416657 -9.8406658172607404
leaf_weight=3.0000000000000027 3.0000000000000027 2.9999999999999991 4.9999999999999982 3 2.9999999999999982 3 3 4 3 3
leaf_count=3 3 3 5 3 3 3 3 4 3 3
internal_value=-1.49674e-07 8.49758 -8.49758 -28.1131 2.01716 17.7121 1.31017 9.33674 -8.44616 -14.2648
internal_weight=36 18 18 6 15 6 12 7 9 6
internal_count=36 18 18 6 15 6 12 7 9 6
is_linear=0
shrinkage=0.05


Tree=233
num_leaves=10
num_cat=0
split_feature=17 12 12 14 15 12 12 14 12
split_gain=963220 702979 1.6947e+06 455924 271452 229435 294212 153516 61045.9
threshold=9.6500000000000021 2.3908275892027597 2.5589999483969001 6.5000000000000009 2023.5000000000002 2.2236318194103561 2.0779023923196305 4.5000000000000009 2.1751164832962302
decision_type=2 2 2 2 2 2 2 2 2
left_child=-1 3 -3 4 -2 6 -5 -4 -8
right_child=1 2 7 5 -6 -7 8 -9 -10
leaf_value=-27.125498453776046 -5.4123036623001051 34.306806297302245 3.8419747161865239 10.910447820027674 -25.308715820312493 14.092094039916994 -3.2233609517415354 -9.2997914314270016 -13.310144424438475
leaf_weight=2.9999999999999991 4.0000000000000027 4.9999999999999991 4.9999999999999982 2.9999999999999982 3 2.9999999999999991 3 4 3
leaf_count=3 4 5 5 3 3 3 3 4 3
internal_value=-2.41068e-07 2.46595 10.9675 -3.79833 -13.9393 2.11726 -1.87435 -1.99881 -8.26675
internal_weight=36 33 14 19 7 12 9 9 6
internal_count=36 33 14 19 7 12 9 9 6
is_linear=0
shrinkage=0.05


Tree=234
num_leaves=11
num_cat=0
split_feature=4 13 3 3 12 17 11 12 15 17
split_gain=923049 590947 312311 306222 271545 122224 108002 69161 58051.6 7817.85
threshold=-11.334504999999996 1.4706759625324868 14.528775000000003 34.687360000000005 2.0779023923196305 12.800000000000002 65.624235959823366 2.5936450138888891 2023.5000000000002 13.9
decision_type=2 2 2 2 2 2 2 2 2 2
left_child=-1 2 -2 4 -4 6 8 9 -6 -7
right_child=1 -3 3 -5 5 7 -8 -9 -10 -11
leaf_value=-26.553845214843751 13.304593467712392 23.572598775227867 10.364925130208309 13.321791330973307 -18.743146260579412 -6.3496482849121119 -3.8750495910644527 4.7531035105387351 -8.9068509419759092 -2.7399729808171585
leaf_weight=2.9999999999999991 4.0000000000000027 2.9999999999999991 3.0000000000000062 2.9999999999999991 3.0000000000000018 2.9999999999999982 5 3 3 3
leaf_count=3 4 3 3 3 3 3 5 3 3 3
internal_value=-2.47028e-07 2.41399 0.298124 -1.70287 -3.66261 -5.76674 -9.30229 -1.44551 -13.825 -4.54481
internal_weight=36 33 30 26 23 20 11 9 6 6
internal_count=36 33 30 26 23 20 11 9 6 6
is_linear=0
shrinkage=0.05


Tree=235
num_leaves=11
num_cat=0
split_feature=11 11 3 1 13 11 15 11 1 0
split_gain=943137 1.44884e+06 1.304e+06 1.24618e+06 409683 192263 166243 108682 113089 37715.7
threshold=64.236891110942281 63.151977547939076 14.528775000000003 785.36652500000002 1.3200699465574621 75.043804902777794 2022.5000000000002 57.014233817204307 3724.9297600000009 743.39287000000013
decision_type=2 2 2 2 2 2 2 2 2 2
left_child=1 2 -1 4 5 9 -7 -4 -9 -2
right_child=3 -3 7 -5 -6 6 -8 8 -10 -11
leaf_value=22.597658538818344 4.2868853251139285 39.812599690755206 -16.637583414713546 -37.510640335083011 -18.735794965426127 3.916047541300455 -12.729416020711261 0.24086875915527339 -12.601307169596351 12.215286000569659
leaf_weight=5.0000000000000027 3.0000000000000018 2.9999999999999991 2.9999999999999982 2.9999999999999991 2.9999999999999991 3 3 4 3 3
leaf_count=5 3 3 3 3 3 3 3 4 3 3
internal_value=-6.42406e-08 8.09294 1.74901 -8.09294 -2.2094 1.9222 -4.40668 -8.67532 -5.26292 8.25109
internal_weight=36 18 15 18 15 12 6 10 7 6
internal_count=36 18 15 18 15 12 6 10 7 6
is_linear=0
shrinkage=0.05


Tree=236
num_leaves=11
num_cat=0
split_feature=4 1 1 9 13 13 13 17 12 12
split_gain=860686 572002 3.0787e+06 538888 385241 349701 191678 175209 104650 101142
threshold=-11.334504999999996 356.60882500000002 785.36652500000002 32.150475000000007 0.90531515811053953 1.1724470252052888 0.97347757341424435 11.600000000000001 2.5589999483969001 2.4591933961852441
decision_type=2 2 2 2 2 2 2 2 2 2
left_child=-1 3 -3 -2 -4 9 -6 -8 -9 -5
right_child=1 2 4 5 6 -7 7 8 -10 -11
leaf_value=-25.641147359212241 -20.848222160339358 54.46279118855788 12.70453510284424 -13.259630203247074 -16.158171463012696 12.317994809150694 8.3015575408935582 -13.100829315185544 0.10586051940917968 -0.27617454528808588
leaf_weight=2.9999999999999991 3.9999999999999991 3.0000000000000027 3.9999999999999991 2.9999999999999982 2.9999999999999991 4 2.9999999999999982 3 3 3
leaf_count=3 4 3 4 3 3 4 3 3 3 3
internal_value=2.6491e-09 2.33101 7.98167 -5.33774 -0.733538 0.866456 -5.2129 -1.56447 -6.49748 -6.7679
internal_weight=36 33 19 14 16 10 12 9 6 6
internal_count=36 33 19 14 16 10 12 9 6 6
is_linear=0
shrinkage=0.05


Tree=237
num_leaves=11
num_cat=0
split_feature=11 0 13 3 13 13 11 2 15 1
split_gain=882470 1.26332e+06 1.15783e+06 803704 1.07067e+06 403761 201632 193745 32322.4 8221.96
threshold=64.236891110942281 53.678430000000006 0.97347757341424435 14.528775000000003 0.94229896360356313 1.3200699465574621 75.043804902777794 10.94469346527778 2023.5000000000002 13.446980000000003
decision_type=2 2 2 2 2 2 2 2 2 2
left_child=1 3 -2 4 -1 6 9 8 -5 -4
right_child=2 -3 5 7 -6 -7 -8 -9 -10 -11
leaf_value=37.200639851887978 -31.552465629577611 37.447619374593096 11.414915211995448 -16.402655029296881 -5.0420434315999341 -17.309364954630535 -4.0311861419677726 2.8293504079182936 -9.0629858016967741 7.7131229400634744
leaf_weight=3.0000000000000027 4.0000000000000027 2.9999999999999991 2.9999999999999982 2.9999999999999982 3 2.9999999999999991 5 3 3 3
leaf_count=3 4 3 3 3 3 3 5 3 3 3
internal_value=6.88765e-08 7.82832 -7.82832 1.90446 16.0793 -1.04999 3.38438 -7.54543 -12.7328 9.56402
internal_weight=36 18 18 15 6 14 11 9 6 6
internal_count=36 18 18 15 6 14 11 9 6 6
is_linear=0
shrinkage=0.05


Tree=238
num_leaves=11
num_cat=0
split_feature=4 0 9 9 12 11 11 16 14 14
split_gain=822983 529635 2.25769e+06 749193 353020 354752 318943 562582 622987 119892
threshold=-11.334504999999996 220.66570000000004 1.0000000180025095e-35 32.150475000000007 2.2236318194103561 80.258494659582638 53.422643599253213 21.500000000000004 9.5000000000000018 9.5000000000000018
decision_type=2 2 2 2 2 2 2 2 2 2
left_child=-1 2 6 -3 -5 -6 -2 8 -8 -9
right_child=1 3 -4 4 5 -7 7 9 -10 -11
leaf_value=-25.073238118489584 -14.465420532226529 -27.49204330444336 47.37623093922933 -10.508760643005374 20.825359344482418 -3.4903491338094064 0.60468425750732446 1.0323754628499346 30.746386210123688 -12.1903995513916
leaf_weight=2.9999999999999991 3.0000000000000062 2.9999999999999991 2.9999999999999991 3.9999999999999982 3 3 3.9999999999999982 3 3 4
leaf_count=3 3 3 3 4 3 3 4 3 3 4
internal_value=-3.17891e-08 2.27939 7.38629 -5.5774 0.996999 8.66751 0.329245 3.49953 13.5226 -6.5235
internal_weight=36 33 20 13 10 6 17 14 7 7
internal_count=36 33 20 13 10 6 17 14 7 7
is_linear=0
shrinkage=0.05


Tree=239
num_leaves=10
num_cat=0
split_feature=11 16 11 16 13 12 11 12 11
split_gain=822975 1.21486e+06 1.12521e+06 1.25363e+06 871788 399631 364265 239026 226917
threshold=64.236891110942281 27.500000000000004 71.657273419717583 18.500000000000004 0.94229896360356313 2.2236318194103561 75.043804902777794 2.5936450138888891 57.014233817204307
decision_type=2 2 2 2 2 2 2 2 2
left_child=1 4 3 -2 -1 -4 -7 8 -6
right_child=2 -3 5 -5 7 6 -8 -9 -10
leaf_value=18.797561950683583 -2.3842677434285453 36.605571746826172 -9.51642044067383 -48.094070434570298 -22.228360493977874 22.161853599548337 -0.88635258674621564 5.0353731155395494 -4.0371486663818352
leaf_weight=5.0000000000000027 3.0000000000000027 2.9999999999999991 4.9999999999999982 3 2.9999999999999982 3 4 3 4
leaf_count=5 3 3 5 3 3 3 4 3 4
internal_value=5.29819e-08 7.55983 -7.55983 -25.2392 1.75068 1.27984 8.99145 -6.77276 -11.8334
internal_weight=36 18 18 6 15 12 7 10 7
internal_count=36 18 18 6 15 12 7 10 7
is_linear=0
shrinkage=0.05


Tree=240
num_leaves=11
num_cat=0
split_feature=14 11 12 15 12 14 15 12 12 11
split_gain=855738 1.65032e+06 805204 1.3075e+06 2.04434e+06 394307 208902 189847 240683 5273.61
threshold=10.500000000000002 61.295838864734314 2.3908275892027597 2022.5000000000002 2.5589999483969001 6.5000000000000009 2023.5000000000002 2.2236318194103561 2.1751164832962302 61.295838864734314
decision_type=2 2 2 2 2 2 2 2 2 2
left_child=2 -2 5 9 -5 6 -1 8 -7 -4
right_child=1 -3 3 4 -6 7 -8 -9 -10 -11
leaf_value=-5.3368914842605504 8.9852734883626297 -43.460260581970203 -5.7949834187825537 58.696415710449202 4.0948046684265131 6.1744854927063004 -22.791095733642575 13.178811391194657 -12.560391934712726 -2.8302999496459957
leaf_weight=4.0000000000000062 2.9999999999999991 3 2.9999999999999982 3 4 3.9999999999999982 3 3 3 3
leaf_count=4 3 3 3 3 4 4 3 3 3 3
internal_value=4.50346e-08 -17.2375 3.4475 12.8148 27.4955 -3.71574 -12.8173 2.65532 -1.85475 -4.31264
internal_weight=36 6 30 13 7 17 7 10 7 6
internal_count=36 6 30 13 7 17 7 10 7 6
is_linear=0
shrinkage=0.05


Tree=241
num_leaves=10
num_cat=0
split_feature=17 12 12 18 16 14 14 12 1
split_gain=779489 592354 1.30793e+06 352293 391969 332004 124458 95578 2984.7
threshold=9.6500000000000021 2.3908275892027597 2.5589999483969001 0.99319721413978501 27.500000000000004 9.5000000000000018 4.5000000000000009 2.2556213783602157 785.36652500000002
decision_type=2 2 2 2 2 2 2 2 2
left_child=-1 3 -3 -2 5 7 -4 -5 -9
right_child=1 2 6 4 -6 -7 -8 8 -10
leaf_value=-24.401696523030601 12.191358184814455 30.526104011535644 3.890351333618165 -14.05034014383949 -20.035005760192874 12.443169275919598 -7.9424403190612782 -4.2351709047953277 -2.0048138936360673
leaf_weight=2.9999999999999991 2.9999999999999991 4.9999999999999991 4.9999999999999982 3.0000000000000053 3.9999999999999991 2.9999999999999991 4 3 3
leaf_count=3 3 5 5 3 4 3 4 3 3
internal_value=2.88751e-07 2.21834 10.0223 -3.53197 -6.48009 -1.96179 -1.36867 -6.76344 -3.11999
internal_weight=36 33 14 19 16 12 9 9 6
internal_count=36 33 14 19 16 12 9 9 6
is_linear=0
shrinkage=0.05


Tree=242
num_leaves=11
num_cat=0
split_feature=4 13 11 3 3 12 17 12 13 17
split_gain=728329 483951 278282 471427 215704 193758 110759 55812.6 30024.6 9828.38
threshold=-11.334504999999996 1.4706759625324868 53.422643599253213 19.023425 34.687360000000005 2.0779023923196305 12.800000000000002 2.5936450138888891 1.1210109087005007 13.9
decision_type=2 2 2 2 2 2 2 2 2 2
left_child=-1 2 -2 -4 5 -5 8 9 -7 -8
right_child=1 -3 3 4 -6 6 7 -9 -10 -11
leaf_value=-23.587336730957034 -14.217304229736312 21.291876220703127 17.677457618713362 8.9193251291910602 11.581789906819662 -12.207008743286124 -5.8660404205322285 4.5101960500081368 -6.0807727813720689 -1.8187417984008782
leaf_weight=2.9999999999999991 3.0000000000000027 2.9999999999999991 4.0000000000000027 3.0000000000000062 2.9999999999999991 4.0000000000000018 2.9999999999999982 3 4 3
leaf_count=3 3 3 4 3 3 4 3 3 4 3
internal_value=-9.00692e-08 2.1443 0.229546 1.83475 -0.920502 -2.79585 -4.86323 -1.0582 -9.14389 -3.84239
internal_weight=36 33 30 27 23 20 17 9 8 6
internal_count=36 33 30 27 23 20 17 9 8 6
is_linear=0
shrinkage=0.05


Tree=243
num_leaves=10
num_cat=0
split_feature=17 12 12 14 12 12 15 14 12
split_gain=715443 542594 1.2137e+06 312196 195122 203682 183386 117703 48956.2
threshold=9.6500000000000021 2.3908275892027597 2.5589999483969001 6.5000000000000009 2.2236318194103561 2.0779023923196305 2023.5000000000002 4.5000000000000009 2.1751164832962302
decision_type=2 2 2 2 2 2 2 2 2
left_child=-1 3 -3 6 5 -5 -2 -4 -7
right_child=1 2 7 4 -6 8 -8 -9 -10
leaf_value=-23.377738444010419 -4.7612613916397057 29.34565483093262 3.7355982971191417 8.4733590443929057 12.560067876180014 -2.9664446512858067 -21.114772033691402 -7.7716342926025384 -11.99936854044596
leaf_weight=2.9999999999999991 4.0000000000000027 4.9999999999999991 4.9999999999999982 2.9999999999999982 2.9999999999999991 3 3 4 3
leaf_count=3 4 5 5 3 3 3 3 4 3
internal_value=-2.0398e-07 2.12525 9.59427 -3.37824 1.5169 -2.16415 -11.7699 -1.37873 -7.48291
internal_weight=36 33 14 19 12 9 7 9 6
internal_count=36 33 14 19 12 9 7 9 6
is_linear=0
shrinkage=0.05


Tree=244
num_leaves=11
num_cat=0
split_feature=3 14 13 16 13 17 12 17 11 13
split_gain=711712 1.66045e+06 860134 791027 1.50404e+06 410705 163845 119542 23360.2 44120.9
threshold=14.528775000000003 10.500000000000002 0.94229896360356313 27.500000000000004 1.2514719605733744 11.600000000000001 2.5936450138888891 14.350000000000001 61.295838864734314 1.1961237880861357
decision_type=2 2 2 2 2 2 2 2 2 2
left_child=2 3 -1 5 -5 -2 7 8 -7 -10
right_child=1 -3 -4 4 -6 6 -8 -9 9 -11
leaf_value=34.651295979817711 14.095492935180614 -29.447137298583982 -3.2110425313313793 -7.0901084899902349 42.977169799804678 -14.812752024332688 4.4681077957153326 0.25867201487223307 -12.977005290985105 -4.9556017239888499
leaf_weight=2.9999999999999991 3.0000000000000098 4.9999999999999991 3 2.9999999999999991 3 2.9999999999999982 2.9999999999999991 2.9999999999999991 4 3
leaf_count=3 3 5 3 3 3 3 3 3 4 3
internal_value=-1.77489e-07 -3.14403 15.7201 2.1166 17.9435 -2.88138 -6.06455 -8.49516 -11.1213 -9.53926
internal_weight=36 30 6 25 6 19 16 13 10 7
internal_count=36 30 6 25 6 19 16 13 10 7
is_linear=0
shrinkage=0.05


Tree=245
num_leaves=11
num_cat=0
split_feature=11 16 1 13 13 12 11 11 15 15
split_gain=715523 1.07508e+06 955148 778084 299956 207358 230832 135204 117524 30462
threshold=64.236891110942281 27.500000000000004 785.36652500000002 0.94229896360356313 1.3200699465574621 2.5936450138888891 57.014233817204307 75.043804902777794 2022.5000000000002 2023.5000000000002
decision_type=2 2 2 2 2 2 2 2 2 2
left_child=1 3 4 -1 7 6 -5 9 -9 -2
right_child=2 -3 -4 5 -6 -7 -8 8 -10 -11
leaf_value=17.689028854370104 3.381788253784177 34.372666422526045 -32.80360272725423 -21.66579895019532 -16.039231618245445 4.5301083882649733 -3.3183007240295406 3.327576319376627 -10.667912991841632 10.507095209757484
leaf_weight=5.0000000000000027 3.0000000000000018 2.9999999999999991 2.9999999999999991 2.9999999999999982 2.9999999999999991 3 4 3 3 3
leaf_count=5 3 3 3 3 3 3 4 3 3 3
internal_value=1.7484e-07 7.04905 -7.04905 1.58432 -1.89814 -6.46803 -11.1815 1.63714 -3.67017 6.94444
internal_weight=36 18 18 15 15 10 7 12 6 6
internal_count=36 18 18 15 15 10 7 12 6 6
is_linear=0
shrinkage=0.05


Tree=246
num_leaves=11
num_cat=0
split_feature=4 0 9 9 11 16 12 12 11 14
split_gain=684265 434018 1.76811e+06 576826 262977 453027 542818 252324 277863 98043.5
threshold=-11.334504999999996 220.66570000000004 1.0000000180025095e-35 32.150475000000007 53.422643599253213 21.500000000000004 2.4591933961852441 2.2236318194103561 80.258494659582638 9.5000000000000018
decision_type=2 2 2 2 2 2 2 2 2 2
left_child=-1 2 4 -3 -2 6 -6 -5 -9 -7
right_child=1 3 -4 7 5 9 -8 8 -10 -11
leaf_value=-22.862687174479166 -12.977833048502575 -24.263036092122398 42.090844217936201 -8.9924889564514174 24.387376499176032 1.1734607696533199 -3.7481859842936189 17.979715601603186 -3.5401714960734041 -10.783967304229733
leaf_weight=2.9999999999999991 3.0000000000000062 2.9999999999999991 2.9999999999999991 3.9999999999999982 3.9999999999999982 3 3 3 3 4
leaf_count=3 3 3 3 4 4 3 3 3 3 4
internal_value=3.70873e-08 2.07843 6.70142 -5.03388 0.456233 3.33496 12.3293 0.734868 7.21977 -5.65936
internal_weight=36 33 20 13 17 14 7 10 6 7
internal_count=36 33 20 13 17 14 7 10 6 7
is_linear=0
shrinkage=0.05


Tree=247
num_leaves=11
num_cat=0
split_feature=11 0 11 16 3 13 12 15 2 15
split_gain=664602 968675 902225 995281 701921 738085 279367 281990 150396 35858.3
threshold=64.236891110942281 53.678430000000006 71.657273419717583 18.500000000000004 14.528775000000003 0.94229896360356313 2.2236318194103561 2023.5000000000002 10.94469346527778 2023.5000000000002
decision_type=2 2 2 2 2 2 2 2 2 2
left_child=1 4 3 -2 5 -1 -4 -8 9 -6
right_child=2 -3 6 -5 8 -7 7 -9 -10 -11
leaf_value=32.389913177490193 -2.2603109439214046 32.729880396525068 -7.9048796081542996 -42.988705444335928 -15.660663350423182 -2.68345235188802 -1.12143497467041 19.157513809204097 1.9158315658569329 -7.9299608866373674
leaf_weight=3.0000000000000027 3.0000000000000027 2.9999999999999991 4.9999999999999982 3 2.9999999999999982 3 4 3 3 3
leaf_count=3 3 3 5 3 3 3 4 3 3 3
internal_value=-6.62274e-10 6.79359 -6.79359 -22.6245 1.60633 14.8532 1.12187 7.56954 -7.22493 -11.7953
internal_weight=36 18 18 6 15 6 12 7 9 6
internal_count=36 18 18 6 15 6 12 7 9 6
is_linear=0
shrinkage=0.05


Tree=248
num_leaves=10
num_cat=0
split_feature=4 1 1 9 3 13 2 1 17
split_gain=638374 396757 2.20541e+06 359362 291684 240170 81882.1 111578 69611
threshold=-11.334504999999996 356.60882500000002 785.36652500000002 32.150475000000007 14.528775000000003 1.1724470252052888 10.94469346527778 5472.913485 14.350000000000001
decision_type=2 2 2 2 2 2 2 2 2
left_child=-1 3 -3 -2 -4 8 7 -6 -5
right_child=1 2 4 5 6 -7 -8 -9 -10
leaf_value=-22.082735188802086 -17.04542204141617 46.05387357076004 11.030366897583008 -11.025307464599614 -13.517911911010746 10.177261781692502 0.32662227630615231 -0.76180349985758444 -0.25412305196126295
leaf_weight=2.9999999999999991 3.9999999999999991 3.0000000000000027 3.9999999999999991 2.9999999999999982 3.9999999999999982 4 5 3 3
leaf_count=3 4 3 4 3 4 4 5 3 3
internal_value=9.40429e-08 2.00752 6.71364 -4.37935 -0.662655 0.687076 -4.56033 -8.05101 -5.63972
internal_weight=36 33 19 14 16 10 12 7 6
internal_count=36 33 19 14 16 10 12 7 6
is_linear=0
shrinkage=0.05


Tree=249
num_leaves=10
num_cat=0
split_feature=11 16 1 13 13 12 11 3 2
split_gain=612950 898344 841165 673388 252417 188761 177760 121715 77614
threshold=64.236891110942281 27.500000000000004 785.36652500000002 0.94229896360356313 1.3200699465574621 2.5936450138888891 57.014233817204307 34.687360000000005 23.056992145833338
decision_type=2 2 2 2 2 2 2 2 2
left_child=1 3 4 -1 7 6 -5 8 -2
right_child=2 -3 -4 5 -6 -7 -8 -9 -10
leaf_value=16.510938682556141 3.836574459075925 31.501248677571613 -30.693295542399092 -19.659743245442716 -14.662662061055503 4.531185468037922 -3.5590327262878412 10.274508666992189 -5.5077175521850581
leaf_weight=5.0000000000000027 4.0000000000000018 2.9999999999999991 2.9999999999999991 2.9999999999999982 2.9999999999999991 3 4 2.9999999999999991 5
leaf_count=5 4 3 3 3 3 3 4 3 5
internal_value=-4.23855e-08 6.52426 -6.52426 1.52886 -1.69045 -5.96218 -10.4593 1.5526 -1.3547
internal_weight=36 18 18 15 15 10 7 12 9
internal_count=36 18 18 15 15 10 7 12 9
is_linear=0
shrinkage=0.05


Tree=250
num_leaves=10
num_cat=0
split_feature=14 11 12 11 15 14 15 12 1
split_gain=628925 1.2486e+06 592265 959201 1.2e+06 284819 179560 135474 165719
threshold=10.500000000000002 61.295838864734314 2.3908275892027597 58.923948362859164 2022.5000000000002 6.5000000000000009 2023.5000000000002 2.2236318194103561 356.60882500000002
decision_type=2 2 2 2 2 2 2 2 2
left_child=2 -2 5 -4 -5 6 -1 8 -7
right_child=1 -3 3 4 -6 7 -8 -9 -10
leaf_value=-3.9881774425506524 8.0314229329427089 -37.586583709716784 -6.1903034973144528 -3.2734157562255852 36.726540603637687 -8.2455886840820334 -20.170215098063146 11.116488647460935 7.3002619425455713
leaf_weight=4.0000000000000062 2.9999999999999991 3 4.9999999999999991 3 5 3.9999999999999982 3 3 3
leaf_count=4 3 3 5 3 5 4 3 3 3
internal_value=-5.82801e-08 -14.7776 2.95552 10.9893 21.7266 -3.18797 -10.9233 2.22679 -1.58308
internal_weight=36 6 30 13 8 17 7 10 7
internal_count=36 6 30 13 8 17 7 10 7
is_linear=0
shrinkage=0.05


Tree=251
num_leaves=10
num_cat=0
split_feature=17 12 12 14 15 12 12 14 12
split_gain=599268 431894 966049 243567 162053 135481 172229 91883.6 32107.8
threshold=9.6500000000000021 2.3908275892027597 2.5589999483969001 6.5000000000000009 2023.5000000000002 2.2236318194103561 2.0779023923196305 4.5000000000000009 2.1751164832962302
decision_type=2 2 2 2 2 2 2 2 2
left_child=-1 3 -3 4 -2 6 -5 -4 -8
right_child=1 2 7 5 -6 -7 8 -9 -10
leaf_value=-21.395653025309244 -3.7887688159942594 26.230197219848634 3.3377363967895515 8.0731656392415392 -19.161703872680658 10.560664876302084 -2.9418268839518222 -6.829321861267089 -10.257081858317056
leaf_weight=2.9999999999999991 4.0000000000000027 4.9999999999999991 4.9999999999999982 2.9999999999999982 3 2.9999999999999991 3 4 3
leaf_count=3 4 5 5 3 3 3 3 4 3
internal_value=0 1.94506 8.60874 -2.96502 -10.3772 1.35873 -1.70858 -1.18096 -6.59945
internal_weight=36 33 14 19 7 12 9 9 6
internal_count=36 33 14 19 7 12 9 9 6
is_linear=0
shrinkage=0.05


Tree=252
num_leaves=10
num_cat=0
split_feature=3 14 13 16 13 17 17 6 3
split_gain=558190 1.33844e+06 645846 542506 1.23635e+06 331821 104406 43180 86189
threshold=14.528775000000003 10.500000000000002 0.94229896360356313 27.500000000000004 1.2514719605733744 11.600000000000001 14.350000000000001 15.389365000000002 27.147145000000005
decision_type=2 2 2 2 2 2 2 2 2
left_child=2 3 -1 5 -5 -2 7 -7 -9
right_child=1 -3 -4 4 -6 6 -8 8 -10
leaf_value=30.326112365722658 13.059312438964799 -26.399682540893554 -2.4825635274251296 -7.6510786692301442 37.742519124348945 -10.942267150878909 1.9341972112655641 -9.6633887290954572 1.5478693008422848
leaf_weight=2.9999999999999991 3.0000000000000098 4.9999999999999991 3 2.9999999999999991 3 4.9999999999999982 3.9999999999999991 4 3
leaf_count=3 3 5 3 3 3 5 4 4 3
internal_value=-3.97364e-08 -2.78435 13.9218 1.93871 15.0457 -2.20035 -5.06153 -7.39344 -4.85856
internal_weight=36 30 6 25 6 19 16 12 7
internal_count=36 30 6 25 6 19 16 12 7
is_linear=0
shrinkage=0.05


Tree=253
num_leaves=11
num_cat=0
split_feature=4 0 9 9 13 13 13 17 12 12
split_gain=577254 349582 1.39702e+06 438191 217712 210405 148727 322385 67158.1 55738.1
threshold=-11.334504999999996 220.66570000000004 1.0000000180025095e-35 32.150475000000007 0.90531515811053953 1.1724470252052888 0.97347757341424435 11.600000000000001 2.5589999483969001 2.4591933961852441
decision_type=2 2 2 2 2 2 2 2 2 2
left_child=-1 2 4 -3 -2 9 -6 -8 -9 -5
right_child=1 3 -4 5 6 -7 7 8 -10 -11
leaf_value=-20.998995463053387 10.707397079467755 -21.233922831217448 37.51526222229004 -10.187079238891606 -10.653984069824219 9.4365411281585683 14.316349538167323 -11.047903823852536 -0.46820087432861313 -0.54878056844075507
leaf_weight=2.9999999999999991 4.0000000000000062 2.9999999999999991 2.9999999999999991 2.9999999999999982 3.9999999999999991 4 2.9999999999999982 3 3 3
leaf_count=3 4 3 3 3 4 4 3 3 3 3
internal_value=9.53674e-08 1.909 6.05801 -4.47409 0.506729 0.553859 -2.63194 0.933415 -5.75805 -5.36793
internal_weight=36 33 20 13 17 10 13 9 6 6
internal_count=36 33 20 13 17 10 13 9 6 6
is_linear=0
shrinkage=0.05


Tree=254
num_leaves=12
num_cat=0
split_feature=11 0 1 3 13 13 2 11 15 15 0
split_gain=585726 785272 752868 540966 613993 227889 120975 102535 98633 27321.3 25445.7
threshold=64.236891110942281 53.678430000000006 785.36652500000002 14.528775000000003 0.94229896360356313 1.3200699465574621 10.94469346527778 75.043804902777794 2022.5000000000002 2023.5000000000002 743.39287000000013
decision_type=2 2 2 2 2 2 2 2 2 2 2
left_child=1 3 5 4 -1 7 9 10 -9 -5 -2
right_child=2 -3 -4 6 -6 -7 -8 8 -10 -11 -12
leaf_value=29.331316121419235 2.6425071716308572 29.729981231689454 -29.243092473347982 -13.518645985921228 -2.6580808003743481 -14.130472564697266 2.1524456024169916 3.0656599680582675 -9.755742009480791 -6.7706425348917625 9.1547657012939432
leaf_weight=3.0000000000000027 3.0000000000000018 2.9999999999999991 2.9999999999999991 2.9999999999999982 3 2.9999999999999991 3 3 3 3 3
leaf_count=3 3 3 3 3 3 3 3 3 3 3 3
internal_value=-4.76837e-08 6.37773 -6.37773 1.70728 13.3366 -1.80466 -6.04561 1.2768 -3.34504 -10.1446 5.89864
internal_weight=36 18 18 15 6 15 9 12 6 6 6
internal_count=36 18 18 15 6 15 9 12 6 6 6
is_linear=0
shrinkage=0.05


Tree=255
num_leaves=11
num_cat=0
split_feature=4 0 9 9 13 13 12 12 15 17
split_gain=546896 324809 1.27139e+06 408478 200067 184341 138445 67929.2 74283.7 52909.6
threshold=-11.334504999999996 220.66570000000004 1.0000000180025095e-35 32.150475000000007 0.90531515811053953 1.1724470252052888 2.2236318194103561 2.5936450138888891 2022.5000000000002 14.350000000000001
decision_type=2 2 2 2 2 2 2 2 2 2
left_child=-1 2 4 -3 -2 9 -6 8 -8 -5
right_child=1 3 -4 5 6 -7 7 -9 -10 -11
leaf_value=-20.439371999104821 10.340189933776838 -20.476260630289715 35.866890176137289 -9.6783034006754605 6.9733938852945974 8.8741549253463727 -14.201480992635096 -0.22619590759277342 -3.0746579488118484 -0.28774388631184888
leaf_weight=2.9999999999999991 4.0000000000000062 2.9999999999999991 2.9999999999999991 2.9999999999999982 2.9999999999999991 4 2.9999999999999982 4 3 3
leaf_count=3 4 3 3 3 3 4 3 4 3 3
internal_value=-2.38419e-07 1.85812 5.85742 -4.29464 0.561632 0.559848 -2.44716 -5.27332 -8.63807 -4.98302
internal_weight=36 33 20 13 17 10 13 10 6 6
internal_count=36 33 20 13 17 10 13 10 6 6
is_linear=0
shrinkage=0.05


Tree=256
num_leaves=12
num_cat=0
split_feature=11 13 1 3 13 13 2 3 15 1 15
split_gain=548296 700962 699485 511860 562080 218373 108310 98376.7 68579.6 67820.6 20031.1
threshold=64.236891110942281 1.3200699465574621 785.36652500000002 14.528775000000003 0.94229896360356313 1.3200699465574621 10.94469346527778 34.687360000000005 2023.5000000000002 0.65214000000000005 2023.5000000000002
decision_type=2 2 2 2 2 2 2 2 2 2 2
left_child=1 3 5 4 -1 7 10 8 9 -2 -5
right_child=2 -3 -4 6 -6 -7 -8 -9 -10 -11 -12
leaf_value=28.373726908365853 -3.589573033650713 28.233652114868164 -28.210399023691817 -12.551008351643885 -2.2334709167480464 -13.828362751007081 1.9736263275146477 9.0950790405273434 -7.5324433644612618 7.0421873728434221 -6.7730135599772119
leaf_weight=3.0000000000000027 3.0000000000000018 2.9999999999999991 2.9999999999999991 2.9999999999999982 3 2.9999999999999991 3 2.9999999999999991 3 3 3
leaf_count=3 3 3 3 3 3 3 3 3 3 3 3
internal_value=6.35783e-08 6.17059 -6.17059 1.75797 13.0701 -1.76262 -5.78347 1.25381 -1.35994 1.72631 -9.66201
internal_weight=36 18 18 15 6 15 9 12 9 6 6
internal_count=36 18 18 15 6 15 9 12 9 6 6
is_linear=0
shrinkage=0.05


Tree=257
num_leaves=11
num_cat=0
split_feature=4 1 1 11 13 13 17 13 17 12
split_gain=518050 311236 1.50162e+06 273554 217640 193482 100330 82832.1 121297 51511.9
threshold=-11.334504999999996 356.60882500000002 785.36652500000002 65.624235959823366 0.90531515811053953 1.1961237880861357 14.350000000000001 0.97347757341424435 11.600000000000001 2.5589999483969001
decision_type=2 2 2 2 2 2 2 2 2 2
left_child=-1 3 -3 -2 -4 6 -5 -6 -9 -10
right_child=1 2 4 5 7 -7 -8 8 9 -11
leaf_value=-19.893021392822266 -17.231648005048434 38.438454691568971 9.9904645919799808 -9.8585141181945843 -10.671927388509115 10.630395317077635 1.340269088745117 7.1305541992187518 -9.8157333374023423 -0.55003477732340478
leaf_weight=2.9999999999999991 2.9999999999999991 3.0000000000000027 3.9999999999999991 3.9999999999999982 2.9999999999999991 3 4 2.9999999999999982 3 3
leaf_count=3 3 3 4 4 3 3 4 3 3 3
internal_value=-1.06378e-07 1.80846 5.97662 -3.84834 -0.109973 -0.198345 -4.25912 -3.47679 -1.0784 -5.18288
internal_weight=36 33 19 14 16 11 8 12 9 6
internal_count=36 33 19 14 16 11 8 12 9 6
is_linear=0
shrinkage=0.05


Tree=258
num_leaves=10
num_cat=0
split_feature=11 13 16 4 16 13 11 13 1
split_gain=512561 643518 631686 719130 1.31636e+06 213631 105897 52386.3 9187.28
threshold=64.236891110942281 0.97347757341424435 9.5000000000000018 -1.0000000180025095e-35 12.500000000000002 1.3200699465574621 75.043804902777794 0.97347757341424435 13.446980000000003
decision_type=2 2 2 2 2 2 2 2 2
left_child=2 -2 -1 4 -4 6 8 -6 -3
right_child=1 5 3 -5 7 -7 -8 -9 -10
leaf_value=-9.1371556091308541 -23.652866077423077 8.7477533976237005 33.044534937540682 33.24552001953127 -10.28799247741699 -12.739729817708334 -3.0613301467895506 -1.5474723180135088 4.8346811930338527
leaf_weight=5.0000000000000027 4.0000000000000027 2.9999999999999982 3 2.9999999999999973 4 2.9999999999999991 5 3 3
leaf_count=5 4 3 3 3 4 3 5 3 3
internal_value=-2.11928e-08 -5.96611 5.96611 11.7751 5.33392 -0.912753 2.31279 -6.54206 6.79122
internal_weight=36 18 18 13 10 14 11 7 6
internal_count=36 18 18 13 10 14 11 7 6
is_linear=0
shrinkage=0.05


Tree=259
num_leaves=11
num_cat=0
split_feature=17 12 12 18 15 16 0 0 1 13
split_gain=509452 416036 751648 191321 265862 165064 114990 70143.2 63593 1844.78
threshold=9.6500000000000021 2.3908275892027597 2.5589999483969001 0.99319721413978501 2023.5000000000002 9.5000000000000018 53.678430000000006 2.6978750000000011 785.36652500000002 1.1961237880861357
decision_type=2 2 2 2 2 2 2 2 2 2
left_child=-1 3 -3 -2 5 -5 -7 -4 -6 -9
right_child=1 2 7 4 8 6 -8 9 -10 -11
leaf_value=-19.72725499471029 8.561371358235677 23.8771097946167 5.9407708485921242 -10.018443171183248 -18.666566721598308 11.399374771118161 -1.5502883195877073 -2.5462071736653638 -8.3715070088704415 -4.2996709187825513
leaf_weight=2.9999999999999991 2.9999999999999991 4.9999999999999991 2.9999999999999982 3.0000000000000053 2.9999999999999991 3 4 3 3 3
leaf_count=3 3 5 3 3 3 3 4 3 3 3
internal_value=-9.27183e-08 1.79339 8.33359 -3.02571 -5.19829 -0.205836 3.99957 -0.301702 -13.519 -3.42294
internal_weight=36 33 14 19 16 10 7 9 6 6
internal_count=36 33 14 19 16 10 7 9 6 6
is_linear=0
shrinkage=0.05


Tree=260
num_leaves=10
num_cat=0
split_feature=4 12 15 0 18 16 14 12 17
split_gain=463329 278238 775320 315528 162231 253969 119755 84452.4 62621
threshold=-11.334504999999996 2.3700680835086492 2023.5000000000002 1.0000000180025095e-35 0.99319721413978501 27.500000000000004 9.5000000000000018 2.2556213783602157 12.800000000000002
decision_type=2 2 2 2 2 2 2 2 2
left_child=-1 4 3 -3 -2 6 7 -6 -5
right_child=1 2 -4 8 5 -7 -8 -9 -10
leaf_value=-18.813069915771486 8.1333023071289059 13.713325500488281 25.590486574172974 -11.011900838216143 -9.9268151601155523 -13.804555511474611 8.3548102060953759 1.1709188938140869 -1.8743598175048826
leaf_weight=2.9999999999999991 2.9999999999999991 2.9999999999999991 3.9999999999999991 3 3.0000000000000018 4.9999999999999991 3 4 5
leaf_count=3 3 3 4 3 3 5 3 4 5
internal_value=4.23855e-08 1.71028 6.73963 -0.11523 -2.48084 -4.60367 -0.00323393 -3.58525 -5.30094
internal_weight=36 33 15 11 18 15 10 7 8
internal_count=36 33 15 11 18 15 10 7 8
is_linear=0
shrinkage=0.05


Tree=261
num_leaves=11
num_cat=0
split_feature=3 3 13 16 13 12 16 11 17 1
split_gain=447649 967994 506217 358805 1.05325e+06 158467 54373.3 76251.3 32677.7 25062.2
threshold=14.528775000000003 19.023425 0.94229896360356313 27.500000000000004 1.2514719605733744 2.1751164832962302 18.500000000000004 58.923948362859164 12.800000000000002 0.65214000000000005
decision_type=2 2 2 2 2 2 2 2 2 2
left_child=2 -2 -1 5 -5 -3 7 -7 -9 -10
right_child=1 3 -4 4 -6 6 -8 8 9 -11
leaf_value=26.990522257486983 -29.43775889078773 5.9917072296142475 -2.0559059143066398 -6.5533221244812019 32.6384063720703 -10.355532582600912 -10.18347043991089 -5.4117680231730168 -2.2520897547403966 4.2109049479166663
leaf_weight=2.9999999999999991 3.0000000000000027 4.0000000000000062 3 3.9999999999999991 3 2.9999999999999991 3.9999999999999991 2.9999999999999982 3 3
leaf_count=3 3 4 3 4 3 3 4 3 3 3
internal_value=-1.69542e-07 -2.49346 12.4673 0.500349 10.2431 -2.90963 -5.13496 -3.45212 -1.15098 0.979408
internal_weight=36 30 6 27 7 20 16 12 9 6
internal_count=36 30 6 27 7 20 16 12 9 6
is_linear=0
shrinkage=0.05


Tree=262
num_leaves=10
num_cat=0
split_feature=11 16 11 16 13 12 11 12 11
split_gain=437988 637877 601232 722500 476886 205759 199104 105392 117073
threshold=64.236891110942281 27.500000000000004 71.657273419717583 18.500000000000004 0.94229896360356313 2.2236318194103561 75.043804902777794 2.5936450138888891 57.014233817204307
decision_type=2 2 2 2 2 2 2 2 2
left_child=1 4 3 -2 -1 -4 -7 8 -6
right_child=2 -3 5 -5 7 6 -8 -9 -10
leaf_value=13.913696403503408 -1.0876979509989408 26.561906687418624 -6.8002642440795915 -35.788808186848946 -15.825209299723312 16.217093149820961 -0.82286329269409164 2.8425010045369459 -2.7587643623352047
leaf_weight=5.0000000000000027 3.0000000000000027 2.9999999999999991 4.9999999999999982 3 2.9999999999999982 3 4 3 4
leaf_count=5 3 3 5 3 3 3 4 3 4
internal_value=1.77489e-07 5.51506 -5.51506 -18.4383 1.30569 0.946542 6.47998 -4.99832 -8.35867
internal_weight=36 18 18 6 15 12 7 10 7
internal_count=36 18 18 6 15 12 7 10 7
is_linear=0
shrinkage=0.05


Tree=263
num_leaves=11
num_cat=0
split_feature=4 12 15 2 14 13 12 17 2 1
split_gain=431186 247117 670517 264217 148909 156849 139676 56998.2 22323.8 16234.6
threshold=-11.334504999999996 2.3700680835086492 2023.5000000000002 8.455845826164877 6.5000000000000009 1.1724470252052888 2.0779023923196305 12.800000000000002 16.816404825268823 785.36652500000002
decision_type=2 2 2 2 2 2 2 2 2 2
left_child=-1 4 3 -3 8 6 -6 -5 -2 -8
right_child=1 2 -4 7 5 -7 9 -9 -10 -11
leaf_value=-18.14878184000651 -5.6815085093180278 12.669201405843099 23.920180082321167 -10.179019927978514 6.4244555473327658 10.816862106323242 -9.3898415247599267 -1.4613564682006834 -11.781208928426103 -4.1881395339965808
leaf_weight=2.9999999999999991 3.0000000000000027 2.9999999999999991 3.9999999999999991 3 2.9999999999999982 2.9999999999999991 3 5 3 3
leaf_count=3 3 3 4 3 3 3 3 5 3 3
internal_value=-1.56297e-07 1.64989 6.38963 0.0148875 -2.2999 0.915834 -2.38451 -4.73048 -8.73136 -6.78899
internal_weight=36 33 15 11 18 12 9 8 6 6
internal_count=36 33 15 11 18 12 9 8 6 6
is_linear=0
shrinkage=0.05


Tree=264
num_leaves=10
num_cat=0
split_feature=17 12 12 14 15 12 12 14 12
split_gain=415303 316866 682744 164731 140461 105196 110546 48864.4 25673.4
threshold=9.6500000000000021 2.3908275892027597 2.5589999483969001 6.5000000000000009 2023.5000000000002 2.2236318194103561 2.0779023923196305 4.5000000000000009 2.1751164832962302
decision_type=2 2 2 2 2 2 2 2 2
left_child=-1 3 -3 4 -2 6 -5 -4 -8
right_child=1 2 7 5 -6 -7 8 -9 -10
leaf_value=-17.811389414469399 -2.5483529806137066 22.140906257629396 2.392231369018555 6.1032330830891945 -16.86055831909179 9.0778338114420585 -2.3812034606933588 -5.0221075057983384 -8.9225320816040021
leaf_weight=2.9999999999999991 4.0000000000000027 4.9999999999999991 4.9999999999999982 2.9999999999999982 3 2.9999999999999991 3 4 3
leaf_count=3 4 5 5 3 3 3 3 4 3
internal_value=-8.2122e-08 1.61922 7.32695 -2.58648 -8.68216 0.969333 -1.7335 -0.90303 -5.65187
internal_weight=36 33 14 19 7 12 9 9 6
internal_count=36 33 14 19 7 12 9 9 6
is_linear=0
shrinkage=0.05


Tree=265
num_leaves=10
num_cat=0
split_feature=3 14 13 16 13 17 17 13 11
split_gain=410601 911836 444407 348437 799663 237675 78429 24241.3 38850.9
threshold=14.528775000000003 10.500000000000002 0.94229896360356313 27.500000000000004 1.2514719605733744 11.600000000000001 14.350000000000001 1.1724470252052888 58.923948362859164
decision_type=2 2 2 2 2 2 2 2 2
left_child=2 3 -1 5 -5 -2 7 -7 -9
right_child=1 -3 -4 4 -6 6 -8 8 -10
leaf_value=25.54796803792318 11.10789400736487 -21.879886741638185 -1.6674481709798172 -6.2390511830647792 30.268083699544263 -9.4275428771972667 1.834990453720093 -8.1447175979614244 -1.1759573459625243
leaf_weight=2.9999999999999991 3.0000000000000098 4.9999999999999991 3 2.9999999999999991 3 3.9999999999999991 3.9999999999999991 4 4
leaf_count=3 3 5 3 3 3 4 4 4 4
internal_value=-1.11262e-07 -2.38805 11.9403 1.51031 12.0145 -1.8068 -4.22831 -6.24941 -4.66034
internal_weight=36 30 6 25 6 19 16 12 8
internal_count=36 30 6 25 6 19 16 12 8
is_linear=0
shrinkage=0.05


Tree=266
num_leaves=11
num_cat=0
split_feature=4 0 9 9 13 13 12 7 11 16
split_gain=401800 247502 926957 284480 172023 125372 95393.6 48324.7 41579.7 25459.2
threshold=-11.334504999999996 220.66570000000004 1.0000000180025095e-35 32.150475000000007 0.90531515811053953 1.1724470252052888 2.2236318194103561 410.31663500000008 57.014233817204307 21.500000000000004
decision_type=2 2 2 2 2 2 2 2 2 2
left_child=-1 2 4 -3 -2 7 -6 -5 -8 -10
right_child=1 3 -4 5 6 -7 8 -9 9 -11
leaf_value=-17.51942596435547 9.629205036163313 -17.282234446207681 30.707843271891278 0.18908519744873054 5.591725158691407 7.1297263622283928 -9.4989743550618524 -8.7853851318359357 0.14802713394165037 -5.9452452341715478
leaf_weight=2.9999999999999991 4.0000000000000062 2.9999999999999991 2.9999999999999991 2.9999999999999982 2.9999999999999991 4 2.9999999999999982 3 4 3
leaf_count=3 4 3 3 3 3 4 3 3 4 3
internal_value=-1.05964e-08 1.59268 5.08375 -3.77821 0.56185 0.273001 -2.22811 -4.29815 -4.57406 -2.46338
internal_weight=36 33 20 13 17 10 13 6 10 7
internal_count=36 33 20 13 17 10 13 6 10 7
is_linear=0
shrinkage=0.05


Tree=267
num_leaves=11
num_cat=0
split_feature=11 1 16 13 13 12 11 11 9 0
split_gain=412083 527673 519014 414480 154939 78291.3 98920.1 73212.6 71561.7 11668.1
threshold=64.236891110942281 785.36652500000002 27.500000000000004 0.94229896360356313 1.3200699465574621 2.5936450138888891 57.014233817204307 75.043804902777794 417.82786000000004 743.39287000000013
decision_type=2 2 2 2 2 2 2 2 2 2
left_child=2 4 3 -1 7 6 -5 9 -9 -2
right_child=1 -3 -4 5 -6 -7 -8 8 -10 -11
leaf_value=13.306647357940665 2.7204086303710913 -24.492091337839764 24.33436368306478 -14.084140268961594 -11.684234476089479 2.4333693186442051 -2.0733759880065916 2.5749381383260084 -8.3461160659790021 7.130256207784015
leaf_weight=5.0000000000000027 3.0000000000000018 2.9999999999999991 2.9999999999999991 2.9999999999999982 2.9999999999999991 3 4 3 3 3
leaf_count=5 3 3 3 3 3 3 4 3 3 3
internal_value=-1.57621e-07 -5.34947 5.34947 1.55249 -1.52095 -4.32458 -7.22085 1.01987 -2.88559 4.92533
internal_weight=36 18 18 15 15 10 7 12 6 6
internal_count=36 18 18 15 15 10 7 12 6 6
is_linear=0
shrinkage=0.05


Tree=268
num_leaves=10
num_cat=0
split_feature=3 14 13 16 13 17 17 13 11
split_gain=380468 867211 377100 286761 697694 207405 61703.3 22097.2 27637.7
threshold=14.528775000000003 10.500000000000002 0.94229896360356313 27.500000000000004 1.2514719605733744 11.600000000000001 14.350000000000001 1.1724470252052888 58.923948362859164
decision_type=2 2 2 2 2 2 2 2 2
left_child=2 3 -1 5 -5 -2 7 -7 -9
right_child=1 -3 -4 4 -6 6 -8 8 -10
leaf_value=24.028731028238933 10.558083025614383 -21.30764560699463 -1.0411741892496742 -6.0177755991617836 28.082416788736971 -8.5953029632568363 1.6097634315490723 -6.9826476097106926 -1.1049664497375487
leaf_weight=2.9999999999999991 3.0000000000000098 4.9999999999999991 3 2.9999999999999991 3 3.9999999999999991 3.9999999999999991 4 4
leaf_count=3 3 5 3 3 3 4 4 4 4
internal_value=2.11928e-08 -2.29876 11.4938 1.50302 11.0323 -1.50623 -3.76829 -5.56097 -4.04381
internal_weight=36 30 6 25 6 19 16 12 8
internal_count=36 30 6 25 6 19 16 12 8
is_linear=0
shrinkage=0.05


Tree=269
num_leaves=10
num_cat=0
split_feature=4 12 15 2 13 13 11 14 17
split_gain=383895 223054 523399 218220 126717 139590 124512 83572.7 56322.8
threshold=-11.334504999999996 2.3700680835086492 2023.5000000000002 8.455845826164877 1.3200699465574621 0.97347757341424435 75.043804902777794 8.5000000000000018 12.800000000000002
decision_type=2 2 2 2 2 2 2 2 2
left_child=-1 4 3 -3 5 -2 7 -7 -5
right_child=1 2 -4 8 -6 6 -8 -9 -10
leaf_value=-17.124636840820312 -7.1409240722656193 11.927892812093098 21.548278093338013 -9.3010392506917281 -11.576476478576661 13.051947911580408 -5.4314243316650384 2.0121613979339599 -0.63518463134765613
leaf_weight=2.9999999999999991 5.0000000000000027 2.9999999999999991 3.9999999999999991 3 2.9999999999999991 2.9999999999999982 3 4 5
leaf_count=3 5 3 4 3 3 3 3 4 5
internal_value=1.64244e-07 1.55679 6.05985 0.427694 -2.19577 -0.319627 3.09102 6.7435 -3.88488
internal_weight=36 33 15 11 18 15 10 7 8
internal_count=36 33 15 11 18 15 10 7 8
is_linear=0
shrinkage=0.05


Tree=270
num_leaves=12
num_cat=0
split_feature=11 13 1 3 13 13 11 15 2 15 0
split_gain=374045 484208 480922 363077 359731 136977 61132.5 69813.9 60218.9 11608.3 7337.49
threshold=64.236891110942281 1.3200699465574621 785.36652500000002 14.528775000000003 0.94229896360356313 1.3200699465574621 75.043804902777794 2022.5000000000002 10.94469346527778 2023.5000000000002 743.39287000000013
decision_type=2 2 2 2 2 2 2 2 2 2 2
left_child=1 3 5 4 -1 6 10 -8 9 -5 -2
right_child=2 -3 -4 8 -6 -7 7 -9 -10 -11 -12
leaf_value=23.199318440755182 2.7676293690999323 23.433878326416018 -23.371557807922365 -10.01366373697917 -1.286430994669596 -10.997652673721314 2.772085571289062 -8.0147800445556623 0.86164290110270159 -5.6151192982991525 6.2646505991617829
leaf_weight=3.0000000000000027 3.0000000000000018 2.9999999999999991 2.9999999999999991 2.9999999999999982 3 2.9999999999999991 3 3 3 3 3
leaf_count=3 3 3 3 3 3 3 3 3 3 3 3
internal_value=5.43065e-08 5.0966 -5.0966 1.42915 10.9564 -1.44161 0.947396 -2.62135 -4.92238 -7.81439 4.51614
internal_weight=36 18 18 15 6 15 12 6 9 6 6
internal_count=36 18 18 15 6 15 12 6 9 6 6
is_linear=0
shrinkage=0.05


Tree=271
num_leaves=11
num_cat=0
split_feature=4 0 9 9 13 12 11 12 12 15
split_gain=363005 217180 809296 253390 138066 120898 134861 83533.3 31560.4 58987.2
threshold=-11.334504999999996 220.66570000000004 1.0000000180025095e-35 32.150475000000007 0.90531515811053953 2.2236318194103561 80.258494659582638 2.2236318194103561 2.5936450138888891 2022.5000000000002
decision_type=2 2 2 2 2 2 2 2 2 2
left_child=-1 2 4 -3 -2 -5 -7 -6 9 -9
right_child=1 3 -4 5 7 6 -8 8 -10 -11
leaf_value=-16.652189890543621 8.6821616172790375 -16.262089284261069 28.726747258504233 -6.4271387100219748 5.3770161946614587 12.291111298402148 -2.7011685689290359 -11.386941782633468 -0.69561166763305649 -1.4716993967692054
leaf_weight=2.9999999999999991 4.0000000000000062 2.9999999999999991 2.9999999999999991 3.9999999999999982 2.9999999999999991 3 3 2.9999999999999982 4 3
leaf_count=3 4 3 3 4 3 3 3 3 4 3
internal_value=6.78831e-08 1.51384 4.78408 -3.51731 0.558901 0.306127 4.79497 -1.94056 -4.13584 -6.42932
internal_weight=36 33 20 13 17 10 6 13 10 6
internal_count=36 33 20 13 17 10 6 13 10 6
is_linear=0
shrinkage=0.05


Tree=272
num_leaves=11
num_cat=0
split_feature=11 1 16 6 13 13 11 15 1 0
split_gain=349602 447153 432969 343545 329827 134165 54820.6 59971.8 31747.2 6297.61
threshold=64.236891110942281 785.36652500000002 27.500000000000004 2238.4421600000005 0.94229896360356313 1.3200699465574621 75.043804902777794 2022.5000000000002 3724.9297600000009 743.39287000000013
decision_type=2 2 2 2 2 2 2 2 2 2
left_child=2 5 3 8 -5 6 9 -8 -1 -2
right_child=1 -3 -4 4 -6 -7 7 -9 -10 -11
leaf_value=-2.0629344177246085 2.7210487365722633 -22.548926417032877 22.267175547281902 22.449723052978516 -0.99620526631673156 -10.860365788141888 2.5807678858439123 -7.4168835322062154 -8.0391851425170895 5.9608037948608388
leaf_weight=5.0000000000000018 3.0000000000000018 2.9999999999999991 2.9999999999999991 2.9999999999999991 3 2.9999999999999991 3 3 4 3
leaf_count=5 3 3 3 3 3 3 3 3 4 3
internal_value=3.84119e-08 -4.92726 4.92726 1.45928 10.7268 -1.40293 0.961434 -2.41806 -4.71905 4.34093
internal_weight=36 18 18 15 6 15 12 6 9 6
internal_count=36 18 18 15 6 15 12 6 9 6
is_linear=0
shrinkage=0.05


Tree=273
num_leaves=10
num_cat=0
split_feature=17 12 12 14 15 12 12 14 12
split_gain=362251 293000 522595 139242 151654 77394.3 92468.2 34852.6 16804.4
threshold=9.6500000000000021 2.3908275892027597 2.5589999483969001 6.5000000000000009 2023.5000000000002 2.2236318194103561 2.0779023923196305 4.5000000000000009 2.1751164832962302
decision_type=2 2 2 2 2 2 2 2 2
left_child=-1 3 -3 4 -2 6 -5 -4 -8
right_child=1 2 7 5 -6 -7 8 -9 -10
leaf_value=-16.634895579020181 -1.7627254515886293 19.961441154479981 2.5834990692138677 5.5862618128458683 -16.634247207641597 7.6921700159708664 -2.5186953226725257 -3.678225994110107 -7.8108922322591132
leaf_weight=2.9999999999999991 4.0000000000000027 4.9999999999999991 4.9999999999999982 2.9999999999999982 3 2.9999999999999991 3 4 3
leaf_count=3 4 5 5 3 3 3 3 4 3
internal_value=-5.62933e-09 1.51226 7.00084 -2.53195 -8.13623 0.737211 -1.58111 -0.19949 -5.16479
internal_weight=36 33 14 19 7 12 9 9 6
internal_count=36 33 14 19 7 12 9 9 6
is_linear=0
shrinkage=0.05


Tree=274
num_leaves=11
num_cat=0
split_feature=4 0 9 9 3 11 12 11 2 15
split_gain=333884 191903 732418 216889 126017 144662 105750 125094 52083.9 7539.94
threshold=-11.334504999999996 220.66570000000004 1.0000000180025095e-35 32.150475000000007 14.528775000000003 64.236891110942281 2.2236318194103561 80.258494659582638 10.94469346527778 2023.5000000000002
decision_type=2 2 2 2 2 2 2 2 2 2
left_child=-1 2 4 -3 -2 8 -5 -8 9 -6
right_child=1 3 -4 6 5 -7 7 -9 -10 -11
leaf_value=-15.970295206705728 8.2671093940734721 -15.068609746297202 27.302982139587403 -6.037422943115236 -9.4891949971516958 7.7482549031575516 11.67768194278081 -2.7614831924438472 -0.35099368095397943 -5.9442598978678376
leaf_weight=2.9999999999999991 4.0000000000000062 2.9999999999999991 2.9999999999999991 3.9999999999999982 2.9999999999999982 2.9999999999999991 3 3 4 3
leaf_count=3 4 3 3 4 3 3 3 3 4 3
internal_value=-3.01335e-08 1.45184 4.52589 -3.27746 0.506404 -1.88151 0.25989 4.4581 -4.77043 -7.71673
internal_weight=36 33 20 13 17 13 10 6 10 6
internal_count=36 33 20 13 17 13 10 6 10 6
is_linear=0
shrinkage=0.05


Tree=275
num_leaves=11
num_cat=0
split_feature=11 0 11 16 3 13 12 11 2 15
split_gain=322487 415345 413200 502069 321421 325388 132077 129066 52118.2 6804.79
threshold=64.236891110942281 53.678430000000006 71.657273419717583 18.500000000000004 14.528775000000003 0.94229896360356313 2.2236318194103561 75.043804902777794 10.94469346527778 2023.5000000000002
decision_type=2 2 2 2 2 2 2 2 2 2
left_child=1 4 3 -2 5 -1 -4 -8 9 -6
right_child=2 -3 6 -5 8 -7 7 -9 -10 -11
leaf_value=21.943588765462216 -0.98218592007954797 21.71568069458008 -5.5822482299804701 -29.909356689453116 -9.0147351582845072 -1.3440512339274084 12.897354825337723 -0.82201867103576642 0.74052327473958313 -5.6470469156901029
leaf_weight=3.0000000000000027 3.0000000000000027 2.9999999999999991 4.9999999999999982 3 2.9999999999999982 3 3 4 3 3
leaf_count=3 3 3 5 3 3 3 3 4 3 3
internal_value=-2.51664e-08 4.73233 -4.73233 -15.4458 1.33566 10.2998 0.624396 5.05771 -4.64042 -7.33089
internal_weight=36 18 18 6 15 6 12 7 9 6
internal_count=36 18 18 6 15 6 12 7 9 6
is_linear=0
shrinkage=0.05


Tree=276
num_leaves=11
num_cat=0
split_feature=4 1 1 11 13 13 17 13 17 12
split_gain=310655 175191 892088 141683 134001 98804.5 61485.9 48249.8 82956.7 26330.5
threshold=-11.334504999999996 356.60882500000002 785.36652500000002 65.624235959823366 0.90531515811053953 1.1961237880861357 14.350000000000001 0.97347757341424435 11.600000000000001 2.5589999483969001
decision_type=2 2 2 2 2 2 2 2 2 2
left_child=-1 3 -3 -2 -4 6 -5 -6 -9 -10
right_child=1 2 4 5 7 -7 -8 8 9 -11
leaf_value=-15.404743703206382 -12.475284870465597 29.548153050740524 7.7617559432983398 -7.5020939350128195 -8.2970025380452466 7.5215055465698217 1.2647370338439938 5.8136901855468768 -7.6816790262858055 -1.0571706136067707
leaf_weight=2.9999999999999991 2.9999999999999991 3.0000000000000027 3.9999999999999991 3.9999999999999982 2.9999999999999991 3 4 2.9999999999999982 3 3
leaf_count=3 3 3 4 4 3 3 4 3 3 3
internal_value=7.28501e-09 1.40043 4.52763 -2.84363 -0.163716 -0.21681 -3.11868 -2.80554 -0.975053 -4.36942
internal_weight=36 33 19 14 16 11 8 12 9 6
internal_count=36 33 19 14 16 11 8 12 9 6
is_linear=0
shrinkage=0.05


Tree=277
num_leaves=10
num_cat=0
split_feature=17 12 12 14 15 12 12 14 12
split_gain=308483 264978 470033 124923 107571 63652.2 90500.4 25840.3 12882.2
threshold=9.6500000000000021 2.3908275892027597 2.5589999483969001 6.5000000000000009 2023.5000000000002 2.2236318194103561 2.0779023923196305 4.5000000000000009 2.1751164832962302
decision_type=2 2 2 2 2 2 2 2 2
left_child=-1 3 -3 4 -2 6 -5 -4 -8
right_child=1 2 7 5 -6 -7 8 -9 -10
leaf_value=-15.350792821248374 -2.3908997535705545 18.906583137512207 2.182720413208008 5.6343181610107438 -14.915840530395503 6.9534203211466483 -2.684921773274739 -3.2089707851409908 -7.3185302734374975
leaf_weight=2.9999999999999991 4.0000000000000027 4.9999999999999991 4.9999999999999982 2.9999999999999982 3 2.9999999999999991 3 4 3
leaf_count=3 4 5 5 3 3 3 3 4 3
internal_value=-1.43051e-07 1.39553 6.61505 -2.45043 -7.75873 0.646072 -1.45638 -0.213587 -5.00173
internal_weight=36 33 14 19 7 12 9 9 6
internal_count=36 33 14 19 7 12 9 9 6
is_linear=0
shrinkage=0.05


Tree=278
num_leaves=10
num_cat=0
split_feature=11 13 16 16 4 13 11 12 1
split_gain=296231 395129 369373 438110 724241 120578 51868.4 34922.3 877.181
threshold=64.236891110942281 0.97347757341424435 9.5000000000000018 12.500000000000002 -1.0000000180025095e-35 1.3200699465574621 75.043804902777794 2.3700680835086492 13.446980000000003
decision_type=2 2 2 2 2 2 2 2 2
left_child=2 -2 -1 -4 7 6 8 -5 -3
right_child=1 5 3 4 -6 -7 -8 -9 -10
leaf_value=-7.013629379272456 -18.394758892059311 5.5862674077351908 25.735879580179855 -0.7808636983235675 24.50429039001466 -9.4612051645914725 -1.9136548995971676 -7.9172728538513173 4.3771485010782873
leaf_weight=5.0000000000000027 4.0000000000000027 2.9999999999999982 2.9999999999999991 3 2.9999999999999982 2.9999999999999991 5 4 3
leaf_count=5 4 3 3 3 3 3 5 4 3
internal_value=7.41747e-08 -4.53559 4.53559 8.9776 3.95012 -0.575832 1.84745 -4.85881 4.98171
internal_weight=36 18 18 13 10 14 11 7 6
internal_count=36 18 18 13 10 14 11 7 6
is_linear=0
shrinkage=0.05


Tree=279
num_leaves=11
num_cat=0
split_feature=17 12 12 14 15 12 12 11 12 1
split_gain=282596 244301 407495 105304 104611 57327.2 70696.9 28693.8 14333.1 872.477
threshold=9.6500000000000021 2.3908275892027597 2.5589999483969001 6.5000000000000009 2023.5000000000002 2.2236318194103561 2.0779023923196305 71.657273419717583 2.1751164832962302 3724.9297600000009
decision_type=2 2 2 2 2 2 2 2 2 2
left_child=-1 3 -3 4 -2 6 -5 9 -8 -4
right_child=1 2 7 5 -6 -7 8 -9 -10 -11
leaf_value=-14.692589569091798 -1.9373936653137189 17.792110176086425 -2.6099669138590507 4.7576143900553403 -14.288811492919919 6.4715869267781576 -2.1991875966389971 3.9818929672241197 -7.0867664972941062 -1.4040945688883459
leaf_weight=2.9999999999999991 4.0000000000000027 4.9999999999999991 2.9999999999999982 2.9999999999999982 3 2.9999999999999991 3 3 3 3
leaf_count=3 4 5 3 3 3 3 3 3 3 3
internal_value=2.54313e-07 1.33569 6.34743 -2.35717 -7.23086 0.485812 -1.50945 -0.0107228 -4.64298 -2.00703
internal_weight=36 33 14 19 7 12 9 9 6 6
internal_count=36 33 14 19 7 12 9 9 6 6
is_linear=0
shrinkage=0.05


Tree=280
num_leaves=10
num_cat=0
split_feature=3 14 13 16 13 17 17 13 11
split_gain=285878 593843 286053 198615 500007 162167 54293.7 15643.4 19972.4
threshold=14.528775000000003 10.500000000000002 0.94229896360356313 27.500000000000004 1.2514719605733744 11.600000000000001 14.350000000000001 1.1724470252052888 58.923948362859164
decision_type=2 2 2 2 2 2 2 2 2
left_child=2 3 -1 5 -5 -2 7 -7 -9
right_child=1 -3 -4 4 -6 6 -8 8 -10
leaf_value=20.880452982584636 9.3167652765909494 -17.722676925659183 -0.9542535146077471 -5.3498514175415046 23.517866007486973 -7.5858837127685552 1.6935933470726015 -6.2545759677886954 -1.2580218791961668
leaf_weight=2.9999999999999991 3.0000000000000098 4.9999999999999991 3 2.9999999999999991 3 3.9999999999999991 3.9999999999999991 4 4
leaf_count=3 3 5 3 3 3 4 4 4 4
internal_value=1.457e-08 -1.99262 9.9631 1.15339 9.08401 -1.35101 -3.35122 -5.03283 -3.7563
internal_weight=36 30 6 25 6 19 16 12 8
internal_count=36 30 6 25 6 19 16 12 8
is_linear=0
shrinkage=0.05


Tree=281
num_leaves=10
num_cat=0
split_feature=4 0 9 9 13 13 11 12 17
split_gain=280950 157909 562310 175900 117809 78491.6 60072.6 52540.8 23827
threshold=-11.334504999999996 220.66570000000004 1.0000000180025095e-35 32.150475000000007 0.90531515811053953 1.1724470252052888 57.014233817204307 2.4591933961852441 14.350000000000001
decision_type=2 2 2 2 2 2 2 2 2
left_child=-1 2 4 -3 -2 8 -6 -8 -5
right_child=1 3 -4 5 6 -7 7 -9 -10
leaf_value=-14.6497189839681 8.1021056175231791 -13.576913452148439 24.077835210164391 -6.5403826395670599 -7.915933100382488 5.6527188539504998 3.7754533195495612 -3.4730501937866212 -0.23865845998128249
leaf_weight=2.9999999999999991 4.0000000000000062 2.9999999999999991 2.9999999999999991 2.9999999999999982 2.9999999999999991 4 4.9999999999999982 5 3
leaf_count=3 4 3 3 3 3 4 5 5 3
internal_value=-2.11928e-08 1.33179 4.12031 -2.95823 0.598391 0.227375 -1.71044 0.151202 -3.38952
internal_weight=36 33 20 13 17 10 13 10 6
internal_count=36 33 20 13 17 10 13 10 6
is_linear=0
shrinkage=0.05


Tree=282
num_leaves=11
num_cat=0
split_feature=11 1 13 3 13 13 3 2 2 4
split_gain=283847 356486 324160 275761 261969 97467.2 41761.9 34562.1 34291.7 12126
threshold=64.236891110942281 785.36652500000002 1.3200699465574621 14.528775000000003 0.94229896360356313 1.3200699465574621 34.687360000000005 23.056992145833338 10.94469346527778 -2.261744999999999
decision_type=2 2 2 2 2 2 2 2 2 2
left_child=2 5 3 4 -1 6 7 -2 9 -5
right_child=1 -3 -4 8 -6 -7 -8 -9 -10 -11
leaf_value=20.189719899495419 2.4834874153137192 -20.17380927403768 19.443472290039065 -4.0309096018473296 -0.70560073852539051 -9.3538702885309863 5.8311890920003258 -3.7520877456665036 0.26842848459879554 -8.526455052693688
leaf_weight=3.0000000000000027 4.0000000000000018 2.9999999999999991 2.9999999999999991 3 3 2.9999999999999991 2.9999999999999991 5 3 2.9999999999999982
leaf_count=3 4 3 3 3 3 3 3 5 3 3
internal_value=1.49012e-07 -4.43978 4.43978 1.43904 9.74206 -1.29297 0.722257 -0.980721 -4.09631 -6.27868
internal_weight=36 18 18 15 6 15 12 9 9 6
internal_count=36 18 18 15 6 15 12 9 9 6
is_linear=0
shrinkage=0.05


Tree=283
num_leaves=11
num_cat=0
split_feature=4 12 15 2 14 13 12 17 2 1
split_gain=265976 148576 368690 184912 78327.7 74754 76028.7 34739.4 14463 10431.5
threshold=-11.334504999999996 2.3700680835086492 2023.5000000000002 8.455845826164877 6.5000000000000009 1.1724470252052888 2.0779023923196305 12.800000000000002 16.816404825268823 785.36652500000002
decision_type=2 2 2 2 2 2 2 2 2 2
left_child=-1 4 3 -3 8 6 -6 -5 -2 -8
right_child=1 2 -4 7 5 -7 9 -9 -10 -11
leaf_value=-14.253992970784507 -3.976498031616206 10.830162175496419 17.970334053039551 -7.979514439900715 4.7860906600952164 7.4007291158040367 -7.0473612467447895 -1.1736949157714842 -8.8861765861511213 -2.8777244885762525
leaf_weight=2.9999999999999991 3.0000000000000027 2.9999999999999991 3.9999999999999991 3 2.9999999999999982 2.9999999999999991 3 5 3 3
leaf_count=3 3 3 4 3 3 3 3 5 3 3
internal_value=1.1656e-07 1.29582 4.97099 0.243952 -1.76682 0.565434 -1.713 -3.72588 -6.43134 -4.96254
internal_weight=36 33 15 11 18 12 9 8 6 6
internal_count=36 33 15 11 18 12 9 8 6 6
is_linear=0
shrinkage=0.05


Tree=284
num_leaves=11
num_cat=0
split_feature=11 1 16 16 4 13 12 3 15 1
split_gain=253633 323234 312518 350103 566137 78658.8 37553 36870.1 35918.9 32115.6
threshold=64.236891110942281 785.36652500000002 9.5000000000000018 12.500000000000002 -1.0000000180025095e-35 1.3200699465574621 2.3700680835086492 34.687360000000005 2023.5000000000002 0.65214000000000005
decision_type=2 2 2 2 2 2 2 2 2 2
left_child=2 5 -1 -4 6 7 -5 8 9 -2
right_child=1 -3 3 4 -6 -7 -8 -9 -10 -11
leaf_value=-6.4264312744140586 -2.4146636327107727 -19.179096857706707 23.263531176249188 0.22891337076822912 21.961144892374683 -8.4418678681055717 -7.1714142799377427 5.4103946685791016 -5.4572343190511052 4.9014831542968738
leaf_weight=5.0000000000000027 3.0000000000000018 2.9999999999999991 2.9999999999999991 3 2.9999999999999982 2.9999999999999991 4 2.9999999999999991 3 3
leaf_count=5 3 3 3 3 3 3 4 3 3 3
internal_value=7.28501e-09 -4.19683 4.19683 8.2827 3.78845 -1.20038 -3.99985 0.609995 -0.990138 1.24341
internal_weight=36 18 18 13 10 15 7 12 9 6
internal_count=36 18 18 13 10 15 7 12 9 6
is_linear=0
shrinkage=0.05


Tree=285
num_leaves=11
num_cat=0
split_feature=17 12 12 14 15 12 12 0 12 13
split_gain=243594 211105 343827 86650.8 106191 46968.6 55193.5 29990.7 11679.5 1081.54
threshold=9.6500000000000021 2.3908275892027597 2.5589999483969001 6.5000000000000009 2023.5000000000002 2.2236318194103561 2.0779023923196305 2.6978750000000011 2.1751164832962302 1.1961237880861357
decision_type=2 2 2 2 2 2 2 2 2 2
left_child=-1 3 -3 4 -2 6 -5 -4 -8 -9
right_child=1 2 7 5 -6 -7 8 9 -10 -11
leaf_value=-13.641067377726237 -1.2804188787937154 16.411557006835938 4.1403979619344087 4.1176138559977229 -13.724780654907224 5.8042702356974285 -1.9825163523356115 -1.3110806147257483 -6.3945313135782866 -2.6536748886108392
leaf_weight=2.9999999999999991 4.0000000000000027 4.9999999999999991 2.9999999999999982 2.9999999999999982 3 2.9999999999999991 3 3 3 3
leaf_count=3 4 5 3 3 3 3 3 3 3 3
internal_value=5.76178e-08 1.2401 5.89891 -2.19271 -6.61372 0.386209 -1.41981 0.0585475 -4.18852 -1.98238
internal_weight=36 33 14 19 7 12 9 9 6 6
internal_count=36 33 14 19 7 12 9 9 6 6
is_linear=0
shrinkage=0.05


Tree=286
num_leaves=11
num_cat=0
split_feature=3 4 13 13 11 2 13 17 4 13
split_gain=245550 498901 228986 138037 75844.8 90138.9 137293 46911.3 20782.5 17989.5
threshold=14.528775000000003 -4.994794999999999 0.94229896360356313 1.4706759625324868 64.236891110942281 16.816404825268823 1.2514719605733744 14.350000000000001 -1.0000000180025095e-35 1.1210109087005007
decision_type=2 2 2 2 2 2 2 2 2 2
left_child=2 -2 -1 4 8 -6 7 9 -3 -7
right_child=1 3 -4 -5 5 6 -8 -9 -10 -11
leaf_value=19.001508076985679 -18.285651671886427 -7.3337286949157701 -0.53420054117838534 10.7698605855306 9.0779815038045246 -3.4098551432291679 8.8441585540771488 0.84275174140930165 -1.82847150166829 -8.8854764302571585
leaf_weight=2.9999999999999991 4.0000000000000027 4 3 2.9999999999999991 2.9999999999999991 2.9999999999999982 2.9999999999999991 4 3.0000000000000062 3
leaf_count=3 4 4 3 3 3 3 3 4 3 3
internal_value=2.25173e-08 -1.84673 9.23365 0.682334 -0.63343 1.26571 -0.537116 -3.3515 -4.97433 -6.14767
internal_weight=36 30 6 26 23 16 13 10 7 6
internal_count=36 30 6 26 23 16 13 10 7 6
is_linear=0
shrinkage=0.05


Tree=287
num_leaves=11
num_cat=0
split_feature=4 0 9 9 13 13 13 17 12 7
split_gain=243409 141427 484770 151514 107975 68048 54450.8 163555 24197 22226.4
threshold=-11.334504999999996 220.66570000000004 1.0000000180025095e-35 32.150475000000007 0.90531515811053953 1.1724470252052888 0.97347757341424435 11.600000000000001 2.5589999483969001 410.31663500000008
decision_type=2 2 2 2 2 2 2 2 2 2
left_child=-1 2 4 -3 -2 9 -6 -8 -9 -5
right_child=1 3 -4 5 6 -7 7 8 -10 -11
leaf_value=-13.635896046956383 7.7922288417816024 -12.675516891479493 22.409094079335532 -0.18828258514404306 -6.4557662844657902 5.1877512395381915 10.08769289652507 -7.3859254201253242 -1.0354600906372067 -6.2746584574381501
leaf_weight=2.9999999999999991 4.0000000000000062 2.9999999999999991 2.9999999999999991 2.9999999999999982 3.9999999999999991 4 2.9999999999999982 3 3 3
leaf_count=3 4 3 3 3 4 4 3 3 3 3
internal_value=-6.55651e-08 1.23963 3.8786 -2.82034 0.608516 0.136218 -1.60186 0.555436 -4.21069 -3.23147
internal_weight=36 33 20 13 17 10 13 9 6 6
internal_count=36 33 20 13 17 10 13 9 6 6
is_linear=0
shrinkage=0.05


Tree=288
num_leaves=10
num_cat=0
split_feature=11 11 16 16 16 4 12 11 12
split_gain=235928 299803 353706 283788 302305 480725 85515.7 93322.4 32252.6
threshold=64.236891110942281 71.657273419717583 18.500000000000004 9.5000000000000018 12.500000000000002 -1.0000000180025095e-35 2.2236318194103561 80.258494659582638 2.3700680835086492
decision_type=2 2 2 2 2 2 2 2 2
left_child=3 2 -2 -1 -5 8 -3 -8 -6
right_child=1 6 -4 4 5 -7 7 -9 -10
leaf_value=-6.0754944610595665 -1.0335010528564441 -4.4790460586547862 -25.313328552246087 21.861920579274496 0.5072247187296548 20.510859171549484 9.082155084609985 -2.5838305155436192 -6.3509867668151845
leaf_weight=5.0000000000000027 3.0000000000000027 4.9999999999999982 3 2.9999999999999991 3 2.9999999999999982 4 3 4
leaf_count=5 3 5 3 3 3 3 4 3 4
internal_value=1.03315e-07 -4.0477 -13.1734 4.0477 7.94124 3.76503 0.515158 4.08245 -3.41175
internal_weight=36 18 6 18 13 10 12 7 7
internal_count=36 18 6 18 13 10 12 7 7
is_linear=0
shrinkage=0.05


Tree=289
num_leaves=11
num_cat=0
split_feature=4 12 15 2 14 13 12 17 2 1
split_gain=214171 121041 306284 152159 71092.1 59321 56570.5 24545.2 10972.7 7778.02
threshold=-11.334504999999996 2.3700680835086492 2023.5000000000002 8.455845826164877 6.5000000000000009 1.1724470252052888 2.0779023923196305 12.800000000000002 16.816404825268823 785.36652500000002
decision_type=2 2 2 2 2 2 2 2 2 2
left_child=-1 4 3 -3 8 6 -6 -5 -2 -8
right_child=1 2 -4 7 5 -7 9 -9 -10 -11
leaf_value=-12.79072774251302 -3.9071685791015578 9.7745347340901692 16.32820477485657 -7.0050510406494126 4.1968052705128995 6.7093671162923174 -6.0125351587931304 -1.2843019866943359 -8.1835944096247335 -2.4120669047037757
leaf_weight=2.9999999999999991 3.0000000000000027 2.9999999999999991 3.9999999999999991 3 2.9999999999999982 2.9999999999999991 3 5 3 3
leaf_count=3 3 3 4 3 3 3 3 5 3 3
internal_value=-2.71532e-08 1.16279 4.47998 0.17154 -1.60153 0.620393 -1.40927 -3.42958 -6.04538 -4.2123
internal_weight=36 33 15 11 18 12 9 8 6 6
internal_count=36 33 15 11 18 12 9 8 6 6
is_linear=0
shrinkage=0.05


Tree=290
num_leaves=11
num_cat=0
split_feature=3 4 13 13 11 2 13 17 13 12
split_gain=219038 438450 207384 128179 62681.6 69365.1 105592 34436.8 15976.3 14050.4
threshold=14.528775000000003 -4.994794999999999 0.94229896360356313 1.4706759625324868 64.236891110942281 16.816404825268823 1.2514719605733744 14.350000000000001 1.1210109087005007 2.5589999483969001
decision_type=2 2 2 2 2 2 2 2 2 2
left_child=2 -2 -1 4 9 -6 7 8 -7 -3
right_child=1 3 -4 -5 5 6 -8 -9 -10 -11
leaf_value=18.016658782958984 -17.155020618438709 -6.5274524688720597 -0.57475814819335924 10.347360229492189 7.9384609222412115 -2.780018107096355 7.7309909820556646 0.62920536994934073 -7.9401655832926412 -2.00083999633789
leaf_weight=2.9999999999999991 4.0000000000000027 4.0000000000000062 3 2.9999999999999991 2.9999999999999991 2.9999999999999982 2.9999999999999991 4 3 3
leaf_count=3 4 4 3 3 3 3 3 4 3 3
internal_value=-1.00666e-07 -1.74419 8.72095 0.626707 -0.641205 1.08529 -0.496212 -2.96437 -5.36009 -4.58748
internal_weight=36 30 6 26 23 16 13 10 6 7
internal_count=36 30 6 26 23 16 13 10 6 7
is_linear=0
shrinkage=0.05


Tree=291
num_leaves=11
num_cat=0
split_feature=11 1 16 13 13 12 11 11 9 0
split_gain=214271 285532 274135 208547 76971.4 39013.4 58633 34451.3 35631.4 1854.1
threshold=64.236891110942281 785.36652500000002 27.500000000000004 0.94229896360356313 1.3200699465574621 2.5936450138888891 57.014233817204307 75.043804902777794 417.82786000000004 743.39287000000013
decision_type=2 2 2 2 2 2 2 2 2 2
left_child=2 4 3 -1 7 6 -5 9 -9 -2
right_child=1 -3 -4 5 -6 -7 -8 8 -10 -11
leaf_value=9.4355624246597216 2.5497903188069642 -17.938860448201499 17.654979960123697 -10.399347686767582 -8.2045702377955134 1.6996583302815751 -1.1523775100708007 1.9237227121988927 -5.782486915588378 4.3076795578002915
leaf_weight=5.0000000000000027 3.0000000000000018 2.9999999999999991 2.9999999999999991 2.9999999999999982 2.9999999999999991 3 4 3 3 3
leaf_count=5 3 3 3 3 3 3 4 3 3 3
internal_value=-3.17891e-08 -3.85745 3.85745 1.09795 -1.04117 -3.07086 -5.11536 0.749676 -1.92938 3.42873
internal_weight=36 18 18 15 15 10 7 12 6 6
internal_count=36 18 18 15 15 10 7 12 6 6
is_linear=0
shrinkage=0.05


Tree=292
num_leaves=11
num_cat=0
split_feature=4 0 9 9 3 12 12 11 2 0
split_gain=203936 114205 412208 116942 77990.6 150202 53518.5 72321.5 44651.2 49891.2
threshold=-11.334504999999996 220.66570000000004 1.0000000180025095e-35 32.150475000000007 19.023425 2.3700680835086492 2.2236318194103561 80.258494659582638 10.94469346527778 20.133325000000003
decision_type=2 2 2 2 2 2 2 2 2 2
left_child=-1 2 4 -3 5 -2 -5 -8 -6 -10
right_child=1 3 -4 6 8 -7 7 -9 9 -11
leaf_value=-12.48136698404948 -2.8348132451375259 -11.171826807657879 20.593560171127322 -4.3961598873138437 -5.500146789550783 12.987191390991208 8.5597642739613828 -2.4191141764322914 5.4569184978802987 -3.6618554433186841
leaf_weight=2.9999999999999991 3.0000000000000062 2.9999999999999991 2.9999999999999991 3.9999999999999982 4.9999999999999982 3 3 3 3 3
leaf_count=3 3 3 3 4 5 3 3 3 3 3
internal_value=-1.29143e-08 1.13467 3.50611 -2.51371 0.490682 5.07619 0.0837311 3.07033 -2.0105 0.897532
internal_weight=36 33 20 13 17 6 10 6 11 6
internal_count=36 33 20 13 17 6 10 6 11 6
is_linear=0
shrinkage=0.05


Tree=293
num_leaves=11
num_cat=0
split_feature=17 12 12 14 15 12 12 0 12 13
split_gain=201327 173691 306011 78822.9 76841.6 41614.6 45603.7 20617.7 10458.7 394.381
threshold=9.6500000000000021 2.3908275892027597 2.5589999483969001 6.5000000000000009 2023.5000000000002 2.2236318194103561 2.0779023923196305 2.6978750000000011 2.1751164832962302 1.1961237880861357
decision_type=2 2 2 2 2 2 2 2 2 2
left_child=-1 3 -3 4 -2 6 -5 -4 -8 -9
right_child=1 2 7 5 -6 -7 8 9 -10 -11
leaf_value=-12.401275889078777 -1.6661834239959703 15.270933837890624 3.2278349876403816 3.8067295710245781 -12.252054341634112 5.5731894175211592 -1.655879656473795 -1.4434218724568681 -5.8309397061665837 -2.2541628519694004
leaf_weight=2.9999999999999991 4.0000000000000027 4.9999999999999991 2.9999999999999982 2.9999999999999982 3 2.9999999999999991 3 3 3 3
leaf_count=3 4 5 3 3 3 3 3 3 3 3
internal_value=-1.53648e-07 1.12739 5.35324 -1.9864 -6.20299 0.473275 -1.2267 -0.156583 -3.74341 -1.84879
internal_weight=36 33 14 19 7 12 9 9 6 6
internal_count=36 33 14 19 7 12 9 9 6 6
is_linear=0
shrinkage=0.05


Tree=294
num_leaves=11
num_cat=0
split_feature=11 1 16 6 13 13 11 9 1 0
split_gain=197250 260206 237651 202621 183793 69803.5 31226.5 31363.4 10008.6 1511.48
threshold=64.236891110942281 785.36652500000002 27.500000000000004 2238.4421600000005 0.94229896360356313 1.3200699465574621 75.043804902777794 417.82786000000004 3724.9297600000009 743.39287000000013
decision_type=2 2 2 2 2 2 2 2 2 2
left_child=2 5 3 8 -5 6 9 -8 -1 -2
right_child=1 -3 -4 4 -6 -7 7 -9 -10 -11
leaf_value=-2.1217303180694569 2.4498460133870421 -17.14350035985311 16.547692362467448 17.000014750162759 -0.50203590393066388 -7.834293063481649 1.7572303771972653 -5.4727322896321597 -5.4772685527801501 4.0370217005411773
leaf_weight=5.0000000000000018 3.0000000000000018 2.9999999999999991 2.9999999999999991 2.9999999999999991 3 2.9999999999999991 3 3 4 3
leaf_count=5 3 3 3 3 3 3 3 3 4 3
internal_value=1.37753e-07 -3.70107 3.70107 1.13175 8.24899 -1.01259 0.692841 -1.85775 -3.61308 3.24343
internal_weight=36 18 18 15 6 15 12 6 9 6
internal_count=36 18 18 15 6 15 12 6 9 6
is_linear=0
shrinkage=0.05


end of trees

feature_importances:
solar_mj_mean=510
wind_speed_mean=456
humidity_mean=341
months_since_start=251
daylight_hours=202
hdh_total=194
month=187
year=153
temp_min=137
cdh_total=120
temp_max=117
temp_mean=62
cdh_night=49
hdh_daytime=14
temp_loss=13
cdh_evening=8
hdh_evening=4
cdh_daytime=2

parameters:
[boosting: gbdt]
[objective: regression]
[metric: mape]
[tree_learner: serial]
[device_type: cpu]
[data_sample_strategy: bagging]
[data: ]
[valid: ]
[num_iterations: 300]
[learning_rate: 0.05]
[num_leaves: 15]
[num_threads: 0]
[seed: 0]
[deterministic: 0]
[force_col_wise: 0]
[force_row_wise: 0]
[histogram_pool_size: -1]
[max_depth: -1]
[min_data_in_leaf: 3]
[min_sum_hessian_in_leaf: 0.001]
[bagging_fraction: 1]
[pos_bagging_fraction: 1]
[neg_bagging_fraction: 1]
[bagging_freq: 0]
[bagging_seed: 3]
[bagging_by_query: 0]
[feature_fraction: 1]
[feature_fraction_bynode: 1]
[feature_fraction_seed: 2]
[extra_trees: 0]
[extra_seed: 6]
[early_stopping_round: 0]
[early_stopping_min_delta: 0]
[first_metric_only: 0]
[max_delta_step: 0]
[lambda_l1: 0]
[lambda_l2: 0]
[linear_lambda: 0]
[min_gain_to_split: 0]
[drop_rate: 0.1]
[max_drop: 50]
[skip_drop: 0.5]
[xgboost_dart_mode: 0]
[uniform_drop: 0]
[drop_seed: 4]
[top_rate: 0.2]
[other_rate: 0.1]
[min_data_per_group: 100]
[max_cat_threshold: 32]
[cat_l2: 10]
[cat_smooth: 10]
[max_cat_to_onehot: 4]
[top_k: 20]
[monotone_constraints: ]
[monotone_constraints_method: basic]
[monotone_penalty: 0]
[feature_contri: ]
[forcedsplits_filename: ]
[refit_decay_rate: 0.9]
[cegb_tradeoff: 1]
[cegb_penalty_split: 0]
[cegb_penalty_feature_lazy: ]
[cegb_penalty_feature_coupled: ]
[path_smooth: 0]
[interaction_constraints: ]
[verbosity: -1]
[saved_feature_importance_type: 0]
[use_quantized_grad: 0]
[num_grad_quant_bins: 4]
[quant_train_renew_leaf: 0]
[stochastic_rounding: 1]
[linear_tree: 0]
[max_bin: 255]
[max_bin_by_feature: ]
[min_data_in_bin: 3]
[bin_construct_sample_cnt: 200000]
[data_random_seed: 1]
[is_enable_sparse: 1]
[enable_bundle: 1]
[use_missing: 1]
[zero_as_missing: 0]
[feature_pre_filter: 1]
[pre_partition: 0]
[two_round: 0]
[header: 0]
[label_column: ]
[weight_column: ]
[group_column: ]
[ignore_column: ]
[categorical_feature: ]
[forcedbins_filename: ]
[precise_float_parser: 0]
[parser_config_file: ]
[objective_seed: 5]
[num_class: 1]
[is_unbalance: 0]
[scale_pos_weight: 1]
[sigmoid: 1]
[boost_from_average: 1]
[reg_sqrt: 0]
[alpha: 0.9]
[fair_c: 1]
[poisson_max_delta_step: 0.7]
[tweedie_variance_power: 1.5]
[lambdarank_truncation_level: 30]
[lambdarank_norm: 1]
[label_gain: ]
[lambdarank_position_bias_regularization: 0]
[eval_at: ]
[multi_error_top_k: 1]
[auc_mu_weights: ]
[num_machines: 1]
[local_listen_port: 12400]
[time_out: 120]
[machine_list_filename: ]
[machines: ]
[gpu_platform_id: -1]
[gpu_device_id: -1]
[gpu_use_dp: 0]
[num_gpu: 1]

end of parameters

pandas_categorical:[]
